tree
version=v4
num_class=1
num_tree_per_iteration=1
label_index=0
max_feature_idx=11
objective=lambdarank
feature_names=log_global_frequency log_prefix_frequency log_last_word_frequency context_word_cosine neural_next_word_logit log_history_word_frequency log_history_prefix_frequency recent_history_weight history_context_cosine prefix_length history_size global_recency
feature_infos=[1.9459100961685181:9.5946502685546875] [0:5.2470240592956543] [0:6.1944055557250977] [-0.61052966117858887:0.81505823135375977] [-12.020503997802734:15.663690567016602] [0:4.2484951019287109] [0:3.5835189819335938] [0:49.09210205078125] [-0.76833164691925049:0.82887852191925049] [2:31] [0:50] [0.00021155823196750134:0.99896711111068726]
tree_sizes=1786 1784 1780 1784 1783 1781 1781 1782 1788 1779 1788 1791 1778 1785 1795 1779 1780 1793 1791 1768 1788 1798 1782 1801 1806 1784 1779 1786 1799 1788 1787 1789 1790 1792 1790 1794 1787 1787 1801 1788 1793 1803 1789 1787 1796 1801 1800 1790 1797 1783 1800 1799 1791 1786 1794 1796 1793 1793 1793 1791 1790 1787 1795 1781 1786 1798 1797 1779 1789 1784 1793 1803 1793 1798 1793 1787 1796 1794 1801 1804 1798 1793 1804 1787 1795 1799 1798 1783 1796 1789 1791 1804 1792 1788 1788 1790 1776 1777 1798 1808 1788 1809 1772 1807 1797 1782 1790 1782 1805 1803 1793 1784 1795 1772 1783 1794 1776 1805 1769 1806 1806 1784 1776 1795 1779 1783 1801 1793 1774 1773 1782 1806 1781 1787 1775 1785 1780 1781 1802 1779 1752 1781 1771 1794 1763 1793 1781 1762 1762 1776 1781 1778 1773 1786 1772 1771 1776 1769 1764 1786 1755 1764 1771 1778 1796 1759 1771 1791 1758 1802 1799 1763 1781 1796 1766 1780 1800 1773 1798 1755 1792 1802 1758 1769 1762 1801 1763 1795 1749 1785 1774 1779 1780 1773 1754 1785 1791 1797 1762

Tree=0
num_leaves=15
num_cat=0
split_feature=7 3 4 6 2 2 1 3 3 2 6 7 4 7
split_gain=26119.7 7100.11 6289.12 4767.74 3165.49 1773.99 838.001 453.447 376.83 635.874 340.054 300.802 283.39 237.388
threshold=0.31050854921340948 0.26099558174610143 8.1031985282897967 1.0000000180025095e-35 1.0000000180025095e-35 1.0000000180025095e-35 1.0000000180025095e-35 0.36469548940658575 0.37136363983154302 1.0000000180025095e-35 1.0000000180025095e-35 1.9908543229103091 10.339858531951906 0.00070434875669889163
decision_type=2 2 2 2 2 2 2 2 2 2 2 2 2 2
left_child=2 3 4 5 -1 11 7 13 9 10 -3 -2 -4 -6
right_child=1 8 12 -5 6 -7 -8 -9 -10 -11 -12 -13 -14 -15
leaf_value=-0.093061156751967022 -0.082441139280064926 -0.018925575990705799 0.037176367251361246 0.099536732825582896 -0.050888457458289384 0.062699075249263519 0.06330615770747082 0.0078872885541692341 0.094633719836114474 0.088558747377214253 0.098137738331177671 -0.042385742051175089 0.093481794535091478 0.029501354115340037
leaf_weight=5851.5803932702693 831.95136991879554 276.53923030171427 433.89394237060333 822.79197132447734 1762.7290338476596 348.44841828107019 235.09445788315497 477.65461571913329 5232.0114936745667 744.25790866243187 78.901132803410292 1082.5490307034925 464.59403776016552 96.252389359404333
leaf_count=275505 38039 8584 5131 1393 60499 3166 2003 10237 9795 2337 146 41931 695 1282
internal_value=-3.70468e-09 0.0587271 -0.0593297 -0.00346282 -0.0727431 -0.0409401 -0.0264944 -0.0355526 0.089031 0.062313 0.00726272 -0.0598259 0.0663626 -0.0467125
internal_weight=18739.2 9417.45 9321.8 3085.74 8423.31 2262.95 2571.73 2336.64 6331.71 1099.7 355.44 1914.5 898.488 1858.98
internal_count=460743 105391 355352 84529 349526 83136 74021 72018 20862 11067 8730 79970 5826 61781
is_linear=0
shrinkage=0.05


Tree=1
num_leaves=15
num_cat=0
split_feature=6 4 7 2 2 0 2 0 4 0 0 3 3 4
split_gain=38959.7 18713.2 7607.04 4706.06 3166.69 1271.19 1591.99 1084.25 787.738 759.907 669.882 663.995 416.038 460.001
threshold=1.0000000180025095e-35 8.2872252464294451 0.98801764845848095 1.0000000180025095e-35 1.0000000180025095e-35 9.3328065872192401 0.89587974548339855 9.3328065872192401 7.0274574756622323 6.7661678791046151 6.2995133399963388 0.25130064785480505 0.03618831746280194 5.7176711559295663
decision_type=2 2 2 2 2 2 2 2 2 2 2 2 2 2
left_child=1 2 3 8 7 6 -3 9 -1 12 -6 -5 -4 -14
right_child=-2 5 4 11 10 -7 -8 -9 -10 -11 -12 -13 13 -15
leaf_value=-0.084200415450411958 0.091672997740563519 -0.066755098108638403 -0.041122184225298453 -0.042595553740535488 0.065695325375135144 0.08385449686390653 0.054342491919340846 0.052315905045881045 -0.036202359928271664 -0.080625497388083986 -0.0024707737140992805 -0.0070238075873447136 0.0051740285550072197 -0.045553242986833747
leaf_weight=11141.012666961818 8875.4855335261673 342.55256519280374 1667.4822290185839 2488.3855799915036 1596.7758844397031 2973.3661832613871 1292.5698185428046 433.20939038367942 928.1527084261761 645.15309712511953 465.30257997359149 2774.4813013338717 1683.0207668988733 607.39896385115571
leaf_count=287629 4585 2345 29370 44370 2305 2098 2571 1940 13100 14003 2071 31635 20097 2624
internal_value=8.71378e-10 -0.0280213 -0.0454543 -0.0633086 -0.00185638 0.0643837 0.0289477 -0.0232256 -0.0805125 -0.0303449 0.0503201 -0.0238477 -0.0221306 -0.0082924
internal_weight=37914.3 29038.9 24430.4 17332 7098.34 4608.49 1635.12 5036.26 12069.2 4603.06 2062.08 5262.87 3957.9 2290.42
internal_count=460743 456158 449144 376734 72410 7014 4916 68034 300729 66094 4376 76005 52091 22721
is_linear=0
shrinkage=0.05


Tree=2
num_leaves=15
num_cat=0
split_feature=7 6 3 4 2 2 4 1 7 0 2 5 2 0
split_gain=33461.2 8803.2 7037.43 6521.7 2875.48 2117.37 728.098 690.469 633.44 609.195 730.6 444.578 439.814 402.144
threshold=0.28573660552501684 1.0000000180025095e-35 0.3198364675045014 7.3573253154754648 1.0000000180025095e-35 1.0000000180025095e-35 10.339858531951906 1.0000000180025095e-35 2.8892307281494145 9.3328065872192401 1.0000000180025095e-35 1.0000000180025095e-35 1.0000000180025095e-35 6.2995133399963388
decision_type=2 2 2 2 2 2 2 2 2 2 2 2 2 2
left_child=3 2 5 4 -1 8 12 11 -2 10 -4 -6 -5 -7
right_child=1 -3 9 6 7 13 -8 -9 -10 -11 -12 -13 -14 -15
leaf_value=-0.079499240847721545 -0.053091154687918543 0.084932387530996578 -0.0013820314837471297 -0.0260632459305601 -0.040712965473957426 0.056266084260495647 0.073014380266377965 0.036534204572501776 -0.016609743422276026 0.077293610387539291 0.060654552269641185 0.031346851520823719 0.033514021864421838 -0.010651005312553719
leaf_weight=9828.0969705568277 2456.7925616512657 8049.8973973933607 685.37782680988312 513.97169221646618 3838.2182112391456 882.8964959657751 702.80159181263298 348.73821656638756 2309.0680519860471 2582.8232904653996 1541.8711148761213 225.97206471534446 776.60150651820004 300.58200722886249
leaf_count=269484 53325 4432 6853 8054 69001 1867 687 1811 32794 2390 2364 1361 3857 2463
internal_value=2.34074e-10 0.0453896 0.0157997 -0.0525884 -0.0644444 -0.0205594 0.0321035 -0.0309053 -0.035423 0.0607654 0.0415724 -0.0366997 0.00978552 0.0392757
internal_weight=35043.7 18809.3 10759.4 16234.4 14241 5949.34 1993.37 4412.93 4765.86 4810.07 2227.25 4064.19 1290.57 1183.48
internal_count=460743 106488 102056 354255 341657 90449 12598 72173 86119 11607 9217 70362 11911 4330
is_linear=0
shrinkage=0.05


Tree=3
num_leaves=15
num_cat=0
split_feature=7 6 3 4 2 2 3 4 1 7 2 5 2 0
split_gain=27694.4 7767.32 6148.6 5444.45 2428.44 1497.87 794.356 632.4 547.953 499.542 393.943 340.268 328.475 276.678
threshold=0.28573660552501684 1.0000000180025095e-35 0.27126950025558477 7.3573253154754648 1.0000000180025095e-35 1.0000000180025095e-35 0.43865558505058294 9.4244298934936541 1.0000000180025095e-35 2.8892307281494145 1.0000000180025095e-35 1.0000000180025095e-35 0.89587974548339855 9.3328065872192401
decision_type=2 2 2 2 2 2 2 2 2 2 2 2 2 2
left_child=3 2 5 4 -1 9 10 12 11 -2 -4 -6 -5 -11
right_child=1 -3 6 7 8 -7 -8 -9 -10 13 -12 -13 -14 -15
leaf_value=-0.07495056808972482 -0.053506705178895657 0.079945832349944776 0.0043182131386483563 -0.024396733784739052 -0.038208901420633039 0.036488725309650354 0.067808095577097813 0.06304301632918699 0.031021420454405008 -0.024002020907564023 0.048256218498602524 0.025659999066948311 0.030466694424150287 0.052779508363174001
leaf_weight=9221.5096306348569 2172.6973721811664 7704.9678939664736 953.7280885821674 510.80717368226033 3681.7667696147109 836.3435582483653 3161.0818188786507 813.77100835740566 345.62962797982618 2062.8185546788154 1096.3656891863793 220.3835830646567 583.30044970521703 123.47354962304235
leaf_count=269484 50539 4432 9729 8164 69001 3494 4457 1297 1811 30894 2414 1361 3137 529
internal_value=-2.37619e-10 0.0418956 0.0137182 -0.0493448 -0.0605416 -0.0247713 0.0520881 0.0296933 -0.0292509 -0.0365307 0.0278278 -0.0345961 0.00485366 -0.0196435
internal_weight=33488.6 18111.5 10406.5 15377.2 13469.3 5195.33 5211.18 1907.88 4247.78 4358.99 2050.09 3902.15 1094.11 2186.29
internal_count=460743 106488 102056 354255 341657 85456 16600 12598 72173 81962 12143 70362 11301 31423
is_linear=0
shrinkage=0.05


Tree=4
num_leaves=15
num_cat=0
split_feature=7 6 3 4 2 2 3 7 0 2 1 0 0 2
split_gain=24013.2 7367.5 5881.94 3816.39 1821.06 1750.93 682.24 579.9 559.047 611.103 411.721 353.547 357.838 338.689
threshold=0.12759146839380267 1.0000000180025095e-35 0.3198364675045014 7.0274574756622323 1.0000000180025095e-35 1.0000000180025095e-35 0.53279066085815441 1.9908543229103091 9.3328065872192401 1.0000000180025095e-35 1.0000000180025095e-35 9.3328065872192401 6.2995133399963388 1.0000000180025095e-35
decision_type=2 2 2 2 2 2 2 2 2 2 2 2 2 2
left_child=3 2 4 5 7 -1 13 -2 9 -4 -7 12 -9 -5
right_child=1 -3 8 6 -6 10 -8 11 -10 -11 -12 -13 -14 -15
leaf_value=-0.072451002825210317 -0.056414738911875865 0.075946515807816806 -0.0042289223616455074 -0.032377309352840729 0.035128284166811741 -0.036531982865773735 0.052201338008160438 -0.018085707238848586 0.069269647845819071 0.052532085232572946 0.023652856332914588 0.046581487626668097 -0.070072895211126904 0.019298535539045598
leaf_weight=8242.3469933484157 1925.0471152266837 7516.7165349097922 691.52516352455132 663.23420664691366 1138.7467253711075 3591.8894099124009 758.26956515968777 2323.4370856297319 2502.1629070113413 1506.8368025785312 307.8977633388713 180.58587708650157 385.2940528789768 605.7642215823289
leaf_count=255494 49617 4483 7559 12836 4728 68677 2039 34068 2542 2496 1734 870 9340 4260
internal_value=-2.11694e-10 0.0380461 0.0113007 -0.0487883 -0.0217109 -0.0593906 0.0147113 -0.0351597 0.053105 0.0346833 -0.0317754 -0.0209836 -0.0255036 -0.00771375
internal_weight=32339.8 18170.4 10653.6 14169.4 5953.11 12142.1 2027.27 4814.36 4700.52 2198.36 3899.79 2889.32 2708.73 1269
internal_count=460743 115703 111220 345040 98623 325905 19135 93895 12597 10055 70411 44278 43408 17096
is_linear=0
shrinkage=0.05


Tree=5
num_leaves=15
num_cat=0
split_feature=7 6 3 4 2 2 7 1 4 4 0 0 0 4
split_gain=21104.3 6617.78 5153.14 3343.83 1737.35 1700.97 514.69 417.569 412.643 395.797 323.86 316.57 302.957 258.773
threshold=0.12759146839380267 1.0000000180025095e-35 0.33999498188495642 7.5870919227600107 1.0000000180025095e-35 1.0000000180025095e-35 1.9978623986244204 1.0000000180025095e-35 10.339858531951906 10.339858531951906 9.3328065872192401 6.2995133399963388 6.2995133399963388 5.5650682449340829
decision_type=2 2 2 2 2 2 2 2 2 2 2 2 2 2
left_child=3 2 5 4 -1 6 -2 13 -4 -5 12 -7 -8 -6
right_child=1 -3 8 9 7 11 10 -9 -10 -11 -12 -13 -14 -15
leaf_value=-0.068349169674061724 -0.053007180403627188 0.072604874073097334 0.037389035394986357 0.0059634480310876287 -0.040225418466837311 0.047392634613145537 -0.017461409729148003 0.024880862179481072 0.068380097490410727 0.060733408748906259 0.041899789698535861 -0.0099981139319136846 -0.066718777218094064 -0.0083701217522757412
leaf_weight=8209.3483741490054 1919.1905614084098 7291.7986442134716 2264.7600756837055 945.32292609289289 2837.9309345812653 925.68527147779241 2308.2520795103628 338.98070161620853 2051.4610706772655 505.85305760521442 198.66085772961378 323.98452295712195 360.27484923964948 822.93979575880803
leaf_count=262792 51037 4483 8866 9274 58595 2243 34219 1864 1748 581 910 2855 9342 11934
internal_value=-3.24415e-10 0.0361222 0.0104205 -0.0466555 -0.0551838 -0.0194095 -0.032971 -0.0281527 0.0521312 0.0250839 -0.0195457 0.0325176 -0.0241341 -0.0330688
internal_weight=31304.4 17644.1 10352.3 13660.4 12209.2 6036.05 4786.38 3999.85 4316.22 1451.18 2867.19 1249.67 2668.53 3660.87
internal_count=460743 115703 111220 345040 335185 100606 95508 72393 10614 9855 44471 5098 43561 70529
is_linear=0
shrinkage=0.05


Tree=6
num_leaves=15
num_cat=0
split_feature=7 6 4 3 2 2 4 3 5 2 0 7 1 2
split_gain=18771.6 5143.2 4409.48 3866.43 1741.14 962.821 571.584 492.626 485.225 322.978 264.722 261.351 254.153 244.079
threshold=0.50753176212310802 1.0000000180025095e-35 7.3573253154754648 0.27126950025558477 1.0000000180025095e-35 1.0000000180025095e-35 9.4244298934936541 0.51086932420730602 1.0000000180025095e-35 1.0000000180025095e-35 9.3328065872192401 2.8892307281494145 1.0000000180025095e-35 0.89587974548339855
decision_type=2 2 2 2 2 2 2 2 2 2 2 2 2 2
left_child=2 3 4 5 -1 11 13 9 12 10 -5 -2 -6 -4
right_child=1 -3 6 7 8 -7 -8 -9 -10 -11 -12 -13 -14 -15
leaf_value=-0.065415778675163835 -0.045061341264765541 0.069855182300639904 -0.021748932209546181 -0.008659904334518468 -0.034731693345388379 0.031774127323671561 0.056631416950644012 0.06305049806997684 0.028946185082703066 0.046006711277459533 0.043433465945431876 -0.018566089412634889 0.014888238231665012 0.025429740630441081
leaf_weight=8398.7178950830712 1695.4938242055068 6908.7927871807478 520.3496404128382 702.72772949864157 3354.2327851867885 742.03039375663502 910.71074647177011 2081.1315479129553 372.47512329788879 1372.5022331383079 372.28247638070025 2067.5300358366803 279.01905868924223 577.18114952114411
leaf_count=278304 42773 4366 8450 8874 69001 3129 1433 2310 1993 2803 953 31423 1735 3196
internal_value=9.0926e-11 0.037384 -0.0413518 0.0125457 -0.0524792 -0.0202487 0.0273714 0.0451666 -0.0253457 0.0299402 0.00940394 -0.0305128 -0.030918 0.00306245
internal_weight=30355.2 15942.5 14412.7 9033.7 12404.4 4505.05 2008.24 4528.64 4005.73 2447.51 1075.01 3763.02 3633.25 1097.53
internal_count=460743 96631 364112 92265 351033 77325 13079 14940 72729 12630 9827 74196 70736 11646
is_linear=0
shrinkage=0.05


Tree=7
num_leaves=15
num_cat=0
split_feature=7 6 3 4 2 2 4 0 0 3 2 0 2 1
split_gain=16838.3 5551.38 4214.88 2666.67 1402.55 1241 496.278 396.921 396.751 391.349 325.401 296.583 375.531 288.16
threshold=0.12759146839380267 1.0000000180025095e-35 0.35652559995651251 7.0274574756622323 1.0000000180025095e-35 1.0000000180025095e-35 9.4244298934936541 9.3328065872192401 6.2995133399963388 0.03618831746280194 1.0000000180025095e-35 9.3328065872192401 1.0000000180025095e-35 1.0000000180025095e-35
decision_type=2 2 2 2 2 2 2 2 2 2 2 2 2 2
left_child=3 2 4 5 7 -1 10 8 9 -2 -5 12 -4 -7
right_child=1 -3 11 6 -6 13 -8 -9 -10 -11 -12 -13 -14 -15
leaf_value=-0.06460455045397144 -0.043008396228549364 0.067534351046765737 -0.0042310699802175335 -0.031678743745284434 0.028339596566313435 -0.032930432560490407 0.049029616321232733 0.023448654064556283 -0.064949119141719844 -0.0095450303088405238 0.018395810199548578 0.061727646541254393 0.04825901655914433 0.018666184754135898
leaf_weight=7284.2840684110415 1798.8518673820072 6866.183513043914 469.23392348631751 629.43318718345836 1307.69759458513 3307.7399129458936 600.5688065176364 319.95160707423929 844.41936917754356 1699.3558953345637 667.46906621439848 2177.3296641465276 1241.9225299013779 294.07207514904439
leaf_count=255494 41103 4483 4961 13243 5364 68677 1180 2784 26018 26815 4712 2197 1978 1734
internal_value=1.51733e-11 0.0330201 0.00897808 -0.0431999 -0.0174057 -0.0527333 0.0114937 -0.030239 -0.0341991 -0.02676 -0.00591285 0.049481 0.0338711 -0.0287138
internal_weight=29508.5 16724.9 9858.76 12783.6 5970.28 10886.1 1897.47 4662.58 4342.63 3498.21 1296.9 3888.49 1711.16 3601.81
internal_count=460743 115703 111220 345040 102084 325905 19135 96720 93936 67918 17955 9136 6939 70411
is_linear=0
shrinkage=0.05


Tree=8
num_leaves=15
num_cat=0
split_feature=7 4 6 3 2 2 4 5 3 2 0 0 8 2
split_gain=15208.4 4074.1 4030.42 2951.66 1428.13 736.83 694.014 440.382 348.133 274.646 216.931 242.826 242.428 207.548
threshold=0.73883163928985607 7.0274574756622323 1.0000000180025095e-35 0.27366229891777044 1.0000000180025095e-35 1.0000000180025095e-35 9.4244298934936541 1.0000000180025095e-35 0.45577406883239752 1.0000000180025095e-35 9.3328065872192401 6.2995133399963388 0.068559195846319212 1.0000000180025095e-35
decision_type=2 2 2 2 2 2 2 2 2 2 2 2 2 2
left_child=1 4 3 5 -1 10 9 -6 13 -3 11 12 -2 -5
right_child=2 6 -4 8 7 -7 -8 -9 -10 -11 -12 -13 -14 -15
leaf_value=-0.061911880448241564 -0.037078489522396695 -0.022626530612904427 0.065463169406573471 0.007290216889700836 -0.030615829829404834 0.029712485225915242 0.052757326892220083 0.023034883128909351 0.055766103853016016 0.019949439358527676 0.024257947033260719 -0.061369003673744427 -0.0070218376539009295 0.041784748773768199
leaf_weight=7746.6060223622189 1526.2074885565235 738.08403497590916 6413.9156056442298 798.57804532838054 3403.828969948052 694.21436149603687 1005.8408572049811 430.16101182764396 2281.147036857903 775.97475869150367 195.90309733583126 512.93804662232287 1197.4619037264492 960.97346396720968
leaf_count=279608 31930 14194 4312 7890 69500 2835 1582 2399 3190 4983 1601 16548 18035 2136
internal_value=8.07079e-10 -0.0370233 0.0358024 0.0125046 -0.0495596 -0.0172368 0.0205861 -0.024592 0.0428759 -0.000807029 -0.026738 -0.0298312 -0.0238715 0.0261423
internal_weight=28681.8 14100.5 14581.3 8167.42 11580.6 4126.72 2519.9 3833.99 4040.7 1514.06 3432.51 3236.61 2723.67 1759.55
internal_count=460743 372266 88477 84165 351507 70949 20759 71899 13216 19177 68114 66513 49965 10026
is_linear=0
shrinkage=0.05


Tree=9
num_leaves=15
num_cat=0
split_feature=6 4 7 2 2 0 2 3 0 3 0 1 7 0
split_gain=13866.4 7184.23 2622.51 1438.51 1247.37 859.079 572.206 316.018 305.001 265.176 234.985 163.55 151.338 144.146
threshold=1.0000000180025095e-35 7.3573253154754648 0.78032484650611889 1.0000000180025095e-35 1.0000000180025095e-35 9.3328065872192401 0.89587974548339855 0.18710529059171679 7.0818057060241708 0.25130064785480505 6.2995133399963388 1.0000000180025095e-35 2.9279137849807744 9.3328065872192401
decision_type=2 2 2 2 2 2 2 2 2 2 2 2 2 2
left_child=1 2 4 7 -1 6 -3 12 -8 11 -5 -6 -4 -12
right_child=-2 5 3 10 9 -7 8 -9 -10 -11 13 -13 -14 -15
leaf_value=-0.05942690862438036 0.063810029966703791 -0.024870804360497628 -0.043817838497774098 0.046254526101712622 -0.039681952074784449 0.05790219437744365 0.036739382454197674 0.0014267682840015871 -0.062607256579440093 -0.010433207521955383 -0.049271164459416122 0.032688195578135765 -0.020231039298611714 0.024329947311073564
leaf_weight=7704.2799576091347 6519.4800968135241 655.67151568701956 1194.5823620381852 1193.8389848202933 1961.0800048475794 2330.0014647900825 1392.5342227490619 1085.8126521145168 80.901647694176063 1787.7839349836577 109.38034268491901 80.58290061558364 1585.1365472809994 166.45701261749491
leaf_count=286980 4585 10491 31475 2290 43593 2757 3991 14767 818 29165 1324 475 27207 825
internal_value=3.35638e-10 -0.0195073 -0.0344269 -0.00543907 -0.0478343 0.0369292 0.0139608 -0.0214472 0.0312458 -0.0245024 0.0366514 -0.036811 -0.0303796 -0.00492834
internal_weight=27847.5 21328 16868.9 5335.21 11533.7 4459.11 2129.11 3865.53 1473.44 3829.45 1469.68 2041.66 2779.72 275.837
internal_count=460743 456158 438101 77888 360213 18057 15300 73449 4809 73233 4439 44068 58682 2149
is_linear=0
shrinkage=0.05


Tree=10
num_leaves=15
num_cat=0
split_feature=6 4 7 2 2 0 2 3 5 1 0 0 3 0
split_gain=12720.7 6540.22 2391.67 1309.66 1159.79 758.147 517.342 276.556 223.844 212.489 202.152 187.636 154.292 130.221
threshold=1.0000000180025095e-35 7.3573253154754648 0.78032484650611889 1.0000000180025095e-35 1.0000000180025095e-35 9.3328065872192401 0.89587974548339855 0.055673513561487205 1.0000000180025095e-35 1.0000000180025095e-35 7.0818057060241708 6.2995133399963388 0.36173102259635931 9.3328065872192401
decision_type=2 2 2 2 2 2 2 2 2 2 2 2 2 2
left_child=1 2 4 7 -1 6 -3 -4 9 12 -8 -5 -6 -9
right_child=-2 5 3 11 8 -7 10 13 -10 -11 -12 -13 -14 -15
leaf_value=-0.057912918593299702 0.0622128263864851 -0.023491513218780624 -0.036232154787798877 0.043416380780964797 -0.036450300285086432 0.055825821587548091 0.034667135342670678 -0.013645428169248179 0.013943292042745012 0.01688707307349193 -0.053473763982847783 -0.0031069631485359066 -0.0076991232916889269 0.023962935007626779
leaf_weight=7405.7366914962768 6300.3142990916967 638.48636927327607 1661.8506612764177 1184.2239991826937 2569.9948017226416 2250.4966258396162 1377.5621583419852 1874.6947018271603 355.71864972938783 246.92077999617322 67.406262966338545 265.06989425653592 570.86352311540395 261.4417488751933
leaf_count=286980 4585 10491 38403 2290 59857 2757 3991 33371 2497 1735 818 2149 9144 1675
internal_value=-1.08905e-09 -0.0189095 -0.033348 -0.00551094 -0.0464476 0.0357102 0.0139655 -0.020941 -0.0237564 -0.0277179 0.0305213 0.0349112 -0.0312288 -0.00903348
internal_weight=27030.8 20730.5 16396.5 5247.28 11149.2 4333.95 2083.45 3797.99 3743.5 3387.78 1444.97 1449.29 3140.86 2136.14
internal_count=460743 456158 438101 77888 360213 18057 15300 73449 73233 70736 4809 4439 69001 35046
is_linear=0
shrinkage=0.05


Tree=11
num_leaves=15
num_cat=0
split_feature=6 4 7 2 2 4 7 3 3 0 2 1 0 5
split_gain=11705.4 5946.39 2191.61 1196.36 1082.02 696.408 318.621 248.86 208.517 155.571 132.621 132.019 124.643 120.529
threshold=1.0000000180025095e-35 7.3573253154754648 0.78032484650611889 1.0000000180025095e-35 1.0000000180025095e-35 10.339858531951906 0.00070434875669889163 0.055673513561487205 0.25130064785480505 6.5438487529754648 1.0000000180025095e-35 1.0000000180025095e-35 9.3328065872192401 1.0000000180025095e-35
decision_type=2 2 2 2 2 2 2 2 2 2 2 2 2 2
left_child=1 2 4 7 -1 6 10 -4 11 -5 -3 -6 -11 -10
right_child=-2 5 3 9 8 -7 -8 -9 13 12 -12 -13 -14 -15
leaf_value=-0.056563269418996122 0.060813044726036651 -0.030998511486349706 -0.035165744683750992 0.040894702147291011 -0.037176871058760684 0.054886645300597649 0.031005144678303072 -0.0091112197174294147 -0.015227115749828567 -0.054922223258735782 0.007774850027877281 0.026221865761271498 0.021631035103874961 0.026248185297696874
leaf_weight=7097.5295439848269 6077.6893614288419 372.5247617532732 1616.6647480899264 1183.4579291869886 1853.9810476056009 2093.8761676575523 1214.2351142974803 2116.6911425994767 1535.4624847417581 77.645202004816383 537.71717154840007 85.238774965517223 163.17388662416488 196.78803550917655
leaf_count=286980 4585 7455 38403 2409 43593 2313 4727 35046 28176 1205 3562 475 825 989
internal_value=1.78125e-10 -0.0183492 -0.0323295 -0.00552689 -0.0451645 0.0344292 0.0142501 -0.0204001 -0.0231194 0.0334461 -0.0081101 -0.0343781 -0.00317642 -0.010503
internal_weight=26222.7 20145 15926.6 5157.63 10769 4218.35 2124.48 3733.36 3671.47 1424.28 910.242 1939.22 240.819 1732.25
internal_count=460743 456158 438101 77888 360213 18057 15744 73449 73233 4439 11017 44068 2030 29165
is_linear=0
shrinkage=0.05


Tree=12
num_leaves=15
num_cat=0
split_feature=6 4 7 2 2 0 2 5 3 0 1 0 2 8
split_gain=10804 5416.58 1967.42 1012.41 958.694 804.872 583.974 241.32 224.496 220.08 164.481 153.298 124.92 123.988
threshold=1.0000000180025095e-35 7.0274574756622323 0.98801764845848095 1.0000000180025095e-35 1.0000000180025095e-35 9.3328065872192401 1.0000000180025095e-35 1.0000000180025095e-35 0.18710529059171679 7.0818057060241708 1.0000000180025095e-35 6.4375672340393075 3.8176519870758061 0.30607305467128759
decision_type=2 2 2 2 2 2 2 2 2 2 2 2 2 2
left_child=1 2 3 -1 8 6 -3 10 -4 12 -5 -9 13 -8
right_child=-2 5 4 7 -6 -7 9 11 -10 -11 -12 -13 -14 -15
leaf_value=-0.055757767936929471 0.059579128017771238 -0.024604323009734978 -0.026821817795697152 -0.030705422292732789 0.032631307026531574 0.052120921611681185 0.033542475602641474 0.030406281283056159 0.0019418745763155846 -0.05014009558119862 0.01393842223708123 -0.040077032647237713 0.058816633216224261 -0.0033176704700799893
leaf_weight=6805.3496201533126 5855.7709238582756 808.50558235024801 2465.5059560113004 2929.9104485342104 1226.7539398744702 2143.3497807499953 899.5728418501094 311.76752597326413 935.52613387058955 85.82583046797663 221.38061816370464 101.46189369913191 333.01322121405974 305.32126693008468
leaf_count=287629 4585 16408 53563 67828 3747 2969 3396 1430 12794 1253 1672 1465 512 1492
internal_value=7.32132e-10 -0.0178266 -0.0323544 -0.0444513 -0.00524421 0.0297889 0.010096 -0.0228554 -0.0189115 0.0273788 -0.0275657 0.0130453 0.0317347 0.0242071
internal_weight=25429 19573.2 14997.7 10369.9 4627.79 4575.59 2432.24 3564.52 3401.03 1623.73 3151.29 413.229 1537.91 1204.89
internal_count=460743 456158 430128 360024 70104 26030 23061 72395 66357 6653 69500 2895 5400 4888
is_linear=0
shrinkage=0.05


Tree=13
num_leaves=15
num_cat=0
split_feature=6 4 7 2 2 4 5 3 0 1 3 0 0 3
split_gain=9979.08 4977.55 1985.89 1119.09 1025.46 318.98 268.257 250.299 246.019 199.733 161.374 127.932 115.865 113.128
threshold=1.0000000180025095e-35 8.1031985282897967 0.98801764845848095 1.0000000180025095e-35 1.0000000180025095e-35 10.339858531951906 1.0000000180025095e-35 0.18710529059171679 9.3328065872192401 1.0000000180025095e-35 0.36173102259635931 5.8318653106689462 6.2995133399963388 0.37706173956394201
decision_type=2 2 2 2 2 2 2 2 2 2 2 2 2 2
left_child=1 2 3 8 7 -3 9 -4 13 10 -5 -8 -6 -1
right_child=-2 5 4 6 12 -7 11 -9 -10 -11 -12 -13 -14 -15
leaf_value=-0.056913879509267046 0.058444478603234928 0.02002500433456518 -0.026149768780868263 -0.033779863679945989 0.039356662451941214 0.052862326002790887 0.034029788952786855 0.0024737578562219502 0.012047544234021519 0.017102590317231627 -0.0066130585770796616 -0.020435291931524956 0.0030984004202792422 -0.03958921731752657
leaf_weight=5694.4162415308238 5632.587142999284 1201.5304002518533 2428.2396535719745 2432.2492991937906 1188.7100992039777 1930.0638584967237 319.56813805550337 1113.7559139498044 143.50771126471227 269.85520064554294 705.74509655404836 161.64241557382047 270.63318079593591 1142.0691884287517
leaf_count=254757 4585 7195 53563 60096 2269 2313 1308 14174 2417 1896 10431 1880 2028 41831
internal_value=-8.17306e-10 -0.0173263 -0.028694 -0.0406908 -0.00261913 0.0402737 -0.0191902 -0.0171511 -0.0526659 -0.0241243 -0.027674 0.0157301 0.0326393 -0.0540259
internal_weight=24634.6 19002 15870.4 10869.1 5001.34 3131.59 3889.06 3542 6979.99 3407.85 3137.99 481.211 1459.34 6836.49
internal_count=460743 456158 446650 374616 72034 9508 75611 67737 299005 72423 70527 3188 4297 296588
is_linear=0
shrinkage=0.05


Tree=14
num_leaves=15
num_cat=0
split_feature=6 4 7 2 2 4 7 3 2 5 1 0 0 0
split_gain=9245.62 4543.75 1677 877.489 850.967 717.351 353.24 188.145 151.178 145.597 142.419 130.746 120.977 333.093
threshold=1.0000000180025095e-35 7.0274574756622323 0.73883163928985607 1.0000000180025095e-35 1.0000000180025095e-35 10.339858531951906 0.00070434875669889163 0.055673513561487205 1.0000000180025095e-35 1.0000000180025095e-35 1.0000000180025095e-35 6.2995133399963388 6.2995133399963388 9.3328065872192401
decision_type=2 2 2 2 2 2 2 2 2 2 2 2 2 2
left_child=1 2 4 7 -1 6 8 -4 -3 10 -6 -5 -9 -14
right_child=-2 5 3 11 9 -7 -8 12 -10 -11 -12 -13 13 -15
leaf_value=-0.054512973202834228 0.057442514911026157 -0.029802899906232989 -0.032875522361415881 0.035653265371219163 -0.029243777209350976 0.051495529961815771 0.028011161094322886 -0.0010778685358838779 0.0067022266905989135 0.010098231587010245 0.012554384546079381 -0.0065197035786720581 -0.053285191303451954 0.021209122179028234
leaf_weight=5911.6115563515195 5411.1909912668634 523.18737161008175 1528.7533716903417 1072.6506299935281 2814.5312334018818 1855.6172007538844 1306.7954303023871 1357.2818928154884 617.30993427964859 303.02320516412146 219.15527071923134 221.39826574129984 427.17378838657169 230.33808736689389
leaf_count=279601 4585 13002 39028 2233 67828 2313 5917 20237 4798 2322 1672 2087 13456 1664
internal_value=7.88804e-10 -0.0169055 -0.030642 -0.00678609 -0.0431185 0.0280587 0.0102744 -0.0196539 -0.0100554 -0.0229207 -0.0262211 0.0284384 -0.00961055 -0.0271959
internal_weight=23800 18388.8 14085.9 4837.6 9248.32 4302.91 2447.29 3543.55 1140.5 3336.71 3033.69 1294.05 2014.79 657.512
internal_count=460743 456158 430128 78705 351423 26030 23717 74385 17800 71822 69500 4320 35357 15120
is_linear=0
shrinkage=0.05


Tree=15
num_leaves=15
num_cat=0
split_feature=6 4 7 2 2 0 0 3 3 2 0 4 7 5
split_gain=8572.19 4128.5 1708.71 987.617 923.516 285.272 210.648 209.913 197.952 152.376 149.263 144.86 137.553 136.202
threshold=1.0000000180025095e-35 8.1031985282897967 0.55559083819389354 1.0000000180025095e-35 1.0000000180025095e-35 9.3328065872192401 7.0818057060241708 0.18710529059171679 0.25130064785480505 2.6735538244247441 6.2995133399963388 6.1773211956024179 2.8892307281494145 2.0126758217811589
decision_type=2 2 2 2 2 2 2 2 2 2 2 2 2 2
left_child=1 2 4 7 11 6 9 12 -6 -3 -5 -1 -4 -12
right_child=-2 5 3 10 8 -7 -8 -9 -10 -11 13 -13 -14 -15
leaf_value=-0.05518263452127517 0.056547736713305076 0.0075254735130851659 -0.039390331951822156 0.035948251329894293 -0.031848219756669377 0.051104966477777319 -0.068551756436329561 -0.0016450384299463783 -0.0083543219807529091 0.043441924569995655 -0.039848285626170238 -0.032200437063452575 -0.016155282259720807 0.027620514366257995
leaf_weight=5103.6057185743848 5190.4005450524855 631.71856680163182 1156.5533639089117 1281.3973799487576 1763.7266031106119 1688.7086335594067 63.394161447416991 1253.4678201175993 1824.4915608974989 554.36951248813421 136.86181811033748 797.89965759386541 1421.8719011718931 162.54739938210696
leaf_count=255563 4585 5037 36402 2711 43782 2210 1161 17811 30800 1100 1816 29379 27587 799
internal_value=-5.57765e-10 -0.0164538 -0.0271339 -0.00471458 -0.0399195 0.0377063 0.0195712 -0.0184318 -0.019908 0.024335 0.0285267 -0.0520814 -0.0265886 -0.00324988
internal_weight=23031 17840.6 14902.4 5412.7 9489.72 2938.19 1249.48 3831.89 3588.22 1186.09 1580.81 5901.51 2578.43 299.409
internal_count=460743 456158 446650 87126 359524 9508 7298 81800 74582 6137 5326 284942 63989 2615
is_linear=0
shrinkage=0.05


Tree=16
num_leaves=15
num_cat=0
split_feature=6 4 7 2 2 4 0 0 3 4 4 0 5 7
split_gain=7949.09 3795.13 1559.63 916.305 885.03 268.829 197.236 292.15 214.529 184.739 140.445 130.68 112.395 96.2128
threshold=1.0000000180025095e-35 8.1031985282897967 0.55559083819389354 1.0000000180025095e-35 1.0000000180025095e-35 10.339858531951906 9.3328065872192401 6.7661678791046151 0.03618831746280194 5.9827253818511972 6.1773211956024179 6.2995133399963388 2.0126758217811589 0.00070434875669889163
decision_type=2 2 2 2 2 2 2 2 2 2 2 2 2 2
left_child=1 2 4 6 10 13 7 8 -4 -6 -1 -5 -13 -3
right_child=-2 5 3 11 9 -7 -8 -9 -10 -11 -12 12 -14 -15
leaf_value=-0.054414340486566348 0.055689577692081528 0.00028959631711981731 -0.031110468424971088 0.034358957897406554 -0.02544021096391403 0.04945504977341305 0.016658345028857619 -0.057365547367281694 -0.0037919875535562691 0.0020067282532313909 -0.031245625756413466 -0.037094966583511413 0.025074775192308947 0.030018110695138087
leaf_weight=4842.7153955930844 4975.2963218307123 457.83439023920801 1288.4446678235254 1263.5624361797236 2743.0154940369248 1702.7187680262141 365.88716767635196 496.20788571139565 1624.1406304464908 789.27033051184844 761.77075994457118 130.52012461982667 161.56108282809146 670.16847438097466
leaf_count=255563 4585 4633 34420 2711 64399 2313 2480 18498 26402 10183 29379 1816 799 2562
internal_value=2.25403e-10 -0.01602 -0.0263798 -0.00488474 -0.0389179 0.0369166 -0.0181924 -0.0219369 -0.0158834 -0.0193085 -0.0512713 0.0273964 -0.00273833 0.0179628
internal_weight=22273.1 17297.8 14467.1 5330.32 9136.77 2830.72 3774.68 3408.79 2912.59 3532.29 5604.49 1555.64 292.081 1128
internal_count=460743 456158 446650 87126 359524 9508 81800 79320 60822 74582 284942 5326 2615 7195
is_linear=0
shrinkage=0.05


Tree=17
num_leaves=15
num_cat=0
split_feature=6 4 7 2 2 4 7 3 5 1 2 2 5 8
split_gain=7378.8 3462.68 1326.54 745.618 667.246 581.621 278.834 148.448 126.767 129.671 121.241 113.446 103.513 108.43
threshold=1.0000000180025095e-35 7.0274574756622323 0.73883163928985607 1.0000000180025095e-35 1.0000000180025095e-35 10.339858531951906 0.00070434875669889163 0.055673513561487205 1.0000000180025095e-35 1.0000000180025095e-35 1.0000000180025095e-35 2.0126758217811589 2.0126758217811589 0.42914317548274999
decision_type=2 2 2 2 2 2 2 2 2 2 2 2 2 2
left_child=1 2 3 -1 7 6 10 -4 9 -5 -3 -8 -9 -14
right_child=-2 5 4 8 -6 -7 11 12 -10 -11 -12 -13 13 -15
leaf_value=-0.052059335714239811 0.054910703816572808 -0.027784054012388829 -0.030488514230955072 -0.02730580948604865 0.024759239939319461 0.048260595112469974 0.014295965295303571 -0.019479735079169107 0.0103140273586777 0.013297210614236025 0.0058621823475036141 0.046170937384809978 -0.0074250704838091028 0.032057878701968336
leaf_weight=5076.702620324184 4762.7177297128364 485.43222761258949 1418.5921821773227 2665.986166436749 1236.1221595101524 1630.7529396573082 790.54131593473721 1072.7738436796935 290.44585445057601 211.70763375793467 594.91372302232776 431.75675809709355 606.79929994390113 242.59364351304248
leaf_count=279601 4585 13002 39028 67828 4320 2313 5034 22663 2322 1672 4798 883 10829 1865
internal_value=3.34598e-10 -0.015611 -0.0282002 -0.0401817 -0.00661261 0.025423 0.00923534 -0.0182245 -0.0211382 -0.0243151 -0.00926781 0.0255838 -0.00916233 0.00387602
internal_weight=21517.8 16755.1 12821.7 8244.84 4576.88 3933.4 2302.64 3340.76 3168.14 2877.69 1080.35 1222.3 1922.17 849.393
internal_count=460743 456158 430128 351423 78705 26030 23717 74385 71822 69500 17800 5917 35357 12694
is_linear=0
shrinkage=0.05


Tree=18
num_leaves=15
num_cat=0
split_feature=6 4 7 2 2 4 7 3 3 2 0 2 0 0
split_gain=6849.88 3136.06 1241.49 710.422 611.115 541.925 249.382 141.001 118.097 111.198 109.755 102.34 93.9523 247.646
threshold=1.0000000180025095e-35 7.0274574756622323 0.73883163928985607 1.0000000180025095e-35 1.0000000180025095e-35 10.339858531951906 0.00070434875669889163 0.055673513561487205 0.25130064785480505 1.0000000180025095e-35 5.8318653106689462 0.89587974548339855 6.2995133399963388 9.3328065872192401
decision_type=2 2 2 2 2 2 2 2 2 2 2 2 2 2
left_child=1 2 3 -1 7 6 9 -4 -5 -3 -6 -8 -9 -14
right_child=-2 5 4 8 10 -7 11 12 -10 -11 -12 -13 13 -15
leaf_value=-0.051272892432831819 0.054189645742431659 -0.026975409881099449 -0.029709469387704218 -0.029615061696190367 0.032739916927419316 0.047065339460008376 0.0093862366217042845 -0.0010647258844297446 -0.010076527216921706 0.0055945368256987774 -0.001498716106137603 0.038600834026743962 -0.04988347870552725 0.016513708250818854
leaf_weight=4823.3612076789432 4553.7622472378425 471.60431953734951 1385.8989958745224 1682.6145451494376 902.27795614395291 1561.0969148331787 586.23848037223797 1284.3277321369387 1433.3016727722134 587.62575796316378 315.81085575791076 614.26391640189104 374.15452402603114 223.81899604212958
leaf_count=279601 4585 13002 39028 44001 1851 2313 4408 20237 27821 4798 2469 1509 13456 1664
internal_value=4.18248e-10 -0.0151914 -0.0273726 -0.039252 -0.00634582 0.0244194 0.0087609 -0.017611 -0.0206336 -0.00891845 0.023869 0.0243542 -0.00869215 -0.0250452
internal_weight=20800.2 16246.4 12425.6 7939.28 4486.29 3820.83 2259.73 3268.2 3115.92 1059.23 1218.09 1200.5 1882.3 597.974
internal_count=460743 456158 430128 351423 78705 26030 23717 74385 71822 17800 4320 5917 35357 15120
is_linear=0
shrinkage=0.05


Tree=19
num_leaves=15
num_cat=0
split_feature=6 4 7 2 2 0 0 3 4 4 0 2 7 5
split_gain=6361.59 2842.77 1240 762.895 717.844 238.298 175.064 164.14 150.377 129.598 122.256 121.643 118.209 94.9813
threshold=1.0000000180025095e-35 8.1031985282897967 0.55559083819389354 1.0000000180025095e-35 1.0000000180025095e-35 9.3328065872192401 7.0818057060241708 0.18710529059171679 5.5650682449340829 6.1773211956024179 6.2995133399963388 0.89587974548339855 2.8892307281494145 2.4414010047912602
decision_type=2 2 2 2 2 2 2 2 2 2 2 2 2 2
left_child=1 2 3 9 7 6 11 12 -5 -1 -6 -3 -4 -12
right_child=-2 5 4 8 10 -7 -8 -9 -10 -11 13 -13 -14 -15
leaf_value=-0.052197023792880763 0.053512918897321508 -0.0095014924377741991 -0.036967691593996557 -0.024422218081183 0.031736354732702761 0.047290399744907674 -0.066874741366369825 -0.0014794883217129258 -0.00086193384132545847 -0.028617702371698514 -0.027640496606645661 0.030172901595047069 -0.014420050055494963 0.031763412323291468
leaf_weight=4141.9366361394059 4350.512382588 249.788298911124 1040.2149548474845 2416.756370845862 1192.9858119038399 1403.2152573387139 58.624878692207858 1172.5448105823889 940.91603770520305 682.94750415356248 174.12101406068541 845.75343983178027 1320.9354454761487 108.29742484446615
leaf_count=255563 4585 3631 36402 60495 2711 2210 1161 17811 14087 29379 2180 2506 27587 435
internal_value=7.97948e-10 -0.0147849 -0.0241382 -0.0361311 -0.00454401 0.0334526 0.0166026 -0.0167737 -0.0178222 -0.0488661 0.0247385 0.0211266 -0.024365 -0.00482951
internal_weight=20099.6 15749 13191.7 8182.56 5009.1 2557.38 1154.17 3533.7 3357.67 4824.88 1475.4 1095.54 2361.15 282.418
internal_count=460743 456158 446650 359524 87126 9508 7298 81800 74582 284942 5326 6137 63989 2615
is_linear=0
shrinkage=0.05


Tree=20
num_leaves=15
num_cat=0
split_feature=6 4 7 2 4 2 7 5 1 3 5 0 2 3
split_gain=5911.06 2598.96 1079.53 687.893 478.12 474.858 213.256 140.104 120.992 120.129 100.164 97.4989 95.247 87.945
threshold=1.0000000180025095e-35 7.0274574756622323 0.99644413590431224 1.0000000180025095e-35 10.339858531951906 1.0000000180025095e-35 0.0076811979524791249 1.0000000180025095e-35 1.0000000180025095e-35 0.11132640019059183 1.7005987167358401 6.4375672340393075 2.0126758217811589 0.41876238584518438
decision_type=2 2 2 2 2 2 2 2 2 2 2 2 2 2
left_child=1 2 3 10 6 9 13 8 -5 -4 -1 -9 -8 -3
right_child=-2 4 5 7 -6 -7 12 11 -10 -11 -12 -13 -14 -15
leaf_value=-0.050733276491503637 0.052865098959316362 -0.039537082734298935 -0.024257497687322646 -0.025576427453020207 0.045278375796556955 0.023771043763338467 0.01214139331676737 0.0236224588234062 0.014845518145367016 -0.0038129956506688227 -0.014509691061568046 -0.035990705357364337 0.042451308911393149 -0.0015725849153140987
leaf_weight=4370.8987109922746 4154.4340626384364 184.7514865314588 1618.5365788873023 2528.0909198450972 1424.3803642331623 1068.616071240278 723.09452965611126 292.66146522457711 199.10926043841755 1292.2773015502607 200.5631690431037 88.536350575392134 404.09846303216182 853.80573966103839
leaf_count=279840 4585 5129 43528 67828 2313 3683 4886 1475 1672 22402 8216 1484 866 12836
internal_value=-2.64508e-10 -0.0144047 -0.0258584 -0.0368091 0.0227892 -0.00472092 0.00798438 -0.0186531 -0.0226209 -0.0151854 -0.0491476 0.00971887 0.0230355 -0.00835772
internal_weight=19403.9 15249.4 11659.3 7679.86 3590.13 3979.43 2165.75 3108.4 2727.2 2910.81 4571.46 381.198 1127.19 1038.56
internal_count=460743 456158 430128 360515 26030 69613 23717 72459 69500 65930 288056 2959 5752 17965
is_linear=0
shrinkage=0.05


Tree=21
num_leaves=15
num_cat=0
split_feature=6 3 7 2 2 7 7 2 1 3 0 0 8 1
split_gain=5485.16 2362.73 1044.61 621.338 527.422 475.589 198.511 150.944 150.32 131.623 100.528 141.354 97.5059 96.1328
threshold=1.0000000180025095e-35 0.43327265977859503 0.02123688813298941 1.0000000180025095e-35 1.0000000180025095e-35 0.00070434875669889163 2.8892307281494145 2.6735538244247441 1.0000000180025095e-35 0.19007557630538943 6.2995133399963388 9.3328065872192401 0.42914317548274999 1.0000000180025095e-35
decision_type=2 2 2 2 2 2 2 2 2 2 2 2 2 2
left_child=1 2 4 6 -1 7 9 13 -6 -4 -5 -12 -8 -3
right_child=-2 5 3 10 8 -7 12 -9 -10 -11 11 -13 -14 -15
leaf_value=-0.051494705605685344 0.052214890913248858 -0.017758291542565068 -0.038905280238271882 0.026542761171064883 -0.025308944465892238 0.039112646511090379 -0.012058546057274333 0.029064218437978701 0.020503137599194796 -0.012035730198306782 -0.042749441883460734 0.019001945985244018 0.019775385795177194 0.023956352125570915
leaf_weight=3471.7473386643105 3964.9529820847092 773.28400062650326 1346.0342621972959 1104.9875853094272 2522.0592526480323 1969.4377994945971 1530.6293933937268 326.94018135312945 192.0064111064421 690.66733960414422 141.30607926333323 264.72422160604037 284.42602244904265 167.18795556487748
leaf_count=240598 4585 20743 59405 3188 67829 5653 32145 1516 1473 16240 2323 1395 2583 1067
internal_value=-1.3944e-10 -0.0140048 -0.0245863 -0.00843334 -0.0385864 0.023744 -0.0190919 -0.000149373 -0.0220616 -0.0298039 0.0187311 -0.00254091 -0.00706191 -0.0103251
internal_weight=18750.4 14785.4 11548.6 5362.77 6185.81 3236.85 3851.76 1267.41 2714.07 2036.7 1511.02 406.03 1815.06 940.472
internal_count=460743 456158 427179 117279 309900 28979 110373 23326 69302 75645 6906 3718 34728 21810
is_linear=0
shrinkage=0.05


Tree=22
num_leaves=15
num_cat=0
split_feature=6 4 7 2 2 0 3 7 0 1 0 0 2 3
split_gain=5094.32 2179.76 1014.72 718.434 575.016 207.214 171.901 159.544 148.332 136.956 130.987 129.372 109.456 106.853
threshold=1.0000000180025095e-35 8.1031985282897967 0.032657986506819732 1.0000000180025095e-35 1.0000000180025095e-35 9.3328065872192401 0.18710529059171679 2.9279137849807744 7.0818057060241708 1.0000000180025095e-35 6.5438487529754648 9.3328065872192401 0.89587974548339855 0.34906050562858587
decision_type=2 2 2 2 2 2 2 2 2 2 2 2 2 2
left_child=1 2 4 6 -1 8 7 -4 12 13 -5 -12 -3 -6
right_child=-2 5 3 10 9 -7 -8 -9 -10 -11 11 -13 -14 -15
leaf_value=-0.048606157417985713 0.051625935855299065 -0.010344579246243676 -0.038180140436403054 0.028701484532217131 -0.028056921574037635 0.04510717939120848 -0.0032915802374347373 -0.012870781803554623 -0.065411405840458375 0.016996533271195994 -0.051353803705521242 0.016222218099703374 0.028235573468070364 -0.0054458508480711753
leaf_weight=3649.4158086597745 3778.8735574400052 239.06243911554338 1263.239474903763 1306.8201558599249 1994.981087524473 1217.1126499606762 1302.6509889373265 1230.00248079421 53.499226783867925 243.02459705804358 107.99048523092642 201.36593793821521 788.60890867491253 708.53775407525245
leaf_count=257428 4585 3631 57834 3683 58317 2210 24273 27207 1161 1912 2055 1246 2506 12695
internal_value=-1.8433e-10 -0.0136391 -0.0221776 -0.00612993 -0.0353421 0.0309629 -0.0180158 -0.0257043 0.0150132 -0.018903 0.02178 -0.00745675 0.0192595 -0.0221352
internal_weight=18085.2 14306.3 12008 5412.07 6595.96 2298.28 3795.89 2493.24 1081.17 2946.54 1616.18 309.356 1027.67 2703.52
internal_count=460743 456158 446650 116298 330352 9508 109314 85041 7298 72924 6984 3301 6137 71012
is_linear=0
shrinkage=0.05


Tree=23
num_leaves=15
num_cat=0
split_feature=6 3 7 2 7 2 4 0 1 5 2 0 7 10
split_gain=4732.37 2003.57 903.157 560.222 462.776 339.811 144.026 137.07 120.573 112.212 111.241 108.127 101.538 95.6235
threshold=1.0000000180025095e-35 0.41876238584518438 0.99644413590431224 1.0000000180025095e-35 0.00070434875669889163 1.0000000180025095e-35 10.339858531951906 9.3328065872192401 1.0000000180025095e-35 1.0000000180025095e-35 1.0000000180025095e-35 5.6577248573303232 4.9911012649536142 46.500000000000007
decision_type=2 2 2 2 2 2 2 2 2 2 2 2 2 2
left_child=1 2 3 7 6 12 10 -1 9 -5 11 -3 13 -4
right_child=-2 4 5 8 -6 -7 -8 -9 -10 -11 -12 -13 -14 -15
leaf_value=-0.048931388120553664 0.051061467552773056 -0.046647343357334878 0.015220016623201252 -0.025000674391433789 0.036446242658049924 0.019806189561992746 0.035848030780947802 0.010561098913931881 0.01987443508508234 0.0050381937769778699 0.0052453634217351228 -0.00016503525574154552 -0.00048053233744889585 -0.024107674135397376
leaf_weight=3758.9414404494164 3600.0288778143004 282.97393026860664 169.55337440859876 2289.5734699314053 1936.9466081869323 1039.473164282972 214.40228062239476 99.0461263343459 193.59250512512517 359.36558763077483 632.94030278432183 223.65594514471013 964.1275901539484 1679.0625327564194
leaf_count=277036 4585 16583 2793 66184 6168 3994 466 2408 1470 3086 6699 5393 18433 45445
internal_value=5.18317e-10 -0.0132812 -0.0239032 -0.0349929 0.0207764 -0.0046098 -0.00165074 -0.0474017 -0.0181404 -0.0209251 -0.00873112 -0.0261681 -0.0136368 -0.0204943
internal_weight=17443.7 13843.7 10552.7 6700.52 3290.92 3852.22 1353.97 3857.99 2842.53 2648.94 1139.57 506.63 2812.74 1848.62
internal_count=460743 456158 420849 350184 35309 70665 29141 279444 70740 69270 28675 21976 66671 48238
is_linear=0
shrinkage=0.05


Tree=24
num_leaves=15
num_cat=0
split_feature=6 3 7 2 7 2 1 1 0 0 3 0 0 5
split_gain=4396.73 1819.96 839.377 526.269 416.184 325.681 131.163 114.816 101.361 222.388 126.352 93.0493 89.5364 89.3074
threshold=1.0000000180025095e-35 0.41876238584518438 0.81451398134231578 1.0000000180025095e-35 0.00070434875669889163 1.0000000180025095e-35 1.0000000180025095e-35 1.0000000180025095e-35 9.3328065872192401 6.2995133399963388 0.032474193722009666 6.1954121589660653 9.3328065872192401 1.0000000180025095e-35
decision_type=2 2 2 2 2 2 2 2 2 2 2 2 2 2
left_child=1 2 3 12 6 8 -3 13 9 10 -4 -12 -1 -5
right_child=-2 4 5 7 -6 -7 -8 -9 -10 -11 11 -13 -14 -15
leaf_value=-0.048640581472187944 0.050518610024986921 -0.0091789836122833195 -0.024403997075245994 -0.0242857181425262 0.035193182754911644 0.017861418548417239 0.030741347192214597 0.019281244705334419 0.014104825379869991 -0.050718524701405421 -0.0036320289954100242 0.056079722362787778 0.0067614670978411416 0.0056104405221335078
leaf_weight=3435.9244283594599 3429.3806717115222 1064.4594172023062 967.71560222824337 2240.2790315582242 1873.1139801812824 1096.6887982403859 254.01001926063327 189.93780322081875 286.60556821513455 414.95216191996587 1177.1320053475501 68.067863184260204 74.274055968329776 280.75899846781977
leaf_count=271121 4585 27828 30582 66184 6168 4514 1313 1462 2119 17834 21920 384 2155 2574
internal_value=3.56325e-10 -0.0129087 -0.0231902 -0.0346878 0.0200513 -0.00535367 -0.00147065 -0.0181302 -0.0140924 -0.0171719 -0.0108614 -0.000325552 -0.0474667 -0.0209554
internal_weight=16853.3 13423.9 10232.3 6221.17 3191.58 4011.16 1318.47 2710.98 2914.47 2627.87 2212.92 1245.2 3510.2 2521.04
internal_count=460743 456158 420849 343496 35309 77353 29141 70220 72839 70720 52886 22304 273276 68758
is_linear=0
shrinkage=0.05


Tree=25
num_leaves=15
num_cat=0
split_feature=6 4 7 2 4 2 2 0 7 0 2 5 0 0
split_gain=4081.48 1678.2 779.462 535.59 362.197 342.052 149.909 115.44 100.554 94.0389 107.971 98.3753 91.7028 80.1475
threshold=1.0000000180025095e-35 7.0274574756622323 0.73883163928985607 1.0000000180025095e-35 10.339858531951906 1.0000000180025095e-35 1.0000000180025095e-35 9.3328065872192401 4.9911012649536142 6.5438487529754648 3.8176519870758061 1.0000000180025095e-35 5.8521983623504648 5.0466406345367441
decision_type=2 2 2 2 2 2 2 2 2 2 2 2 2 2
left_child=1 2 3 -1 6 8 7 -3 -4 10 11 -5 -7 -6
right_child=-2 4 5 9 13 12 -8 -9 -10 -11 -12 -13 -14 -15
leaf_value=-0.047127618535573811 0.049975065669589591 -0.021276196693922975 -0.020645469096328105 -0.01908052771340495 0.010969798071218834 0.027536276731716238 0.018576180821278727 0.020418125649609431 -0.00037117623711607159 -0.050076475577508973 0.051693412781539362 0.018528571131258803 -0.0060280409528816019 0.047772817179146027
leaf_weight=3340.5812069561798 3265.0169911186676 591.70476266235346 1916.8792845229327 2272.838903566706 175.53756363759749 798.95670290617272 1106.3690389997791 229.70595164457336 897.95178926791414 200.99343435501214 59.019580227322876 187.49081710539758 272.50885332678445 964.19663887273055
leaf_count=279601 4585 16276 56240 63232 447 1887 6571 870 18145 6802 593 1195 2433 1866
internal_value=-1.74204e-10 -0.0125402 -0.0225102 -0.0337165 0.0197873 -0.00502922 0.00656932 -0.00960581 -0.0141802 -0.0172364 -0.0145976 -0.0162081 0.0190021 0.0421191
internal_weight=16279.8 13014.7 9947.22 6060.92 3067.51 3886.3 1927.78 821.411 2814.83 2720.34 2519.35 2460.33 1071.47 1139.73
internal_count=460743 456158 430128 351423 26030 78705 23717 17146 74385 71822 65020 64427 4320 2313
is_linear=0
shrinkage=0.05


Tree=26
num_leaves=15
num_cat=0
split_feature=6 4 7 2 4 2 2 0 0 7 7 1 0 0
split_gain=3787.78 1544.5 702.522 476.064 423.413 274.006 182.057 140.341 102.512 99.2697 90.7491 83.9821 77.2266 90.6813
threshold=1.0000000180025095e-35 6.4323258399963388 0.57019612193107616 1.0000000180025095e-35 10.339858531951906 1.0000000180025095e-35 0.89587974548339855 9.3328065872192401 5.8521983623504648 0.014632617589086296 3.82993495464325 1.0000000180025095e-35 6.7860682010650644 5.6075966358184823
decision_type=2 2 2 2 2 2 2 2 2 2 2 2 2 2
left_child=1 2 3 -1 6 10 7 12 -7 -8 -4 -5 13 -3
right_child=-2 4 5 11 -6 8 9 -9 -10 -11 -12 -13 -14 -15
leaf_value=-0.048150804928637048 0.049417654404904171 -0.033507651375709845 -0.022163753390099128 -0.020750002014457761 0.042203002482917897 0.025536746311377062 0.0037234403350360637 0.018936194702452502 -0.012423845656216178 0.031784485809570891 -0.0038445123085776092 0.015911837951712703 -0.057349354979420009 0.0016358768741920545
leaf_weight=2941.6051859559084 3109.5799268101109 330.75256492258632 1598.8769491363346 2257.8209985638969 1070.8424465141725 738.7995515987277 634.39345358783612 313.16305001825094 233.45809416798875 625.94108850986231 1171.5848282208026 167.09591934210039 118.94829755148385 410.70700455032056
leaf_count=263006 4585 14037 53128 66571 2313 1840 7163 1409 2339 1933 24987 1404 5223 10805
internal_value=2.969e-10 -0.0121853 -0.023037 -0.0346314 0.016018 -0.00640756 0.00448485 -0.00968239 0.0164183 0.017674 -0.014421 -0.0182182 -0.0201086 -0.0140651
internal_weight=15723.6 12614 9109.24 5366.52 3504.75 3742.72 2433.91 1173.57 972.258 1260.33 2770.46 2424.92 860.408 741.46
internal_count=460743 456158 413275 330981 42883 82294 40570 31474 4179 9096 78115 67975 30065 24842
is_linear=0
shrinkage=0.05


Tree=27
num_leaves=15
num_cat=0
split_feature=6 3 7 5 2 2 2 0 7 3 1 10 5 2
split_gain=3517.33 1425.08 630.68 490.428 412.233 206.384 156.86 116.579 91.6907 88.9007 83.3975 72.725 69.3955 64.1151
threshold=1.0000000180025095e-35 0.37706173956394201 0.79569175839424144 1.0000000180025095e-35 1.0000000180025095e-35 1.0000000180025095e-35 1.2424533367156985 6.6713323593139657 4.9911012649536142 0.51917651295661937 1.0000000180025095e-35 47.500000000000007 1.4978661537170412 2.6735538244247441
decision_type=2 2 2 2 2 2 2 2 2 2 2 2 2 2
left_child=1 2 4 6 12 8 7 -3 11 13 -6 -4 -1 -5
right_child=-2 3 5 9 10 -7 -8 -9 -10 -11 -12 -13 -14 -15
leaf_value=-0.049825559860047386 0.048885347294916427 -0.029187402228740417 0.010582047490765637 0.01410873093385415 -0.021377540117939214 0.014044517648122215 0.010049901400677711 0.017432500596002039 -0.00062709159696564204 0.041710472258314112 0.016919478332505199 -0.023691635794757023 -0.018329856246220588 0.044638795208765701
leaf_weight=2526.1962402269564 2961.5490502325119 710.14425096090417 170.75172118641785 813.00286841392517 2144.7931131899531 883.79456028505228 816.41273683757754 164.54888256188133 877.78479673567927 971.52889697509818 151.51869109272957 1601.8507470115437 189.53643723923597 217.75891297962517
leaf_count=239457 4585 42584 3413 5811 64548 4128 8859 2831 18135 2353 1238 50711 11622 468
internal_value=2.57972e-10 -0.0118315 -0.0230465 0.0141183 -0.0344507 -0.00686845 -0.00570627 -0.0204073 -0.0138447 0.0308564 -0.0188443 -0.020386 -0.047635 0.0205955
internal_weight=15201.2 12239.6 8546.23 3693.4 5012.04 3534.18 1691.11 874.693 2650.39 2002.29 2296.31 1772.6 2715.73 1030.76
internal_count=460743 456158 393252 62906 316865 76387 54274 45415 72259 8632 65786 54124 251079 6279
is_linear=0
shrinkage=0.05


Tree=28
num_leaves=15
num_cat=0
split_feature=6 3 7 2 4 2 7 0 1 3 2 4 2 0
split_gain=3265.26 1288.31 643.695 444.582 303.021 238.652 164.602 115.717 93.8438 83.8464 74.699 79.6023 74.4826 94.1488
threshold=1.0000000180025095e-35 0.41876238584518438 0.99644413590431224 1.0000000180025095e-35 10.339858531951906 1.0000000180025095e-35 0.0076811979524791249 9.3328065872192401 1.0000000180025095e-35 0.03618831746280194 1.2424533367156985 0.77876859903335582 1.0000000180025095e-35 5.6577248573303232
decision_type=2 2 2 2 2 2 2 2 2 2 2 2 2 2
left_child=1 2 3 7 6 9 12 -1 10 -4 -5 -12 13 -3
right_child=-2 4 5 8 -6 -7 -8 -9 -10 -11 11 -13 -14 -15
leaf_value=-0.046081255822051637 0.048340803899241391 -0.04489504399863832 -0.023736453195970231 -0.028741467213650392 0.040615958987983987 0.017584967112294615 0.023220160642838855 0.011280665602740438 0.018305668694526388 -0.0049192276921605719 -0.053388849933192498 -0.0074376983695938472 0.0044234075494063363 0.0016000907126285668
leaf_weight=2897.6695736262045 2820.9405931526562 227.68590741255321 932.65388760934002 1036.471769797965 975.8561007680255 946.18171313195489 792.56932881887769 90.306428096489981 184.37973213661462 1619.6382466934883 100.96806416154141 1253.7467940460192 595.54074972335366 207.69599576495239
leaf_count=277036 4585 16621 32303 30995 2313 3994 4167 2408 1470 34368 4292 33983 6719 5489
internal_value=-1.19576e-10 -0.0114998 -0.020658 -0.0312237 0.0181437 -0.00385137 0.00610176 -0.0443444 -0.0159908 -0.011802 -0.0186419 -0.0108993 -0.00706854 -0.022762
internal_weight=14682.3 11861.4 9062.02 5563.54 2799.35 3498.47 1823.49 2987.98 2575.57 2552.29 2391.19 1354.71 1030.92 435.382
internal_count=460743 456158 420849 350184 35309 70665 32996 279444 70740 66671 69270 38275 28829 22110
is_linear=0
shrinkage=0.05


Tree=29
num_leaves=15
num_cat=0
split_feature=6 3 7 5 2 2 1 2 7 3 1 0 5 5
split_gain=3035.62 1185.15 540.865 408.698 388.364 182.319 144.649 103.321 83.4018 76.5195 69.6231 66.6481 65.5127 64.9222
threshold=1.0000000180025095e-35 0.37706173956394201 0.79569175839424144 1.0000000180025095e-35 1.0000000180025095e-35 1.0000000180025095e-35 1.0000000180025095e-35 3.5972183942794804 2.8892307281494145 0.51917651295661937 1.0000000180025095e-35 6.2995133399963388 1.4978661537170412 2.4414010047912602
decision_type=2 2 2 2 2 2 2 2 2 2 2 2 2 2
left_child=1 2 4 6 12 8 7 -3 -4 -5 -6 -7 -1 -13
right_child=-2 3 5 9 10 11 -8 -9 -10 -11 -12 13 -14 -15
leaf_value=-0.048905941777319863 0.047820658708708927 -0.016149654918964265 -0.02423748853362221 0.019397680319617777 -0.019929590098043098 0.02124220292246598 0.029122750101831265 0.03248692711654632 -0.0058613747273001948 0.039693985385109404 0.015270091570386477 -0.032743989566908986 -0.017180260515684016 0.023795186660238651
leaf_weight=2268.7445687640866 2687.5217126151547 1231.9330074727768 1047.2476335981628 979.66452487342758 1991.9940135130018 644.05871417466551 255.28786690047127 118.87756494642235 1504.6320382154954 888.516909061349 150.41789299173979 130.83020603796467 176.79500646077213 81.67658504913561
leaf_count=239457 4585 52075 38174 6279 64548 1883 1559 640 34085 2353 1238 1823 11622 422
internal_value=-3.63794e-11 -0.0112073 -0.0218002 0.0131724 -0.0330067 -0.00671043 -0.00532213 -0.0118485 -0.0134092 0.0290668 -0.0174523 0.0132388 -0.0466204 -0.0110036
internal_weight=14158.2 11470.7 7996.4 3474.28 4587.95 3408.45 1606.1 1350.81 2551.88 1868.18 2142.41 856.566 2445.54 212.507
internal_count=460743 456158 393252 62906 316865 76387 54274 52715 72259 8632 65786 4128 251079 2245
is_linear=0
shrinkage=0.05


Tree=30
num_leaves=15
num_cat=0
split_feature=6 3 7 2 2 4 2 0 7 0 0 0 7 3
split_gain=2818.06 1078.59 564.014 367.083 293.634 258.726 143.577 139.005 122.766 89.8256 91.5931 85.9157 84.1902 83.6594
threshold=1.0000000180025095e-35 0.41876238584518438 0.02123688813298941 1.0000000180025095e-35 1.0000000180025095e-35 10.339858531951906 1.0000000180025095e-35 5.6577248573303232 2.8892307281494145 6.2995133399963388 9.3328065872192401 6.7661678791046151 0.014632617589086296 0.19007557630538943
decision_type=2 2 2 2 2 2 2 2 2 2 2 2 2 2
left_child=1 2 3 -1 8 6 7 -3 13 -6 -11 -5 -8 -4
right_child=-2 5 4 11 9 -7 12 -9 -10 10 -12 -13 -14 -15
leaf_value=-0.047372632556044403 0.047278562815229304 -0.038005086356258218 -0.033550427972675163 -0.015094892686484266 0.0222848874138796 0.038981341472380589 0.0047843016745737973 0.0073671155993108028 -0.0049961404128904784 -0.043543429522085966 0.011366954922910205 -0.054970128504030963 0.033220080754529389 -0.0091705554204429395
leaf_weight=2093.6530487609125 2561.5692129689269 291.77337507832272 997.96284458250739 1972.8517023868335 887.0708785308525 891.17827961593866 583.71585773113475 398.05350450264814 1539.8948771802388 117.23625611537136 211.49424064555205 144.23915661434876 469.37727802566951 544.72471153324295
leaf_count=236063 4585 18047 59405 61751 3069 2313 6752 6970 34619 2298 1360 6256 1227 16028
internal_value=-7.89449e-11 -0.0108715 -0.0195261 -0.03253 -0.00678265 0.0170828 0.00586978 -0.011851 -0.0149887 0.0140184 -0.00828859 -0.0178363 0.017478 -0.0249534
internal_weight=13704.8 11143.2 8509.13 4210.74 4298.38 2634.1 1742.92 689.827 3082.58 1215.8 328.73 2117.09 1053.09 1542.69
internal_count=460743 456158 420849 304070 116779 35309 32996 25017 110052 6727 3658 68007 7979 75433
is_linear=0
shrinkage=0.05


Tree=31
num_leaves=15
num_cat=0
split_feature=6 4 7 2 4 2 2 0 0 3 0 0 0 7
split_gain=2615.44 985.854 511.742 396.283 281.508 206.351 123.755 94.3978 86.2212 76.0851 89.9142 150.441 70.8415 68.7152
threshold=1.0000000180025095e-35 6.4323258399963388 0.55559083819389354 1.0000000180025095e-35 10.339858531951906 1.0000000180025095e-35 1.0000000180025095e-35 9.3328065872192401 6.5438487529754648 0.055673513561487205 6.2095708847045907 9.3328065872192401 6.1954121589660653 0.014632617589086296
decision_type=2 2 2 2 2 2 2 2 2 2 2 2 2 2
left_child=1 2 3 -1 6 9 7 -3 -7 -4 12 -12 -11 -8
right_child=-2 4 5 -5 -6 8 13 -9 -10 10 11 -13 -14 -15
leaf_value=-0.045816407689676035 0.046743001896532493 -0.019529790233476473 -0.022964347371888377 -0.015784650473370625 0.038073466095672422 0.022057132122486195 0.0027995731856613063 0.017924265902768344 -0.021079437812283951 -0.00043617740384606666 -0.047737557149704318 0.012787103388999872 0.058040260826457628 0.026051922558352949
leaf_weight=2255.8715421433881 2440.5881943478016 668.4314248101291 1046.7600062264537 2143.1671829655243 851.16680470725987 748.11583454417996 650.90325745230075 223.82765495713102 136.2093333506491 987.08786236710148 265.90624406121788 166.28293733854662 53.659618810983375 620.23970157711301
leaf_count=262527 4585 28859 41733 67922 2313 2330 8269 1152 1902 20533 14448 1629 251 2290
internal_value=-1.33853e-11 -0.0105491 -0.0199304 -0.0311922 0.0137322 -0.00537177 0.00414228 -0.0101247 0.0153967 -0.012664 -0.00533328 -0.0244752 0.00263161 0.0141569
internal_weight=13258.2 10817.6 7803.06 4399.04 3014.57 3404.02 2163.4 892.259 884.325 2519.7 1472.94 432.189 1040.75 1271.14
internal_count=460743 456158 413275 330449 42883 82826 40570 30011 4232 78594 36861 16077 20784 10559
is_linear=0
shrinkage=0.05


Tree=32
num_leaves=15
num_cat=0
split_feature=6 3 7 2 5 2 1 5 2 1 7 3 0 8
split_gain=2429.09 907.384 453.267 335.487 313.781 140.42 111.799 104.066 90.1093 72.6621 67.9152 62.0249 60.2724 116.913
threshold=1.0000000180025095e-35 0.37706173956394201 0.99644413590431224 1.0000000180025095e-35 1.0000000180025095e-35 1.0000000180025095e-35 1.0000000180025095e-35 1.7005987167358401 3.5972183942794804 1.0000000180025095e-35 4.9911012649536142 0.51917651295661937 5.0271592140197763 0.39595879614353185
decision_type=2 2 2 2 2 2 2 2 2 2 2 2 2 2
left_child=1 2 3 7 6 10 8 -1 -3 -5 -4 -6 13 -13
right_child=-2 4 5 9 11 -7 -8 -9 -10 -11 -12 12 -14 -15
leaf_value=-0.046693041188874032 0.046214510178604735 -0.014887152588331665 -0.017704458192994408 -0.018430276547284477 0.017942498006552138 0.013684127204037165 0.026541641852425697 -0.0029280609116531381 0.031776711977978205 0.018516690584247746 0.00033324425203842513 0.037327798510249664 0.044633087983638672 -0.052611368622914614
leaf_weight=2077.4577032857196 2326.7864402882988 1137.5762040834961 1458.1068539344415 1944.3774407297606 912.0734252470138 750.25351454492193 239.94046333932783 145.47497459829901 112.85683379811235 142.05779008610989 812.34788006763847 122.46740811597556 604.42323524813401 50.112742688972503
leaf_count=249426 4585 52075 47555 65054 6279 3617 1559 8222 640 1243 18135 368 1664 321
internal_value=-3.69036e-10 -0.0102352 -0.0199104 -0.0303184 0.0120697 -0.00505721 -0.00465156 -0.0438315 -0.0106535 -0.015907 -0.0112534 0.0268179 0.0371998 0.0110592
internal_weight=12836.3 10509.5 7330.08 4309.37 3179.45 3020.71 1490.37 2222.93 1250.43 2086.44 2270.45 1689.08 777.003 172.58
internal_count=460743 456158 393252 323945 62906 69307 54274 257648 52715 66297 65690 8632 2353 689
is_linear=0
shrinkage=0.05


Tree=33
num_leaves=15
num_cat=0
split_feature=6 3 7 2 5 2 7 2 0 0 0 1 8 0
split_gain=2252.23 830.201 422.749 303.595 290.417 181.34 107.77 106.82 88.2227 82.4949 95.1591 71.2645 65.9816 86.9336
threshold=1.0000000180025095e-35 0.37706173956394201 0.02123688813298941 1.0000000180025095e-35 1.0000000180025095e-35 1.0000000180025095e-35 1.9908543229103091 1.2424533367156985 5.6577248573303232 6.5438487529754648 9.3328065872192401 1.0000000180025095e-35 0.46923507750034338 5.8318653106689462
decision_type=2 2 2 2 2 2 2 2 2 2 2 2 2 2
left_child=1 2 3 -1 7 6 -4 8 -3 -7 -11 -5 13 -8
right_child=-2 4 5 11 -6 9 12 -9 -10 10 -12 -13 -14 -15
leaf_value=-0.04798268544236664 0.045625669135757829 -0.032358003750446319 -0.027409832700158867 -0.020805617941987053 0.026245052091523519 0.019085252329073942 -0.0046832772832496481 0.0089144724692008393 0.00332949594569798 -0.057036043191054799 0.0079288664886793293 0.01712662274486353 0.020391634427882048 -0.035172829801115149
leaf_weight=1590.9534297622158 2220.8921815046342 433.41732379078167 997.12039274675772 1667.9331314745068 1629.1002791539649 737.49287141731475 1276.3897330330219 737.0681114057661 287.68787302754936 84.253696668427438 165.77506630308926 133.00681339674338 196.67139627010329 285.33377267683682
leaf_count=215046 4585 35447 62336 62548 8632 2899 32419 8859 9968 2015 1245 1207 2122 11415
internal_value=-3.8444e-10 -0.0099162 -0.0192885 -0.0320712 0.0117431 -0.00769941 -0.0142865 -0.00446568 -0.0181354 0.0106767 -0.0141028 -0.0179962 -0.00683343 -0.0102728
internal_weight=12443.1 10222.2 7134.93 3391.89 3087.27 3743.04 2755.52 1458.17 721.105 987.522 250.029 1800.94 1758.39 1561.72
internal_count=460743 456158 393252 278801 62906 114451 108292 54274 45415 6159 3260 63755 45956 43834
is_linear=0
shrinkage=0.05


Tree=34
num_leaves=15
num_cat=0
split_feature=6 3 7 2 2 0 2 5 0 0 3 1 8 3
split_gain=2089.59 768.613 445.991 347.882 254.589 148.552 125.262 96.5371 93.5682 100.483 89.2951 85.4932 69.8741 63.9967
threshold=1.0000000180025095e-35 0.45647668838500982 0.044011278077960021 1.0000000180025095e-35 0.89587974548339855 9.3328065872192401 2.6735538244247441 2.3502402305603032 6.7661678791046151 9.3328065872192401 0.012280242517590525 1.0000000180025095e-35 0.41116237640380865 0.1178991235792637
decision_type=2 2 2 2 2 2 2 2 2 2 2 2 2 2
left_child=1 2 3 -1 7 6 -3 8 10 -10 -4 -5 -9 -2
right_child=13 5 4 11 -6 -7 -8 12 9 -11 -12 -13 -14 -15
leaf_value=-0.043687459100496803 0.027697383916962977 -0.0017759756420026975 -0.025453506688991913 -0.017327418873537778 0.017712714314618908 0.041463987550518493 0.031426317031938433 -0.0067785767126523197 -0.053521561194578529 -0.0089797019938986557 -0.0028051646453416818 0.01772487247350725 0.025015569496410112 0.049446571182111938
leaf_weight=1871.8092270896595 428.44098354643211 776.48974085391092 689.34686943507404 1973.3971462728514 979.27748255219194 559.49107400618959 446.85000074864365 513.33026382065873 305.71017821677378 216.44407850355492 1178.3415553695231 189.96156936473562 259.27996645477833 1691.2678107876563
leaf_count=250346 874 16589 35457 69441 4973 1737 1724 14204 22768 3077 31976 1695 2171 3711
internal_value=2.13314e-11 -0.0095948 -0.0160805 -0.0279088 -0.0045526 0.0201441 0.0103676 -0.0114506 -0.016416 -0.0351105 -0.0111736 -0.0142428 0.00390975 0.0450657
internal_weight=12079.4 9959.73 8176.9 4035.17 4141.73 1782.83 1223.34 3162.45 2389.84 522.154 1867.69 2163.36 772.61 2119.71
internal_count=460743 456158 436108 321482 114626 20050 18313 109653 93278 25845 67433 71136 16375 4585
is_linear=0
shrinkage=0.05


Tree=35
num_leaves=15
num_cat=0
split_feature=6 3 7 2 4 2 0 2 5 7 7 1 0 4
split_gain=1961.36 714.19 372.101 288.115 236.012 161.596 116.129 114.432 92.8693 83.1495 62.8426 59.5207 57.725 70.6706
threshold=1.0000000180025095e-35 0.37706173956394201 0.99644413590431224 1.0000000180025095e-35 10.339858531951906 1.0000000180025095e-35 5.5947046279907235 1.0000000180025095e-35 1.7005987167358401 0.014632617589086296 4.9911012649536142 1.0000000180025095e-35 6.5438487529754648 3.0160367488861088
decision_type=2 2 2 2 2 2 2 2 2 2 2 2 2 2
left_child=1 2 3 8 5 6 -3 10 11 -7 -4 -1 13 -5
right_child=-2 4 7 12 -6 9 -8 -9 -10 -11 -12 -13 -14 -15
leaf_value=-0.045498472385174044 0.045073390382256967 -0.032397537481640516 -0.016649080717053632 -0.022691828582650477 0.036539739413500326 0.003391985804933868 0.0034844297197307163 0.0129266004533802 -0.0023699408197768467 0.028747355410820453 0.0012046719585011767 0.13755709844950195 -0.040867210111594207 -0.0027823033104679012
leaf_weight=1785.6604806724645 1999.3431137221633 413.57137728529051 1374.9741922363173 833.58446607441874 703.90105941635557 735.55599819080089 494.02248113903624 707.34994357067626 137.26376636317582 576.39884196323692 767.75369853318261 3.5125401986297211 191.87405931513058 957.27391997276573
leaf_count=249215 4585 35502 47555 30747 2313 10997 12292 3617 8222 1802 18135 211 7833 27717
internal_value=2.00964e-10 -0.00931073 -0.0182405 -0.0282555 0.0113347 0.00332839 -0.0128839 -0.00449867 -0.0420233 0.0145451 -0.0102544 -0.0450625 -0.0148642 -0.012057
internal_weight=11682 9682.7 6759.25 3909.17 2923.45 2219.55 907.594 2850.08 1926.44 1311.95 2142.73 1789.17 1982.73 1790.86
internal_count=460743 456158 393252 323945 62906 60593 47794 69307 257648 12799 65690 249426 66297 58464
is_linear=0
shrinkage=0.05


Tree=36
num_leaves=15
num_cat=0
split_feature=6 3 7 2 2 4 2 0 7 1 0 4 7 3
split_gain=1822.72 645.541 374.88 281.12 187.647 174.906 104.87 100.248 88.8541 73.133 57.6183 60.142 56.4623 52.3531
threshold=1.0000000180025095e-35 0.41498699784278875 0.02123688813298941 1.0000000180025095e-35 0.89587974548339855 10.339858531951906 1.0000000180025095e-35 5.6577248573303232 1.9908543229103091 1.0000000180025095e-35 6.0245983600616464 3.0519720315933232 0.014632617589086296 0.11132640019059183
decision_type=2 2 2 2 2 2 2 2 2 2 2 2 2 2
left_child=1 2 3 -1 8 6 7 -3 -4 10 11 -5 -8 -10
right_child=-2 5 4 9 -6 -7 12 -9 13 -11 -12 -13 -14 -15
leaf_value=-0.044238635763792576 0.044524243238894839 -0.035283340778062722 -0.022607232685731879 -0.025987657090478896 0.015373704358810917 0.035651876866184519 0.0049049557301183225 0.0060021241330363677 -0.012746255045873126 0.017791209906076376 -0.046020461131827443 -0.0061861896119988794 0.029295778989242106 0.0041806626620498454
leaf_weight=1534.513532373523 1910.0488216822268 250.09739102605818 1109.6044685337401 706.39088224241277 836.80493934388505 673.90504063270055 551.30652554304106 354.21037630482169 956.8629966875742 152.17253979068482 168.13098260946572 839.23253200112958 416.20300030827639 872.52822084436775
leaf_count=234967 4585 19110 64709 29676 4688 2313 7060 7137 30761 1415 8645 27963 1269 16445
internal_value=1.27123e-11 -0.00902986 -0.0163508 -0.0283905 -0.00550327 0.0143611 0.00521598 -0.0111142 -0.0114507 -0.0153405 -0.0182911 -0.0152469 0.0154168 -0.00467509
internal_weight=11332 9421.96 7176.24 3400.44 3775.8 2245.72 1571.82 604.308 2939 1865.93 1713.75 1545.62 967.51 1829.39
internal_count=460743 456158 419269 302666 116603 36889 34576 26247 111915 67699 66284 57639 8329 47206
is_linear=0
shrinkage=0.05


Tree=37
num_leaves=15
num_cat=0
split_feature=6 3 7 2 7 3 1 0 0 2 2 4 5 1
split_gain=1694.61 590.74 311.506 280.499 213.194 106.709 104.787 103.013 163.575 69.6232 63.3177 69.7509 52.7352 52.0813
threshold=1.0000000180025095e-35 0.37136363983154302 0.40951165556907659 1.0000000180025095e-35 0.0028601725352928047 0.11132640019059183 1.0000000180025095e-35 6.2995133399963388 9.3328065872192401 3.5972183942794804 2.6735538244247441 10.339858531951906 2.0126758217811589 1.0000000180025095e-35
decision_type=2 2 2 2 2 2 2 2 2 2 2 2 2 2
left_child=1 2 3 13 6 -4 9 -7 -9 -3 11 -6 -10 -1
right_child=-2 4 5 -5 10 7 -8 8 12 -11 -12 -13 -14 -15
leaf_value=-0.044673854191220302 0.043975799422453284 -0.013850023647245966 -0.016363403573218013 -0.014497110992914737 0.0084036884491792609 0.010748516659976594 0.027712510513317485 -0.045858278255959568 -0.018471772835637838 0.027926092827345535 0.040558286033806311 0.035495605086088976 0.024504371794880079 0.12400173990743552
leaf_weight=1480.6622190651469 1825.8761749471305 1065.2902280143535 1378.5147230344519 1719.2379931114119 747.76223782761372 1163.5463626406563 218.14418846403714 244.8024190182914 111.36196588404709 109.09247299470007 387.57487196358852 347.84709242399549 195.03654474572977 3.6594783531618296
leaf_count=234509 4585 56490 56117 64161 6508 17203 1594 13541 1714 683 980 1427 1028 203
internal_value=-2.23579e-11 -0.00875762 -0.0173318 -0.0282573 0.0100164 -0.00601121 -0.0040334 0.00231578 -0.0154724 -0.00994884 0.0232012 0.0170297 0.00887521 -0.0441748
internal_weight=10998.4 9172.53 6296.82 3203.56 2875.71 3093.26 1392.53 1714.75 551.201 1174.38 1483.18 1095.61 306.399 1484.32
internal_count=460743 456158 388476 298873 67682 89603 58767 33486 16283 57173 8915 7935 2742 234712
is_linear=0
shrinkage=0.05


Tree=38
num_leaves=15
num_cat=0
split_feature=6 3 7 2 2 0 2 5 0 0 4 1 2 8
split_gain=1574.68 533.859 330.044 290.927 198.949 112.071 92.0885 82.7217 90.5851 85.0736 78.5895 71.1293 54.8432 54.0324
threshold=1.0000000180025095e-35 0.45647668838500982 0.044011278077960021 1.0000000180025095e-35 0.89587974548339855 9.3328065872192401 2.0126758217811589 2.3502402305603032 6.7661678791046151 9.3328065872192401 -0.083552457392215715 1.0000000180025095e-35 1.2424533367156985 0.41116237640380865
decision_type=2 2 2 2 2 2 2 2 2 2 2 2 2 2
left_child=1 2 3 -1 7 6 -3 8 10 -10 -4 12 -5 -9
right_child=-2 5 4 11 -6 -7 -8 13 9 -11 -12 -13 -14 -15
leaf_value=-0.041324963382687353 0.043405234755592853 -0.0057093994190624093 -0.025116452769321271 -0.025941810115288982 0.016503593055399786 0.038725889881646561 0.022911478856135242 -0.0053460482599087013 -0.053033374916117183 -0.010095447028244803 -0.0023767142976729157 0.017559120061252067 -0.008222479349937353 0.023637476090997329
leaf_weight=1554.6171698181788 1747.1112598757609 532.87726451029448 563.33679724102694 735.47519049560651 906.52048125123838 456.76500506474986 592.93934416701086 476.12475042278675 267.27078646564041 203.38445211545331 1163.6797893790717 178.80977718177019 1076.3587625995278 241.59873762889765
leaf_count=250346 4585 15302 32471 30376 4973 1737 3011 14204 22768 3077 34962 1695 39065 2171
internal_value=-2.30297e-10 -0.00847718 -0.0141371 -0.025123 -0.00394251 0.0178628 0.00937145 -0.0103035 -0.015115 -0.0345393 -0.00980445 -0.0124554 -0.0154256 0.00442965
internal_weight=10696.9 8949.76 7367.18 3545.26 3821.92 1582.58 1125.82 2915.4 2197.67 470.655 1727.02 1990.64 1811.83 717.723
internal_count=460743 456158 436108 321482 114626 20050 18313 109653 93278 25845 67433 71136 69441 16375
is_linear=0
shrinkage=0.05


Tree=39
num_leaves=15
num_cat=0
split_feature=6 3 7 2 7 2 1 5 2 7 1 4 2 0
split_gain=1464.21 496.498 276.039 246.17 178.059 90.326 87.6268 82.9696 58.1941 57.1787 57.037 55.6122 54.0501 53.5957
threshold=1.0000000180025095e-35 0.37136363983154302 0.99644413590431224 1.0000000180025095e-35 0.032657986506819732 1.0000000180025095e-35 1.0000000180025095e-35 1.7005987167358401 2.6735538244247441 4.9911012649536142 1.0000000180025095e-35 10.339858531951906 3.5972183942794804 6.5438487529754648
decision_type=2 2 2 2 2 2 2 2 2 2 2 2 2 2
left_child=1 2 3 7 6 9 12 10 11 -4 -1 -6 -3 -5
right_child=-2 4 5 13 8 -7 -8 -9 -10 -11 -12 -13 -14 -15
leaf_value=-0.043869134644458935 0.042838726371194097 -0.012155571005325575 -0.015650064560352849 -0.010142178903400315 0.0081318066148098819 0.012381892602531764 0.026112647852700274 -0.0010029077517345701 0.039468984760689607 0.0020351221263765445 0.11678042537954775 0.033702831170137545 0.024439904661293838 -0.04020572953827662
leaf_weight=1466.9051700991768 1672.7578755934373 1051.4042973909163 1274.4948470254749 1616.7674014982913 690.58153680138639 631.4461024828488 213.72809371945914 125.9934925911366 360.83098268636968 711.93454150087928 4.6190428022528058 306.83412697530002 110.6653563270811 162.42709893488791
leaf_count=245528 4585 56913 47430 57771 6118 3546 1614 8212 950 18076 205 1389 698 7708
internal_value=2.24047e-10 -0.00821359 -0.0162661 -0.0257113 0.00944168 -0.00407801 -0.00323676 -0.0399538 0.0222769 -0.00931387 -0.0432859 0.0160241 -0.00865252 -0.0129078
internal_weight=10401.4 8728.63 5994.59 3376.71 2734.04 2617.88 1375.8 1597.52 1358.25 1986.43 1471.52 997.416 1162.07 1779.19
internal_count=460743 456158 388476 319424 67682 69052 59225 253945 8457 65506 245733 7507 57611 65479
is_linear=0
shrinkage=0.05


Tree=40
num_leaves=15
num_cat=0
split_feature=6 4 7 2 4 3 2 0 0 3 0 1 11 6
split_gain=1362.92 455.289 298.107 273.569 151.962 120.822 84.142 65.8726 127.498 67.5312 61.0681 56.7563 51.0779 97.3667
threshold=1.0000000180025095e-35 6.2974734306335458 0.57019612193107616 1.0000000180025095e-35 10.339858531951906 0.27366229891777044 1.0000000180025095e-35 6.2995133399963388 9.3328065872192401 0.032474193722009666 5.478551149368287 1.0000000180025095e-35 0.028253203257918361 2.9174053668975835
decision_type=2 2 2 2 2 2 2 2 2 2 2 2 2 2
left_child=1 2 3 11 6 7 10 9 -9 -4 -3 -1 13 -2
right_child=12 4 5 -5 -6 -7 -8 8 -10 -11 -12 -13 -14 -15
leaf_value=-0.042227704763940638 0.032687964607858076 -0.035947748032719162 -0.015587148100929593 -0.012430588801410949 0.032760183097845501 0.017181015605972693 0.011989564682610976 -0.049537159437210876 0.0040613748444438434 0.0039344906100941303 -0.0019136155449590625 0.10590096979266338 0.044369122920940252 -0.094806471311604162
leaf_weight=1463.3130519752813 66.398011799203232 168.78491817691247 768.77505147692864 1778.2351804968202 571.45096566656139 567.48138790729718 1130.7962595865829 248.88910865935031 199.30410795068019 1042.8844820127415 589.74195381945901 5.5747737799538291 1519.8268597798888 18.254731416702271
leaf_count=259221 189 13257 33439 67029 2313 6216 11633 19027 2403 20635 20733 252 4382 14
internal_value=7.96816e-11 -0.0079491 -0.0152984 -0.0256318 0.0101916 -0.00342592 0.00335176 -0.00860593 -0.0257468 -0.00435352 -0.00952414 -0.0415939 0.0422649 0.00440886
internal_weight=10139.7 8535.23 6074.46 3247.12 2460.77 2827.33 1889.32 2259.85 448.193 1811.66 758.527 1468.89 1604.48 84.6527
internal_count=460743 456158 408222 326502 47936 81720 45623 75504 21430 54074 33990 259473 4585 203
is_linear=0
shrinkage=0.05


Tree=41
num_leaves=15
num_cat=0
split_feature=6 3 7 2 7 2 1 7 0 0 2 0 2 1
split_gain=1286.23 416.64 259.877 220.052 149.191 117.848 83.8819 82.1448 76.4897 77.5087 55.7679 62.1957 63.3232 54.864
threshold=1.0000000180025095e-35 0.37706173956394201 0.02123688813298941 1.0000000180025095e-35 0.98801764845848095 1.0000000180025095e-35 1.0000000180025095e-35 2.8892307281494145 6.5438487529754648 9.3328065872192401 2.6735538244247441 5.5947046279907235 1.0000000180025095e-35 1.0000000180025095e-35
decision_type=2 2 2 2 2 2 2 2 2 2 2 2 2 2
left_child=1 2 3 -1 6 7 10 -4 -7 -10 11 12 -3 -5
right_child=-2 4 5 13 -6 8 -8 -9 9 -11 -12 -13 -14 -15
leaf_value=-0.043980892717378789 0.042393499364550745 -0.039191150871780475 -0.021079968333907535 -0.01726541593389512 0.024789177233724091 0.019160977196752638 0.026976685035677624 -0.0023538638281689573 -0.056609368279836605 0.0061229328955867742 0.014145099067353589 0.0036622701439744209 -0.0063860764224113256 0.018192801935615007
leaf_weight=1081.8816815822465 1513.4865253363387 266.61635440857935 1116.6674288958529 1424.1277724376123 959.79150405482505 636.57598302216502 238.56283208023524 1230.8610144253253 73.293170689779799 145.51259838917758 290.54774242942221 438.60652810633474 327.71363193204161 117.33285694743972
leaf_count=215046 4585 33919 74207 62548 5277 2899 1701 34085 2015 1245 2827 12536 6646 1207
internal_value=3.09523e-11 -0.00768998 -0.0150381 -0.0267033 0.00928573 -0.00547832 -0.000250052 -0.0112666 0.0104019 -0.0150524 -0.00517443 -0.0106171 -0.0211435 -0.0145564
internal_weight=9861.58 8348.09 5826.25 2623.34 2521.84 3202.91 1562.05 2347.53 855.382 218.806 1323.48 1032.94 594.33 1541.46
internal_count=460743 456158 393252 278801 62906 114451 57629 108292 6159 3260 55928 53101 40565 63755
is_linear=0
shrinkage=0.05


Tree=42
num_leaves=15
num_cat=0
split_feature=6 3 7 2 2 4 7 2 0 0 0 1 3 5
split_gain=1198.91 386.333 256.549 216.096 133.99 110.179 78.9885 74.1448 73.5282 72.58 60.9576 58.9203 56.5717 55.5459
threshold=1.0000000180025095e-35 0.41498699784278875 0.02123688813298941 1.0000000180025095e-35 1.0000000180025095e-35 10.339858531951906 2.8892307281494145 1.0000000180025095e-35 5.8318653106689462 5.6577248573303232 6.7661678791046151 1.0000000180025095e-35 0.17735315859317782 2.4414010047912602
decision_type=2 2 2 2 2 2 2 2 2 2 2 2 2 2
left_child=1 2 3 -1 6 7 12 9 -6 -3 11 -5 -4 -10
right_child=-2 5 4 10 8 -7 -8 -9 13 -11 -12 -13 -14 -15
leaf_value=-0.041003270682400637 0.041839147869231555 -0.032527693766206081 -0.028850691189590067 -0.01358266266470016 0.021657388974860803 0.031409186177518214 -0.0018458227820297044 0.013679856956279794 -0.019855802132623453 0.0051734948586442519 -0.051120749963137813 0.020914789430987811 -0.0061615474926103924 0.024351784824976914
leaf_weight=1172.4533819416429 1452.642973011476 212.97929014654801 699.73560559233374 1447.7395486507448 627.68131020199507 533.14959761567297 1262.1698893374305 869.94410769527894 244.69872473960277 315.88086982615641 97.916845415107673 134.45065116073238 452.99070009069692 99.016150995274074
leaf_count=234967 4585 19110 57841 60152 2545 2313 34558 8329 3579 7137 6247 1300 17519 561
internal_value=9.43822e-11 -0.00744256 -0.0134923 -0.0245367 -0.00418416 0.0120907 -0.0104912 0.00471032 0.0114898 -0.010042 -0.013028 -0.0106398 -0.0199475 -0.00708694
internal_weight=9623.45 8170.81 6238.85 2852.56 3386.29 1931.95 2414.9 1398.8 971.396 528.86 1680.11 1582.19 1152.73 343.715
internal_count=460743 456158 419269 302666 116603 36889 109918 34576 6685 26247 67699 61452 75360 4140
is_linear=0
shrinkage=0.05


Tree=43
num_leaves=15
num_cat=0
split_feature=6 3 7 2 7 1 0 0 3 3 4 2 0 2
split_gain=1116.59 358.231 220.613 213.356 137.711 77.9144 77.4957 178.161 102.766 54.7944 92.161 52.1325 50.1412 61.059
threshold=1.0000000180025095e-35 0.37136363983154302 0.40951165556907659 1.0000000180025095e-35 0.98801764845848095 1.0000000180025095e-35 6.2995133399963388 9.3328065872192401 0.032474193722009666 0.1178991235792637 1.8187043070793154 2.6735538244247441 5.478551149368287 1.0000000180025095e-35
decision_type=2 2 2 2 2 2 2 2 2 2 2 2 2 2
left_child=1 2 3 -1 5 11 8 -8 -4 10 -2 12 13 -3
right_child=9 4 6 -5 -6 -7 7 -9 -10 -11 -12 -13 -14 -15
leaf_value=-0.040904638546574917 0.032374238088002848 -0.040671796246840169 -0.014995768439250941 -0.012488617774096388 0.023504449261581857 0.026054073881432129 -0.047145641806401767 0.006214969116129075 0.0079380184930386167 0.046394724687708194 -0.052567493602889814 0.013296534527438637 0.0012074706437678029 -0.006876403733132988
leaf_weight=1143.9451784996745 259.23509881831706 228.40890481866154 744.58137081212044 1564.5774755149178 947.59537391943741 230.41875468182843 305.90655942800004 318.61688860763388 1415.4930255845102 1100.050573037297 35.486927849939093 289.49216286255978 474.61258473662019 321.40833026834298
leaf_count=234712 805 34118 35568 64161 5535 1736 23937 3511 26587 3711 69 2990 16378 6925
internal_value=5.82913e-11 -0.0072113 -0.0143435 -0.0245008 0.00851003 -0.000699686 -0.0044584 -0.0199559 2.94216e-05 0.0412602 0.0220034 -0.00540766 -0.0107011 -0.0209643
internal_weight=9379.83 7985.06 5493.12 2708.52 2491.94 1544.34 2784.6 624.523 2160.07 1394.77 294.722 1313.92 1024.43 549.817
internal_count=460743 456158 388476 298873 67682 62147 89603 27448 62155 4585 874 60411 57421 41043
is_linear=0
shrinkage=0.05


Tree=44
num_leaves=15
num_cat=0
split_feature=6 3 7 2 2 0 0 2 0 0 3 1 0 7
split_gain=1062.67 339.701 225.403 226.291 104.098 81.5633 73.974 65.744 63.993 75.4549 59.4295 55.8512 53.2106 48.7949
threshold=1.0000000180025095e-35 0.45647668838500982 0.99644413590431224 1.0000000180025095e-35 1.0000000180025095e-35 9.3328065872192401 9.3328065872192401 2.6735538244247441 6.7661678791046151 5.478551149368287 0.25130064785480505 1.0000000180025095e-35 6.5438487529754648 4.9911012649536142
decision_type=2 2 2 2 2 2 2 2 2 2 2 2 2 2
left_child=1 2 3 5 13 8 7 -3 9 11 -5 -1 -6 -4
right_child=-2 6 4 10 12 -7 -8 -9 -10 -11 -12 -13 -14 -15
leaf_value=-0.038661982032237058 0.04181244525828872 -0.00090055595349612509 -0.012911143177621202 -0.017605876877254841 0.021932226645271401 0.012183673003880615 0.035527242848053343 0.025683464264189174 -0.054216039363060312 -0.0074082597663873932 -0.00065222505340987427 0.10677420940211668 -0.0083287755713934621 0.0033701603418235058
leaf_weight=879.24928239970905 1301.6744901289057 632.2519945246313 1269.9729111791385 996.82799074052309 589.9985500050243 90.836960975648253 351.66552438610233 366.84139672503807 382.19257333212227 270.69298536507267 1072.6755857052631 5.718936809920705 192.01660485408502 720.84129566752017
leaf_count=170259 4585 16589 48725 44394 2196 2542 1737 1724 84728 32839 29465 236 2075 18649
internal_value=-1.09256e-11 -0.00696274 -0.0117234 -0.0198021 -0.000945505 -0.0337388 0.015836 0.00887633 -0.0364575 -0.0305427 -0.00882293 -0.0376027 0.0145008 -0.00701722
internal_weight=9123.46 7821.78 6471.02 3698.19 2772.83 1628.69 1350.76 999.093 1537.85 1155.66 2069.5 884.968 782.015 1990.81
internal_count=460743 456158 436108 364463 71645 290604 20050 18313 288062 203334 73859 170495 4271 67374
is_linear=0
shrinkage=0.05


Tree=45
num_leaves=15
num_cat=0
split_feature=6 2 7 1 0 0 5 3 0 1 2 4 2 0
split_gain=990.327 317.499 268.929 122.293 119.197 109.664 109.127 104.991 91.5615 54.4025 53.3364 50.2614 47.9501 44.8052
threshold=1.0000000180025095e-35 1.2424533367156985 0.99644413590431224 1.0000000180025095e-35 9.3328065872192401 6.7661678791046151 1.0000000180025095e-35 0.32391873002052313 5.478551149368287 1.0000000180025095e-35 1.0000000180025095e-35 0.77876859903335582 3.8176519870758061 6.6713323593139657
decision_type=2 2 2 2 2 2 2 2 2 2 2 2 2 2
left_child=1 2 3 4 5 8 9 -4 10 11 -1 -3 -8 -13
right_child=-2 6 7 -5 -6 -7 12 -9 -10 -11 -12 13 -14 -15
leaf_value=-0.039146636514782576 0.041234506546280497 -0.049411881365002047 -0.0074380464834906583 0.020900056711707214 0.011565474584552274 -0.053956725390509788 0.015233823656445723 0.017087866932794869 -0.0066981683407968361 0.025405508400580579 -0.019804829065320294 -0.00042986020204217228 0.043730007833145741 -0.046069183617177899
leaf_weight=897.66175105410366 1250.2078618037631 59.603042873146478 1899.5464384906263 139.31719366248581 184.74006190946966 399.81760754421339 909.76786718735821 565.40917149472807 499.45788445050493 166.12290415388998 597.0025201140088 1089.067361719397 175.87377234373707 55.570676944393199
leaf_count=177119 4585 4240 64905 1806 3806 87852 4885 6112 41387 1229 24909 34176 629 3103
internal_value=-5.40352e-11 -0.00675304 -0.0137692 -0.0246124 -0.0270784 -0.0300642 0.00805279 -0.00180767 -0.0252491 -0.00132963 -0.0314395 -0.00503572 0.0198862 -0.00268387
internal_weight=8889.17 7638.96 5182.95 2718 2578.68 2393.94 2456.01 2464.96 1994.12 1370.36 1494.66 1204.24 1085.64 1144.64
internal_count=460743 456158 407896 336879 335073 331267 48262 71017 243415 42748 202028 41519 5514 37279
is_linear=0
shrinkage=0.05


Tree=46
num_leaves=15
num_cat=0
split_feature=6 2 7 1 4 2 5 0 0 0 8 1 7 3
split_gain=921.704 297.567 243.536 139.222 113.896 102.753 73.3653 71.5585 92.6956 66.3793 61.909 48.9682 45.7015 52.3327
threshold=1.0000000180025095e-35 1.2424533367156985 1.9908543229103091 1.0000000180025095e-35 6.1773211956024179 3.8176519870758061 1.0000000180025095e-35 9.3328065872192401 6.7661678791046151 6.7661678791046151 0.32030881941318518 1.0000000180025095e-35 0.02123688813298941 0.032474193722009666
decision_type=2 2 2 2 2 2 2 2 2 2 2 2 2 2
left_child=1 2 3 4 9 6 11 8 -4 10 12 -3 -1 -14
right_child=-2 5 7 -5 -6 -7 -8 -9 -10 -11 -12 -13 13 -15
leaf_value=-0.033961561510808293 0.040626657680987624 -0.0075065212179236344 -9.6450920437591989e-05 0.024444119618318751 -0.0064777837863890632 0.03579580043098269 0.014972313471258962 0.021530794763927316 -0.044808432230854206 -0.046794005093011917 0.004604651303461927 0.023260562622568946 -0.035525695110628627 -0.0047499570803484267
leaf_weight=1137.1338433910169 1201.5007846633089 1083.560181120105 1413.7245839761163 153.59562819034909 695.91341638165613 289.46465713728685 894.47449558624066 340.67181944916956 125.27221864550665 450.26194044034492 157.42004355274184 145.85352695675101 224.74916178617423 356.8600038612567
leaf_count=171712 4585 40004 38594 1849 37691 2251 4885 2168 8896 90339 15867 1122 24924 15856
internal_value=4.14273e-11 -0.00654001 -0.0134345 -0.0218748 -0.0242361 0.00790247 0.00408584 0.000830531 -0.00376268 -0.0295431 -0.0253803 -0.00384048 -0.0281278 -0.0166831
internal_weight=8670.46 7468.96 5055.6 3175.93 3022.34 2413.35 2123.89 1879.67 1539 2326.42 1876.16 1229.41 1718.74 581.609
internal_count=460743 456158 407896 358238 356389 48262 46011 49658 47490 318698 228359 41126 212492 40780
is_linear=0
shrinkage=0.05


Tree=47
num_leaves=15
num_cat=0
split_feature=6 2 7 7 4 1 4 1 7 2 4 9 0 0
split_gain=857.543 281.418 214.44 137.075 106.958 81.7239 67.6772 63.9408 48.8003 47.2271 44.6508 44.2935 43.7146 43.1503
threshold=1.0000000180025095e-35 0.89587974548339855 1.7726472616195681 0.032657986506819732 5.6657640933990487 1.0000000180025095e-35 10.339858531951906 1.0000000180025095e-35 0.0076811979524791249 3.8176519870758061 0.77876859903335582 3.5000000000000004 3.6242519617080693 9.3328065872192401
decision_type=2 2 2 2 2 2 2 2 2 2 2 2 2 2
left_child=1 2 4 5 7 10 -4 8 -1 -5 -3 13 -2 -6
right_child=12 3 6 9 11 -7 -8 -9 -10 -11 -12 -13 -14 -15
leaf_value=-0.038131283434053566 0.022796554030006827 -0.040901532174668076 -0.0034879019426240481 0.015120900365985096 -0.0094947157683203057 0.025408433307491148 0.036412243429766622 0.018642807189961655 -0.021109622386176773 0.044528800624702991 -0.0052762049901883433 -0.032568822000978326 0.045555367462463352 0.020581309284226718
leaf_weight=1096.3522384038624 282.56388450023951 93.253382862050785 1747.1432103708066 1020.9476971607946 487.21628873619193 214.38740325463004 112.15534602329717 65.124051839025924 691.34439241616201 157.13279185944702 1325.1865066668106 146.04486818565783 872.67726120195584 156.81262647040421
leaf_count=218912 966 6585 52521 5837 46383 1716 722 859 60653 592 47223 12772 3619 1383
internal_value=3.75036e-10 -0.00632545 -0.0140743 0.00608645 -0.0232242 -0.00329269 -0.00106279 -0.0297903 -0.0315641 0.0190778 -0.00764551 -0.00780782 0.0400133 -0.00215104
internal_weight=8468.34 7313.1 4502.19 2810.91 2642.89 1632.83 1859.3 1852.82 1787.7 1178.08 1418.44 790.074 1155.24 644.029
internal_count=460743 456158 394205 61953 340962 55524 53243 280424 279565 6429 53808 60538 4585 47766
is_linear=0
shrinkage=0.05


Tree=48
num_leaves=15
num_cat=0
split_feature=6 2 7 5 0 0 3 0 1 2 1 2 2 0
split_gain=818.881 265.284 193.9 125.919 97.7725 105.568 79.7448 78.1055 77.1417 53.144 80.3564 46.1113 41.9088 40.515
threshold=1.0000000180025095e-35 0.89587974548339855 0.99644413590431224 1.0000000180025095e-35 9.3328065872192401 6.7661678791046151 0.32391873002052313 5.478551149368287 1.0000000180025095e-35 1.0000000180025095e-35 1.0000000180025095e-35 4.3943729400634775 3.8176519870758061 6.2995133399963388
decision_type=2 2 2 2 2 2 2 2 2 2 2 2 2 2
left_child=1 2 4 8 5 7 13 9 11 10 -1 -3 -5 -4
right_child=-2 3 6 12 -6 -7 -8 -9 -10 -11 -12 -13 -14 -15
leaf_value=-0.038171077421127991 0.040459962969665635 -0.0097560236639454186 -0.0047601955482498952 0.014558685268590303 0.012297923704324117 -0.053282858160753566 0.014422085997905161 -0.0043965805981738557 0.024873780659598024 -0.013795331860480573 0.082545435503267137 0.032036816671212449 0.042131513863454505 -0.024205302820081494
leaf_weight=808.87731422045181 1084.9520459774067 1294.2645890504355 1423.2993198542099 1032.3483277190826 166.51200067529862 331.09016733453427 487.33028194337385 444.02938331959376 209.74745918207918 395.55763534238213 13.117060965974813 68.580452328926185 158.60165294946637 329.21339471908141
leaf_count=177119 4585 52877 47403 6169 3644 86872 5921 40202 1703 15689 379 575 629 16976
internal_value=-1.11502e-10 -0.00613348 -0.0137591 0.00600571 -0.0244472 -0.0275224 -0.00344965 -0.0223603 -0.00328256 -0.0289025 -0.0361468 -0.007631 0.0182629 -0.00842472
internal_weight=8247.52 7162.57 4399.03 2763.54 2159.18 1992.67 2239.84 1661.58 1572.59 1217.55 821.994 1362.85 1190.95 1752.51
internal_count=460743 456158 394205 61953 323905 320261 70300 233389 55155 193187 177498 53452 6798 64379
is_linear=0
shrinkage=0.05


Tree=49
num_leaves=15
num_cat=0
split_feature=6 3 2 7 7 1 0 0 0 5 3 10 0 2
split_gain=762.776 246.279 187.12 181.027 81.71 66.6592 56.2122 55.5474 50.3834 46.3055 51.2923 45.7689 43.8755 53.7824
threshold=1.0000000180025095e-35 0.50141590833663952 0.89587974548339855 1.9908543229103091 0.048317790031433112 1.0000000180025095e-35 6.2995133399963388 9.3328065872192401 9.3328065872192401 1.0000000180025095e-35 0.22834362089633944 39.500000000000007 6.5438487529754648 3.9607677459716801
decision_type=2 2 2 2 2 2 2 2 2 2 2 2 2 2
left_child=1 2 3 5 12 9 -6 -8 -3 -1 -11 -12 13 -4
right_child=-2 8 4 -5 6 -7 7 -9 -10 10 11 -13 -14 -15
leaf_value=-0.032255769599726473 0.039858966731951752 0.011393198565019358 -0.0052453183973266704 -0.0028434267210511593 0.021552217577239186 0.020372876308212984 -0.044130739889127996 0.010246721247345785 0.0380833569666746 -0.027037353704567915 0.032992639719877315 -0.011701110652767374 -0.041039864264519978 0.045968750311777648
leaf_weight=1321.3176266631563 1043.9808629608015 588.14244463501018 1218.2880185386748 1600.1994924670616 651.43769345630426 78.980435828241752 70.240961590578081 137.0168609826942 252.7266821746307 596.02885765643987 69.011716035460267 314.23115937411785 80.056735444391961 52.516568479593843
leaf_count=262840 4585 7953 48415 48143 2748 1198 1635 933 1534 62079 1719 11797 4684 480
internal_value=1.64259e-10 -0.00592387 -0.00937379 -0.0158504 0.00229343 -0.0245923 0.0143444 -0.00830555 0.0194507 -0.0261442 -0.0178734 -0.00358805 -0.00537187 -0.00309439
internal_weight=8074.18 7030.2 6189.33 3979.77 2209.56 2379.57 858.696 207.258 840.869 2300.59 979.272 383.243 1350.86 1270.8
internal_count=460743 456158 446671 387776 58895 339633 5316 2568 9487 338435 75595 13516 53579 48895
is_linear=0
shrinkage=0.05


Tree=50
num_leaves=15
num_cat=0
split_feature=6 1 7 3 2 4 0 0 3 2 2 0 2 5
split_gain=711.769 241.111 195.018 159.032 156.576 65.4756 59.2393 83.0048 63.5039 48.3441 44.2996 40.6068 46.0592 40.102
threshold=1.0000000180025095e-35 1.0000000180025095e-35 0.02123688813298941 0.26099558174610143 1.2424533367156985 6.3894290924072275 6.2995133399963388 9.3328065872192401 0.032474193722009666 2.0126758217811589 1.0000000180025095e-35 6.6713323593139657 3.9607677459716801 1.8688347935676577
decision_type=2 2 2 2 2 2 2 2 2 2 2 2 2 2
left_child=1 2 4 6 5 10 8 -8 -4 -5 -1 12 -6 -9
right_child=-2 -3 3 9 11 -7 7 13 -10 -11 -12 -13 -14 -15
leaf_value=-0.040480369970916051 0.039274513610876645 0.029785216296332337 -0.016563648984185431 0.0056214742098667954 -0.0047999490027783344 -0.0087826990862053533 -0.047073930820947692 -0.038858344469573501 0.0030369237608485599 0.024674849698391458 -0.021462093271944888 -0.045477854441814874 0.033424287802001913 0.013814311122364968
leaf_weight=796.6822195923196 1005.7568167691934 446.02151983859949 732.28758219914016 1093.9996017177618 1013.7199605675414 351.49055977546232 223.51727533854682 49.498119679105002 946.22684424179897 478.10137087840121 503.99073181720451 55.017453018459491 84.448506929446012 126.05755056842463
leaf_count=232722 4585 3626 45440 18785 37777 26892 26590 1892 26172 2049 29206 3320 632 1055
internal_value=-1.02867e-10 -0.00572871 -0.00818684 -0.00056646 -0.018097 -0.0279612 -0.00964368 -0.026935 -0.00551901 0.0114279 -0.0331332 -0.00395266 -0.00183279 -0.00117278
internal_weight=7906.82 6901.06 6455.04 3649.69 2805.35 1652.16 2077.59 399.073 1678.51 1572.1 1300.67 1153.19 1098.17 175.556
internal_count=460743 456158 452532 121983 330549 288820 101149 29537 71612 20834 261928 41729 38409 2947
is_linear=0
shrinkage=0.05


Tree=51
num_leaves=15
num_cat=0
split_feature=6 2 7 7 4 1 1 4 7 2 3 9 2 0
split_gain=665.823 219.564 164.137 103.824 79.2155 62.1429 59.3177 51.8091 41.1403 39.6172 39.0404 38.0608 37.4949 36.2859
threshold=1.0000000180025095e-35 0.89587974548339855 1.7726472616195681 0.032657986506819732 5.6657640933990487 1.0000000180025095e-35 1.0000000180025095e-35 10.339858531951906 0.0076811979524791249 1.0000000180025095e-35 0.055673513561487205 3.5000000000000004 3.9607677459716801 6.0112643241882333
decision_type=2 2 2 2 2 2 2 2 2 2 2 2 2 2
left_child=1 2 4 5 6 10 8 -4 9 -1 -3 -6 -5 -12
right_child=-2 3 7 12 11 -7 -8 -9 -10 -11 13 -13 -14 -15
leaf_value=-0.042882724957748031 0.038731242059069117 -0.038993070715748451 -0.0032430437467210896 0.013954127714934534 -0.002026305767037221 0.023060879828846553 0.019912190949138108 0.034459175936043002 -0.019473826780843567 -0.020649870498747416 -0.00163803021762295 -0.031293481188604949 0.042184877936423108 -0.031145446010897911
leaf_weight=647.00303348996204 969.64371383233811 85.86678570904769 1663.9566876280514 969.47726019620313 588.82197845980045 202.75956249065348 63.031925071758451 95.396347550180508 640.55511705567915 294.5681332948443 1143.5983947975474 135.96240086415492 133.32813208841253 113.64680529735051
leaf_count=201910 4585 6927 52521 5881 47766 1716 859 722 60653 17002 40896 12772 548 5985
internal_value=5.98884e-12 -0.00554571 -0.0127519 0.00568931 -0.021338 -0.00267245 -0.0274033 -0.00118032 -0.0292997 -0.0359565 -0.00657149 -0.00755209 0.0174023 -0.00432794
internal_weight=7747.62 6777.97 4129.3 2648.68 2369.94 1545.87 1645.16 1759.35 1582.13 941.571 1343.11 724.784 1102.81 1257.25
internal_count=460743 456158 394205 61953 340962 55524 280424 53243 279565 218912 53808 60538 6429 46881
is_linear=0
shrinkage=0.05


Tree=52
num_leaves=15
num_cat=0
split_feature=6 1 7 2 3 0 0 0 2 0 0 0 4 0
split_gain=622.212 209.337 162.158 155.829 115.846 75.8285 88.4503 61.9404 54.0109 52.9464 67.3853 54.0884 47.3516 54.869
threshold=1.0000000180025095e-35 1.0000000180025095e-35 0.98801764845848095 1.2424533367156985 0.3174684494733811 9.3328065872192401 6.7661678791046151 5.478551149368287 1.0000000180025095e-35 6.2995133399963388 9.3328065872192401 6.1954121589660653 -2.9760928153991695 5.8318653106689462
decision_type=2 2 2 2 2 2 2 2 2 2 2 2 2 2
left_child=1 2 3 5 9 6 7 8 -1 11 -11 12 -4 -14
right_child=-2 -3 4 -5 -6 -7 -8 -9 -10 10 -12 -13 13 -15
leaf_value=-0.036439362176809015 0.038134381239241448 0.02827164583654572 -0.032972199085060404 -0.0015964331869023898 0.015765208788101288 0.0099045620833769984 -0.051748681979523696 -0.0055764125252156169 -0.014734277091847853 -0.045143970006639375 -0.0021496367846751139 0.044075072766663011 0.0013263210319443797 -0.042747640166084684
leaf_weight=709.90768827396096 936.71847118381993 431.5624195196142 125.73769617336802 1309.5529244643549 912.62420406861929 155.44120957328414 290.3605246765037 433.14921583491378 483.79902456460695 175.88489356339778 188.20831784572511 60.611664693977218 1313.026242119071 73.627077497541904
leaf_count=176948 4585 3626 7507 43354 8146 3784 87623 41334 24894 15977 2171 589 37429 2776
internal_value=8.26253e-11 -0.00536565 -0.0076992 -0.0151009 0.00108775 -0.0236284 -0.0263509 -0.0217889 -0.0276622 -0.00583181 -0.022986 -0.00184917 -0.00371757 -0.00104299
internal_weight=7600.21 6663.49 6231.93 3382.21 2849.72 2072.66 1917.22 1626.86 1193.71 1937.1 364.093 1573 1512.39 1386.65
internal_count=460743 456158 452532 377937 74595 334583 330799 243176 201842 66449 18148 48301 47712 40205
is_linear=0
shrinkage=0.05


Tree=53
num_leaves=15
num_cat=0
split_feature=6 1 7 2 3 5 0 2 0 5 3 0 5 0
split_gain=581.723 192.063 160.148 164.975 79.9537 70.5044 57.6657 72.9757 63.7515 49.5395 49.3876 44.3286 55.4901 42.9788
threshold=1.0000000180025095e-35 1.0000000180025095e-35 3.82993495464325 1.2424533367156985 0.50141590833663952 1.0000000180025095e-35 6.0112643241882333 3.8176519870758061 9.3328065872192401 1.0000000180025095e-35 0.1740173473954201 6.7661678791046151 2.0126758217811589 7.0818057060241708
decision_type=2 2 2 2 2 2 2 2 2 2 2 2 2 2
left_child=1 2 3 4 5 -1 7 9 13 -5 -7 -12 -13 -8
right_child=-2 -3 -4 6 -6 10 8 -9 -10 -11 11 12 -14 -15
leaf_value=-0.028934063491221452 0.037551912555658602 0.027313806005023075 0.0081241079048394917 -0.0047702539119774869 0.011005475752528186 -0.021421451334894967 -0.016890691630529461 0.042377545671174084 0.013244305514903812 0.016578908656036177 0.0056499733453182575 -0.034855631433394117 0.014027445500020925 -0.072164744557168217
leaf_weight=1345.1581352477278 904.9256703434221 423.83100721349183 1299.0117239525225 937.32287990920304 215.61817123399305 872.39942492876617 77.015753054409288 117.49584647815209 79.278303899802268 381.49671443697298 459.92076035604987 187.32685925038095 83.269143285848259 65.00892954270239
leaf_count=274655 4585 3626 28958 35676 5706 73240 2876 868 738 1767 13612 9940 1150 3346
internal_value=1.99648e-10 -0.00519762 -0.00745313 -0.0116509 -0.0183441 -0.0204936 0.00112677 0.0047915 -0.0225729 0.00141333 -0.0133969 -0.00379756 -0.0198168 -0.0425189
internal_weight=7449.08 6544.15 6120.32 4821.31 3163.69 2948.07 1657.62 1436.32 221.303 1318.82 1602.92 730.517 270.596 142.025
internal_count=460743 456158 452532 423574 378303 372597 45271 38311 6960 37443 97942 24702 11090 6222
is_linear=0
shrinkage=0.05


Tree=54
num_leaves=15
num_cat=0
split_feature=6 2 7 7 3 1 0 0 8 2 1 10 8 4
split_gain=544.472 181.352 140.232 93.8807 65.9945 48.9745 45.944 82.0295 44.5298 44.5068 58.9916 42.5046 42.2435 37.3366
threshold=1.0000000180025095e-35 0.89587974548339855 1.9908543229103091 0.032657986506819732 0.49483536183834081 1.0000000180025095e-35 6.7661678791046151 9.3328065872192401 0.32030881941318518 1.0000000180025095e-35 1.0000000180025095e-35 43.500000000000007 0.06181741692125798 3.2393506765365605
decision_type=2 2 2 2 2 2 2 2 2 2 2 2 2 2
left_child=1 2 4 5 6 -3 8 -8 9 10 -1 -9 -4 -2
right_child=13 3 12 -5 -6 -7 7 11 -10 -11 -12 -13 -14 -15
leaf_value=-0.02831603985009732 0.019970820854288099 -0.0061771779842076484 -0.012042756326562605 0.016845552623466244 0.0075489665523530494 0.020657317230180786 -0.051599796408022619 0.0347672583527198 0.004363003061447419 -0.0074781374589674258 0.076581746121757777 -0.022951603804540685 0.0052085187519460303 0.043292051267777611
leaf_weight=1018.4683092389841 238.48576216003858 1301.6544320192916 528.05172786718322 1045.4045147311699 201.55982917006804 194.56672211526893 301.38859556693933 43.070165288867429 189.20779410807336 411.04445859868429 12.649168921052476 114.66197709250991 1076.7863960838531 637.09413319057785
leaf_count=203087 1184 53808 21694 6429 7181 1716 92220 395 20865 17093 336 3847 27487 3401
internal_value=1.38591e-10 -0.00503254 -0.0118083 0.00535683 -0.0197423 -0.00267619 -0.022376 -0.0363505 -0.0184232 -0.0214136 -0.0269563 -0.00707121 -0.00047176 0.03697
internal_weight=7314.09 6438.51 3896.89 2541.63 2292.05 1496.22 2090.49 459.121 1631.37 1442.16 1031.12 157.732 1604.84 875.58
internal_count=460743 456158 394205 61953 345024 55524 337843 96462 241381 220516 203423 4242 49181 4585
is_linear=0
shrinkage=0.05


Tree=55
num_leaves=15
num_cat=0
split_feature=6 1 5 2 5 0 2 0 8 5 0 0 4 4
split_gain=513.898 174.753 144.004 143.081 87.2264 65.4738 62.4064 59.7195 58.212 49.0398 47.8666 74.2892 60.0975 41.7097
threshold=1.0000000180025095e-35 1.0000000180025095e-35 2.3502402305603032 1.2424533367156985 1.0000000180025095e-35 6.5438487529754648 3.8176519870758061 9.3328065872192401 0.1161230430006981 1.0000000180025095e-35 6.7661678791046151 7.7495844364166269 -0.083552457392215715 6.3894290924072275
decision_type=2 2 2 2 2 2 2 2 2 2 2 2 2 2
left_child=1 2 3 4 13 6 9 -7 -4 -5 12 -12 -6 -1
right_child=-2 -3 8 5 10 7 -8 -9 -10 -11 11 -13 -14 -15
leaf_value=-0.030505413864870157 0.036700464838921351 0.026668328533103764 -0.01377553620851843 -0.0050657490396887623 -0.02095881320735089 -0.059861277396625862 0.036542252167707928 0.0045227665493988529 0.018260206976678524 0.014782824413981575 -0.06194577102046455 -0.012790447357075735 0.00077745553600239777 -0.0094661891952971186
leaf_weight=1077.6924672637915 841.04171264442266 409.75815233794856 177.43107141696237 951.85833572872798 444.45110336590733 78.100382941236603 137.89902157953475 65.883145034022164 692.94663723857775 461.12641860469012 99.470209451172195 330.59922201672816 1111.1947589581414 302.87025813347464
leaf_count=252446 4585 3626 7213 37244 37695 4421 977 709 11361 2308 15696 14295 41686 26481
internal_value=-1.88365e-10 -0.00487259 -0.00705561 -0.0102864 -0.0162502 0.00156128 0.00456237 -0.0305728 0.0117212 0.00141769 -0.00953154 -0.0242768 -0.00544211 -0.0259
internal_weight=7182.32 6341.28 5931.52 5061.15 3366.28 1694.87 1550.88 143.984 870.378 1412.98 1985.72 430.069 1555.65 1380.56
internal_count=460743 456158 452532 433958 388299 45659 40529 5130 18574 39552 109372 29991 79381 278927
is_linear=0
shrinkage=0.05


Tree=56
num_leaves=15
num_cat=0
split_feature=6 1 5 2 5 0 2 4 0 5 0 0 3 0
split_gain=480.198 164.862 138.179 132.517 82.1861 52.9006 56.8208 50.8446 50.3628 45.2072 44.4591 69.0792 53.5848 40.9025
threshold=1.0000000180025095e-35 1.0000000180025095e-35 2.3502402305603032 1.2424533367156985 1.0000000180025095e-35 6.5438487529754648 3.8176519870758061 2.7016590833663945 9.3328065872192401 1.0000000180025095e-35 6.7661678791046151 7.7495844364166269 0.012280242517590525 9.3328065872192401
decision_type=2 2 2 2 2 2 2 2 2 2 2 2 2 2
left_child=1 2 3 4 13 6 9 -4 -7 -5 12 -12 -6 -1
right_child=-2 -3 7 5 10 8 -8 -9 -10 -11 11 -13 -14 -15
leaf_value=-0.026798779271401216 0.036088609007636954 0.026150013351109697 -0.0052563194531447021 -0.0051221132086236264 -0.019032617244802208 -0.056727080121811879 0.034997142782442058 0.020492534531006471 0.0035723511251363384 0.014018401581333884 -0.061143647644208259 -0.012720737366072227 0.00099692254896487044 0.025560054292301154
leaf_weight=1311.2126239873169 814.34685941200587 403.7772947744088 289.96529834135072 946.57336987044255 487.52673543990022 71.998000535953906 134.67273534357082 562.87527671655698 65.665060936298687 456.4063321222784 94.243386614740302 328.57037782342741 1054.8126232600171 37.639000805967953
leaf_count=277262 4585 3626 11571 37244 41095 4421 977 7003 709 2308 15696 14295 38286 1665
internal_value=-1.15144e-10 -0.00471027 -0.00684726 -0.0100265 -0.0158188 0.00143402 0.00409884 0.011742 -0.028146 0.00111008 -0.00928782 -0.0236328 -0.00534256 -0.0253199
internal_weight=7060.28 6245.94 5842.16 4989.32 3314 1675.32 1537.65 852.841 137.663 1402.98 1965.15 422.814 1542.34 1348.85
internal_count=460743 456158 452532 433958 388299 45659 40529 18574 5130 39552 109372 29991 79381 278927
is_linear=0
shrinkage=0.05


Tree=57
num_leaves=15
num_cat=0
split_feature=6 1 7 2 3 5 3 0 8 3 7 2 2 4
split_gain=449.702 155.685 132.309 125.852 64.2163 55.9848 47.4643 44.1206 41.9674 41.8934 38.2796 37.9756 36.9223 36.1411
threshold=1.0000000180025095e-35 1.0000000180025095e-35 3.82993495464325 1.2424533367156985 0.50141590833663952 1.0000000180025095e-35 0.20700689405202868 5.6577248573303232 0.24868399649858478 0.1740173473954201 0.048317790031433112 1.0000000180025095e-35 4.2555875778198251 5.3132870197296151
decision_type=2 2 2 2 2 2 2 2 2 2 2 2 2 2
left_child=1 2 3 4 5 11 -5 -6 10 -7 -8 13 -4 -1
right_child=-2 -3 12 6 7 9 8 -9 -10 -11 -12 -13 -14 -15
leaf_value=-0.042520422648194292 0.035499065607409293 0.025628347150181904 0.0063670814876779294 -0.016886183840829763 -0.029083991192709931 -0.01995973921671132 0.004454316041552958 0.024063050751997224 -0.010661755376431811 -0.0032917982143011414 0.027533685895265211 -0.015532465711010536 0.057606075299097906 -0.01994240758978932
leaf_weight=455.18756170441429 789.68282415630529 398.56679701527173 1196.6002667304474 306.82767232856713 51.654928847674455 819.40598692713047 722.48034412847483 150.71247631026199 320.7041882830672 698.34575245412452 238.36506216478301 472.32425262214383 35.246694506611675 294.85734744177898
leaf_count=175709 4585 3626 28864 16511 3308 73240 20125 2398 7707 24702 928 30325 94 68621
internal_value=-1.06174e-10 -0.00455489 -0.00664654 -0.0105965 -0.0167173 -0.0187246 0.00074573 0.0104208 0.00497702 -0.0122977 0.0102025 -0.026688 0.00787871 -0.0336829
internal_weight=6950.96 6161.28 5762.71 4530.87 2942.49 2740.12 1588.38 202.367 1281.55 1517.75 960.845 1222.37 1231.85 750.045
internal_count=460743 456158 452532 423574 378303 372597 45271 5706 28760 97942 21053 274655 28958 244330
is_linear=0
shrinkage=0.05


Tree=58
num_leaves=15
num_cat=0
split_feature=6 2 7 1 2 7 7 0 0 7 8 2 3 5
split_gain=421.433 146.381 119.087 76.6582 60.4937 51.9575 57.0501 50.5306 84.6682 45.2972 42.9857 52.3438 37.4904 35.7383
threshold=1.0000000180025095e-35 1.4978661537170412 0.99644413590431224 1.0000000180025095e-35 4.3943729400634775 1.0116206407546999 4.9911012649536142 9.3328065872192401 6.7661678791046151 0.048317790031433112 0.17637271434068683 1.0000000180025095e-35 0.46497744321823126 3.0677825212478642
decision_type=2 2 2 2 2 2 2 2 2 2 2 2 2 2
left_child=1 2 3 7 9 -4 12 8 10 -3 11 -1 -7 -2
right_child=13 4 5 -5 -6 6 -8 -9 -10 -11 -12 -13 -14 -15
leaf_value=-0.03563324892530869 0.02898240256259102 -0.0020778237483510282 0.033446738315950124 0.016853450550449376 0.037342306032655571 -0.011544780799255312 0.0080888544583651353 0.0074964441224958257 -0.050180017051780969 0.014974478530821296 -0.0073399679125632751 -0.013162924953720132 0.022603335412772756 0.054914744270704113
leaf_weight=521.32325875119659 593.50984411119134 968.31136568234069 102.79176837738487 148.3655462248862 155.44986016559415 1192.9138593608004 753.0082259754563 150.60598495281738 240.89016879226619 650.21723073915928 568.31935634553156 518.10428624234919 85.261979764269199 173.10656393761747
leaf_count=137056 3403 35017 1755 2022 954 48821 20017 3897 88337 4053 85657 27615 957 1182
internal_value=6.42468e-12 -0.00442352 -0.00942681 -0.0177361 0.00765067 -0.00106002 -0.00282189 -0.0203102 -0.0225784 0.00477767 -0.0184142 -0.0244563 -0.00925101 0.034902
internal_weight=6822.18 6055.56 4281.58 2147.61 1773.98 2133.98 2031.18 1999.24 1848.64 1618.53 1607.75 1039.43 1278.18 766.616
internal_count=460743 456158 416134 344584 40024 71550 69795 342562 338665 39070 250328 164671 49778 4585
is_linear=0
shrinkage=0.05


Tree=59
num_leaves=15
num_cat=0
split_feature=6 1 7 2 3 4 0 3 8 0 2 2 0 2
split_gain=399.068 142.738 118.427 119.471 57.134 48.8826 47.3565 42.3721 41.5805 40.0851 39.177 38.6818 36.7102 34.1062
threshold=1.0000000180025095e-35 1.0000000180025095e-35 1.9908543229103091 1.2424533367156985 0.31851965188980108 6.1773211956024179 6.7661678791046151 0.20700689405202868 0.32030881941318518 6.0112643241882333 1.0000000180025095e-35 4.7224690914154062 9.3328065872192401 0.89587974548339855
decision_type=2 2 2 2 2 2 2 2 2 2 2 2 2 2
left_child=1 2 3 5 -4 6 8 -5 10 11 -1 -9 -11 -2
right_child=13 -3 4 7 -6 -7 -8 9 -10 12 -12 -13 -14 -15
leaf_value=-0.028951745497789651 0.022054010028830028 0.025002277636275556 -0.001917198386090855 -0.017901703091057396 0.016849785543102912 -0.0059297925360723364 -0.041636059706079767 0.0053655543782307824 0.0078314263807293984 -0.041105580726907037 -0.010747492837959283 0.05291811577540019 0.013248298030853556 0.043953349856297737
leaf_weight=780.05521217544992 312.19877507677302 387.84817084360111 1385.2979671048488 272.04344131828111 572.32369693758665 548.87020601219047 286.46891362199858 948.01426615286618 127.81576100498933 85.289304061821895 478.25934650098498 43.811522430041805 47.922561185841914 423.90772521868348
leaf_count=186309 2001 3626 46056 16353 5666 37691 90339 23625 15867 3804 26183 158 481 2584
internal_value=-1.65553e-10 -0.00428891 -0.00633036 -0.0116888 0.00357526 -0.018891 -0.0231382 -0.000231349 -0.019288 0.00405359 -0.0220467 0.00751726 -0.0215989 0.0347079
internal_weight=6700.13 5964.02 5576.17 3618.55 1957.62 2221.47 1672.6 1397.08 1386.13 1125.04 1258.31 991.826 133.212 736.107
internal_count=460743 456158 452532 400810 51722 356389 318698 44421 228359 28068 212492 23783 4285 4585
is_linear=0
shrinkage=0.05


Tree=60
num_leaves=15
num_cat=0
split_feature=6 2 7 7 4 5 2 1 5 3 1 4 2 0
split_gain=375.362 134.159 97.1554 72.185 51.6974 34.8488 34.6137 44.1772 36.4876 37.1049 34.1088 33.5964 33.1145 33.1487
threshold=1.0000000180025095e-35 0.89587974548339855 1.7726472616195681 0.032657986506819732 5.2936413288116464 3.0677825212478642 1.0000000180025095e-35 1.0000000180025095e-35 1.0000000180025095e-35 0.22198066860437396 1.0000000180025095e-35 10.339858531951906 0.89587974548339855 3.3497501611709599
decision_type=2 2 2 2 2 2 2 2 2 2 2 2 2 2
left_child=1 2 4 10 6 12 7 8 -1 -10 -3 -4 -2 -14
right_child=5 3 11 -5 -6 -7 -8 -9 9 -11 -12 -13 13 -15
leaf_value=-0.041428908879419586 0.015318322554566277 -0.0051198676748857083 -0.0026476173438355552 0.015747774080955419 -0.0070044578313837903 0.055310156147109574 -0.010681072772590124 0.073613854202282211 -0.028093983704597966 0.0060217721894999295 0.01814733185982955 0.032150521758633359 0.012851078261252723 0.050206431900248587
leaf_weight=402.35109771648786 262.38787033915287 1217.8006712961433 1499.9320011173222 948.88124612638785 716.55699953943986 154.02436636562925 357.22689881055703 9.4227220092434418 377.14156588328478 100.58779603948642 179.90209749607311 71.72344676576904 83.368048551026732 213.08479980757693
leaf_count=174524 1678 53808 52521 6429 84808 1182 18013 182 57170 6265 1716 722 393 1332
internal_value=-2.47555e-10 -0.00415497 -0.0103065 0.0051122 -0.01772 0.0342386 -0.0238683 -0.0291463 -0.0303289 -0.0209132 -0.00211425 -0.00104015 0.0283426 0.0397799
internal_weight=6594.39 5881.53 3534.94 2346.58 1963.29 712.865 1246.73 889.503 880.08 477.729 1397.7 1571.66 558.841 296.453
internal_count=460743 456158 394205 61953 340962 4585 256154 238141 237959 63435 55524 53243 3403 1725
is_linear=0
shrinkage=0.05


Tree=61
num_leaves=15
num_cat=0
split_feature=6 2 7 1 3 7 7 0 0 0 2 3 2 7
split_gain=360.545 130.365 84.3409 70.9983 68.4988 58.0244 51.1257 40.3098 96.53 45.9263 60.2785 35.148 33.657 30.8086
threshold=1.0000000180025095e-35 2.0126758217811589 0.99644413590431224 1.0000000180025095e-35 0.20309298485517505 1.0116206407546999 1.7726472616195681 9.3328065872192401 6.7661678791046151 5.1503930091857919 1.0000000180025095e-35 0.055673513561487205 4.3943729400634775 0.28573660552501684
decision_type=2 2 2 2 2 2 2 2 2 2 2 2 2 2
left_child=1 2 3 7 -3 -4 -7 8 9 10 -1 -8 -6 -2
right_child=13 4 5 -5 12 6 11 -9 -10 -11 -12 -13 -14 -15
leaf_value=-0.033282840382974396 -0.013820379742422374 -0.022486962427784238 0.033114114124098225 0.015356438450968358 0.010979498535196796 -0.022049046251859352 -0.0100192029958541 0.0075928875711132274 -0.049782322023749721 -0.0029272965000137928 -0.011021533233960606 0.0051403358623565119 0.036935398474759684 0.036899172051249686
leaf_weight=521.63587388868291 30.908104748756159 141.67588477490062 117.62462977589166 182.5975912319409 981.22868642875983 295.81342977381428 556.75919320100365 153.82098907916225 224.3091521427832 545.70016019532522 730.97996773458726 1214.8544716014258 142.48684307018993 644.11160899250535
leaf_count=165429 153 8584 1821 2374 18292 15833 26838 4060 89135 57364 37680 27890 858 4432
internal_value=9.22747e-11 -0.00402085 -0.00797318 -0.0145269 0.0101673 -0.000894172 -0.00284412 -0.01704 -0.0189161 -0.0150405 -0.0203111 0.000373233 0.0143006 0.0345598
internal_weight=6484.51 5809.49 4544.1 2359.04 1265.39 2185.05 2067.43 2176.45 2022.63 1798.32 1252.62 1771.61 1123.72 675.02
internal_count=460743 456158 428424 356042 27734 72382 70561 353668 349608 260473 203109 54728 19150 4585
is_linear=0
shrinkage=0.05


Tree=62
num_leaves=15
num_cat=0
split_feature=6 1 5 0 0 2 5 9 0 7 4 0 4 4
split_gain=339.893 127.122 98.479 112.036 140.14 85.8716 82.1557 67.7379 50.3009 77.5489 43.0701 35.5171 38.1464 35.3975
threshold=1.0000000180025095e-35 1.0000000180025095e-35 2.3502402305603032 6.7661678791046151 9.3328065872192401 1.0000000180025095e-35 1.0000000180025095e-35 2.5000000000000004 6.1954121589660653 0.02123688813298941 2.7016590833663945 5.8318653106689462 -2.9760928153991695 5.1169738769531259
decision_type=2 2 2 2 2 2 2 2 2 2 2 2 2 2
left_child=1 2 3 5 -5 8 13 -6 9 -1 -4 12 -11 -7
right_child=-2 -3 10 4 7 6 -8 -9 -10 11 -12 -13 -14 -15
leaf_value=-0.032102149078334641 0.034185607699731259 0.024372723782173589 -0.005466019868122003 -0.049184904387659163 0.016484415949921168 -0.011858050328690853 0.016556809364339297 -0.02941447400076749 0.010947737611806001 -0.037981407303791972 0.018974670536796658 -0.046113287835660696 -0.0038365078809640511 0.0042454998487538734
leaf_weight=515.06151206830327 651.6910198355763 370.86498235870386 276.80143129487988 353.03541295345894 182.08704083763587 811.61135518599622 636.45018680364592 142.31819500243728 192.44967319495117 88.165185416941313 513.82624013391614 59.234122092875623 994.54402691234463 587.59277253075561
leaf_count=176689 4585 3626 11571 102630 2775 50200 3868 3631 11803 10613 7003 3574 52435 15740
internal_value=6.44188e-11 -0.00389738 -0.0058601 -0.0086832 -0.0274316 -0.00540784 0.00167776 -0.00368017 -0.0132035 -0.0160134 0.0104218 -0.00873501 -0.00664941 -0.0050972
internal_weight=6375.73 5724.04 5353.18 4562.55 677.441 3885.11 2035.65 324.405 1849.45 1657 790.628 1141.94 1082.71 1399.2
internal_count=460743 456158 452532 433958 109036 324922 69808 6406 255114 243311 18574 66622 63048 65940
is_linear=0
shrinkage=0.05


Tree=63
num_leaves=15
num_cat=0
split_feature=6 1 7 2 3 5 2 0 2 0 0 10 0 3
split_gain=319.802 121.913 94.2066 100.372 46.4732 39.7327 33.3645 32.835 47.7374 33.792 31.8229 31.1316 38.3564 41.6443
threshold=1.0000000180025095e-35 1.0000000180025095e-35 3.82993495464325 1.2424533367156985 0.50141590833663952 1.0000000180025095e-35 4.2555875778198251 6.0112643241882333 3.8176519870758061 9.3328065872192401 5.478551149368287 42.500000000000007 6.7661678791046151 0.09769726544618608
decision_type=2 2 2 2 2 2 2 2 2 2 2 2 2 2
left_child=1 2 3 4 5 -1 -4 8 -5 -9 -6 -7 13 -13
right_child=-2 -3 6 7 10 11 -8 9 -10 -11 -12 12 -14 -15
leaf_value=-0.024162471081233428 0.03363641299169421 0.024061825923852934 0.0054409417739160202 0.001160934264054028 -0.03832873631683615 0.0073030489047517886 0.057308021016167332 -0.035486219853611126 0.036642789126518069 0.0088602538870237221 0.018698097196016842 -0.020899480704988746 -0.030982992534997547 0.00021080224747147957
leaf_weight=1064.7393995980037 634.09742923395243 366.35253705197829 1125.35975859881 1188.6979309273738 28.229669775406364 192.63240182646769 30.901899404590949 112.24641345760028 102.01722699904349 68.670643095218111 150.07838452130818 432.88124567671002 267.5226409901079 506.10739161536549
leaf_count=274655 4585 3626 28864 37443 1735 13350 94 6222 868 738 3971 40800 25431 18361
internal_value=7.23921e-12 -0.00378938 -0.00572967 -0.00927337 -0.0151003 -0.0168841 0.00687545 0.00119148 0.00399159 -0.0186975 0.00950622 -0.0113321 -0.0143109 -0.00953309
internal_weight=6270.53 5636.44 5270.09 4113.82 2642.19 2463.88 1156.26 1471.63 1290.72 180.917 178.308 1399.14 1206.51 938.989
internal_count=460743 456158 452532 423574 378303 372597 28958 45271 38311 6960 5706 97942 84592 59161
is_linear=0
shrinkage=0.05


Tree=64
num_leaves=15
num_cat=0
split_feature=6 1 7 2 3 4 0 0 9 0 2 7 3 7
split_gain=300.792 116.791 86.6261 91.9708 39.36 38.765 35.4174 86.8146 51.1818 45.1993 45.0244 40.245 37.3521 36.7163
threshold=1.0000000180025095e-35 1.0000000180025095e-35 3.82993495464325 1.4978661537170412 0.16231152415275577 10.339858531951906 6.7661678791046151 9.3328065872192401 2.5000000000000004 6.1954121589660653 1.0000000180025095e-35 0.0018051249790005388 0.26906678080558782 0.99886801838874828
decision_type=2 2 2 2 2 2 2 2 2 2 2 2 2 2
left_child=1 2 3 5 -5 6 9 -8 -9 10 11 -1 -13 -12
right_child=-2 -3 -4 4 -6 -7 7 8 -10 -11 13 12 -14 -15
leaf_value=-0.031913832054724443 0.033077020718076902 0.023783336743880466 0.0065391576411527111 -0.022944025281488006 0.0053209711369951972 0.022683351617901592 -0.046335064689875666 0.01813100924392266 -0.028345014882706621 0.0096327745743701957 -0.0092036084583981704 -0.019343466907305724 0.0056828991830063496 0.02269271497856859
leaf_weight=464.88298124334688 617.6333663786063 361.2025141424383 1148.6940404894704 137.36186038747837 1121.123157829119 69.194708050781628 268.41502591392964 119.54142053866235 115.51881112763658 212.38903597480021 613.5532545761962 641.12052662906171 193.6763549043535 104.77551325445529
leaf_count=170909 4585 3626 28958 9273 28187 804 98002 2011 3340 12554 34180 57076 6688 550
internal_value=2.47073e-10 -0.00367209 -0.00557965 -0.00900787 0.00222012 -0.0140479 -0.0149855 -0.0269598 -0.00473265 -0.0122716 -0.0145806 -0.02013 -0.0135374 -0.00452613
internal_weight=6189.08 5571.45 5210.25 4061.55 1258.49 2803.07 2733.87 503.475 235.06 2230.4 2018.01 1299.68 834.797 718.329
internal_count=460743 456158 452532 423574 37460 386114 385310 103353 5351 281957 269403 234673 63764 34730
is_linear=0
shrinkage=0.05


Tree=65
num_leaves=15
num_cat=0
split_feature=6 2 1 7 3 2 8 7 0 8 0 7 5 5
split_gain=283.577 110.392 71.8662 80.1626 65.0452 39.9302 63.764 37.0827 37.5103 40.2479 34.2438 36.7785 34.1636 31.4533
threshold=1.0000000180025095e-35 2.6735538244247441 1.0000000180025095e-35 3.5899066925048833 0.29992264509201055 1.0000000180025095e-35 0.32030881941318518 0.57019612193107616 4.8402345180511483 -0.20471686869859693 6.5438487529754648 0.00070434875669889163 2.0126758217811589 3.0677825212478642
decision_type=2 2 2 2 2 2 2 2 2 2 2 2 2 2
left_child=1 2 3 5 -3 6 7 -1 9 -9 11 -7 -8 -2
right_child=13 4 -4 -5 -6 10 12 8 -10 -11 -12 -13 -14 -15
leaf_value=-0.030600747174732698 0.02657889711108824 -0.014409659320968535 0.018749233278629939 0.0039429865175434507 0.022751070916478849 -0.0081789904702320414 -0.0084315876704539865 -0.036883312456493303 -0.03042325078717581 0.0023099035397602949 -0.027553372303826259 0.0098600269903931399 0.02259994515063625 0.054814712972530745
leaf_weight=674.53168375662244 477.10616621490044 148.60986953726388 269.55244866546127 1102.0669280621478 555.65236237909994 1022.2266614909749 416.39184831933653 79.771706780909881 222.22724768247463 345.98807391116497 159.83136128572369 389.41208852390992 111.63329044298007 125.37523729365785
leaf_count=246020 3403 8280 3100 30485 6563 54205 51461 7603 17358 18099 7995 2604 2385 1182
internal_value=1.02374e-10 -0.00357067 -0.0062869 -0.00778241 0.0149003 -0.0115586 -0.0165346 -0.0223954 -0.0138199 -0.00510268 -0.00569228 -0.00319932 -0.00184069 0.0325358
internal_weight=6100.38 5497.9 4793.63 4524.08 704.262 3422.01 1850.54 1322.52 647.987 425.76 1571.47 1411.64 528.025 602.481
internal_count=460743 456158 441315 438215 14843 407730 342926 289080 43060 25702 64804 56809 53846 4585
is_linear=0
shrinkage=0.05


Tree=66
num_leaves=15
num_cat=0
split_feature=6 1 5 0 0 2 5 3 9 0 0 2 0 8
split_gain=268.797 105.473 81.1595 84.7398 143.502 66.2434 53.5961 69.0099 52.0349 46.9326 45.1299 41.618 68.452 35.9989
threshold=1.0000000180025095e-35 1.0000000180025095e-35 2.7403194904327397 6.7661678791046151 9.3328065872192401 3.8176519870758061 1.0000000180025095e-35 0.032474193722009666 2.5000000000000004 4.8402345180511483 5.0271592140197763 1.0000000180025095e-35 5.478551149368287 0.37065069377422338
decision_type=2 2 2 2 2 2 2 2 2 2 2 2 2 2
left_child=1 2 3 5 -5 6 11 -8 -6 -9 -11 12 -1 -4
right_child=-2 -3 13 4 8 -7 7 9 -10 10 -12 -13 -14 -15
leaf_value=-0.037159228091678757 0.032260093647857369 0.022995440582557539 -0.0018109491999742146 -0.046941532018544029 0.01502648479376624 0.032223628985903779 -0.015126573385551284 0.013930952464625232 -0.022590535540101972 -0.039519006086643514 0.00070144937231706285 -0.0069156404560795706 0.00044651656105385376 0.027175693632962766
leaf_weight=335.86340714187645 582.07146195964015 351.1969634048728 182.47504371994 333.68208803217749 205.12903852323871 118.8168671275489 544.86388115531736 793.83897754002464 164.94638389498141 77.908793969967519 600.2653628207845 1271.2907860159976 188.81038119520963 257.93506081699161
leaf_count=145946 4585 3626 6792 104260 3084 982 48142 20071 3901 2853 17680 65118 31145 2558
internal_value=-9.38057e-11 -0.00346534 -0.00530033 -0.00724985 -0.0232164 -0.00438671 -0.00553572 5.90591e-05 -0.0017555 0.00568646 -0.00397047 -0.0118152 -0.0236512 0.0151888
internal_weight=6009.09 5427.02 5075.83 4635.42 703.758 3931.66 3812.84 2016.88 370.075 1472.01 678.174 1795.96 524.674 440.41
internal_count=460743 456158 452532 443182 111245 331937 330955 88746 6985 40604 20533 242209 177091 9350
is_linear=0
shrinkage=0.05


Tree=67
num_leaves=15
num_cat=0
split_feature=6 2 7 1 2 4 0 0 9 8 3 7 6 5
split_gain=253.013 102.579 72.2376 58.4177 46.6371 37.0736 33.2724 78.8106 50.4231 45.627 32.5955 33.3671 33.0318 31.8659
threshold=1.0000000180025095e-35 1.4978661537170412 4.9911012649536142 1.0000000180025095e-35 4.3943729400634775 10.339858531951906 6.7661678791046151 9.3328065872192401 2.5000000000000004 -0.060236072167754166 0.20700689405202868 0.28573660552501684 1.4978661537170412 1.0000000180025095e-35
decision_type=2 2 2 2 2 2 2 2 2 2 2 2 2 2
left_child=1 2 3 5 13 6 9 -8 -9 -1 12 -12 -2 -3
right_child=10 4 -4 -5 -6 -7 7 8 -10 -11 11 -13 -14 -15
leaf_value=-0.023119972827089177 -0.001629579620814194 -0.0014737636324437336 0.006698425182648864 0.018504537337687102 0.035476699810403384 0.022780510736257673 -0.044862693082970084 0.015906703385327712 -0.028567679468198954 -0.0070454583538776096 -0.016516624014533854 0.04325181916123555 0.045498779721667916 0.013527908804796252
leaf_weight=591.11464681861071 117.09292622661451 865.30694876722555 693.04485288024443 156.54383987891197 133.08442868092243 70.680658590776147 254.31658529312699 131.71333099278854 121.66592389863217 1741.4073920840247 24.404686012450838 372.8582191716996 53.433273261063732 597.8488111532497
leaf_count=69802 813 34766 20017 2119 954 891 99351 2122 3461 218371 142 3238 392 4304
internal_value=1.53411e-10 -0.0033661 -0.00787347 -0.0111669 0.00725083 -0.0127684 -0.0136608 -0.0252556 -0.00547706 -0.0111273 0.0317071 0.0395479 0.0133169 0.00466101
internal_weight=5924.52 5356.73 3760.49 3067.44 1596.24 2910.9 2840.22 507.696 253.379 2332.52 567.789 397.263 170.526 1463.16
internal_count=460743 456158 416134 396117 40024 393998 393107 104934 5583 288173 4585 3380 1205 39070
is_linear=0
shrinkage=0.05


Tree=68
num_leaves=15
num_cat=0
split_feature=6 1 5 0 0 2 4 8 9 8 11 7 2 5
split_gain=245.577 94.7888 74.4952 71.6346 129.41 60.0723 45.976 42.5144 39.3367 31.9918 34.0109 29.5877 49.7459 48.5705
threshold=1.0000000180025095e-35 1.0000000180025095e-35 2.7403194904327397 6.7661678791046151 9.3328065872192401 2.6735538244247441 4.2600743770599374 0.057194961234927184 2.5000000000000004 0.37065069377422338 0.02934115752577782 0.4199241995811463 1.0000000180025095e-35 1.2424533367156985
decision_type=2 2 2 2 2 2 2 2 2 2 2 2 2 2
left_child=1 2 3 5 -5 7 -7 11 -6 10 -4 12 -1 -13
right_child=-2 -3 9 4 8 6 -8 -9 -10 -11 -12 13 -14 -15
leaf_value=-0.039370045521278672 0.032227731887702137 0.02209000928160686 0.067684931782415761 -0.045680414771861869 0.013191163919316224 -0.018957699345014178 0.019451648537748091 -0.0017014222584650679 -0.019988908624141561 0.026468788816658026 -0.008140079922820509 0.020481660573604312 -0.01178858793054665 -0.012334809554137254
leaf_weight=224.20146327702878 535.66625498300709 343.52289454838319 15.260761810204711 309.13180572010879 199.47530246313545 95.960020149141201 398.08517306456633 1879.9688478198814 160.12499194781412 248.56337357674784 162.40666670419159 144.01003229033449 602.04802896713227 506.35834074192462
leaf_count=77605 4585 3626 255 104260 3084 6183 5935 176654 3901 2558 6537 5722 31225 28613
internal_value=7.12608e-11 -0.0032694 -0.00503499 -0.00692027 -0.0220135 -0.00429402 0.011968 -0.00669044 -0.00159792 0.0149243 -0.0012847 -0.0130368 -0.0193113 -0.00504802
internal_weight=5824.78 5289.12 4945.59 4519.36 668.732 3850.63 494.045 3356.59 359.6 426.231 177.667 1476.62 826.249 650.368
internal_count=460743 456158 452532 443182 111245 331937 12118 319819 6985 9350 6792 143165 108830 34335
is_linear=0
shrinkage=0.05


Tree=69
num_leaves=15
num_cat=0
split_feature=6 1 7 2 5 10 3 9 0 5 2 8 0 3
split_gain=231.569 90.9981 75.562 74.747 33.9417 36.1758 31.5516 30.2067 30.2249 26.8776 25.4578 24.4138 29.3935 28.4797
threshold=1.0000000180025095e-35 1.0000000180025095e-35 4.9911012649536142 1.4978661537170412 1.0000000180025095e-35 42.500000000000007 0.16231152415275577 2.5000000000000004 6.4375672340393075 3.0677825212478642 3.8176519870758061 -0.34943807125091547 4.8402345180511483 0.51086932420730602
decision_type=2 2 2 2 2 2 2 2 2 2 2 2 2 2
left_child=1 2 3 4 -1 -6 -5 -8 10 -2 -9 -7 -13 -14
right_child=9 -3 -4 6 5 11 7 8 -10 -11 -12 12 13 -15
leaf_value=-0.018792067379329504 0.025892590563179552 0.021846147554819159 0.0088776067621514475 -0.020252251000303569 0.010882936277372794 -0.046841372774984957 -0.0058439270796004387 0.010866276567135368 -0.02302993764774337 0.054274485957524668 0.041318804308974721 -0.0014241003650029118 -0.018713934754684577 0.018418552055894138
leaf_weight=1156.8342649733795 417.7276580327889 338.6102958702977 823.67829609517139 134.3743002740448 226.90809970364899 43.993372962637295 390.03686379506689 576.11910768850066 57.475521626911359 105.11497869563755 77.185484739951789 633.04883597496519 704.97762688248986 54.928951771493303
leaf_count=286100 3403 3626 20813 9306 14057 5715 12272 13346 2329 1182 468 39389 47875 862
internal_value=8.84055e-12 -0.00318083 -0.00492166 -0.00772554 -0.012216 -0.0076353 0.00253048 0.00532737 0.0114572 0.0316913 0.0145218 -0.010565 -0.00938655 -0.0160092
internal_weight=5741.01 5218.17 4879.56 4055.88 2820.69 1663.86 1235.19 1100.82 710.78 522.843 653.305 1436.95 1392.96 759.907
internal_count=460743 456158 452532 431719 393998 107898 37721 28415 16143 4585 13814 93841 88126 48737
is_linear=0
shrinkage=0.05


Tree=70
num_leaves=15
num_cat=0
split_feature=6 1 7 2 8 0 2 2 5 8 0 0 2 5
split_gain=219.543 88.2251 70.5995 69.9971 55.1436 41.2553 40.2063 33.2049 33.8285 29.2746 25.3356 26.7459 24.6407 24.3798
threshold=1.0000000180025095e-35 1.0000000180025095e-35 1.9908543229103091 1.0000000180025095e-35 0.25535313785076147 6.0112643241882333 0.89587974548339855 4.686739683151246 1.0000000180025095e-35 0.013501363806426527 9.3328065872192401 6.5438487529754648 2.9174053668975835 1.2424533367156985
decision_type=2 2 2 2 2 2 2 2 2 2 2 2 2 2
left_child=1 2 3 4 -1 7 13 8 9 -5 11 -7 -2 -4
right_child=12 -3 6 5 -6 10 -8 -9 -10 -11 -12 -13 -14 -15
leaf_value=-0.026782525658617853 0.025211136286066211 0.021716864561019802 0.03612141059500637 -0.012984827513572758 -0.0057037229854975573 -0.013809489235576421 0.017269503498869448 0.044400761321314999 0.01296430995897168 0.0025362915211479702 -0.00069784224325498859 -0.057061574547383788 0.051469677961351407 -0.0020827503874677566
leaf_weight=764.77362170642573 389.32341195117624 334.46539912631852 42.137836678230087 599.9994040331585 522.73747104207996 72.3868196923504 394.38095459283795 39.805550802964717 326.59339818471926 613.78744162501243 81.869019111210946 71.269209713304008 117.2687706113793 1305.8312144339397
leaf_count=237555 3500 3626 839 31585 85938 2795 2577 205 2237 31164 1641 7690 1085 48306
internal_value=7.29381e-11 -0.00308019 -0.00479948 -0.0093327 -0.0182355 -0.00297825 0.00324916 -0.00011749 -0.00129596 -0.00514048 -0.0229337 -0.0355134 0.031379 -0.000862587
internal_weight=5676.63 5170.04 4835.57 3093.22 1287.51 1805.71 1742.35 1580.19 1540.38 1213.79 225.525 143.656 506.592 1347.97
internal_count=460743 456158 452532 400810 323493 77317 51722 65191 64986 62749 12126 10485 4585 49145
is_linear=0
shrinkage=0.05


Tree=71
num_leaves=15
num_cat=0
split_feature=6 1 7 2 8 7 0 5 0 2 4 8 8 3
split_gain=207.741 84.6721 68.6408 64.4441 43.4199 47.4146 40.4484 53.3467 36.1695 32.234 31.9018 26.7486 26.403 23.7897
threshold=1.0000000180025095e-35 1.0000000180025095e-35 6.4692182540893564 1.0000000180025095e-35 0.32030881941318518 0.78032484650611889 6.0112643241882333 1.0000000180025095e-35 4.8402345180511483 4.7224690914154062 -4.1208093166351309 0.013501363806426527 0.18061149120330813 0.12285092473030092
decision_type=2 2 2 2 2 2 2 2 2 2 2 2 2 2
left_child=1 2 3 4 5 12 7 9 10 11 -7 -5 -1 -4
right_child=-2 -3 13 6 -6 8 -8 -9 -10 -11 -12 -13 -14 -15
leaf_value=-0.035515587510673623 0.030989297325951105 0.021405674648172571 -0.0023149682977189451 -0.0123380247114041 -0.0017514922312870885 -0.052528097589184919 -0.017443899344864094 0.015372468435466731 -0.024821755411616967 0.046254998140492817 -0.00039703362969769072 0.0025546448997955844 -0.014047044491903627 0.018662052031303354
leaf_weight=411.02456775465726 492.27990179271728 331.71837001138192 208.5031023448355 594.27776485920185 606.40655512923149 29.94622251952751 305.37226914008352 536.98684184718877 280.87774394323787 30.738816074561328 568.1608662978997 610.37709492633439 222.53445528111024 382.16683979533991
leaf_count=172091 4585 3626 8348 31600 56710 3656 13277 3349 19163 151 27403 31172 79223 6389
internal_value=-2.00994e-10 -0.00298557 -0.00467976 -0.0069262 -0.0130594 -0.0175889 -0.000668075 0.00223052 -0.010055 -0.00348968 -0.00309047 -0.00479631 -0.0280089 0.0112659
internal_weight=5611.37 5119.09 4787.37 4196.7 2118.95 1512.54 2077.75 1772.38 878.985 1235.39 598.107 1204.65 633.559 590.67
internal_count=460743 456158 452532 437795 358246 301536 79549 66272 50222 62923 31059 62772 251314 14737
is_linear=0
shrinkage=0.05


Tree=72
num_leaves=15
num_cat=0
split_feature=6 4 0 0 7 2 2 0 1 10 8 5 7 5
split_gain=196.772 81.8042 70.3191 138.013 49.2736 69.9772 44.3074 46.0458 57.5666 36.3072 32.8279 33.181 42 32.6839
threshold=1.0000000180025095e-35 10.339858531951906 6.7661678791046151 9.3328065872192401 0.98801764845848095 1.0000000180025095e-35 1.0000000180025095e-35 5.5947046279907235 1.0000000180025095e-35 49.500000000000007 0.41116237640380865 1.2424533367156985 2.7535593509674077 2.7403194904327397
decision_type=2 2 2 2 2 2 2 2 2 2 2 2 2 2
left_child=1 2 4 -4 6 10 7 8 -1 -5 11 -6 -13 -11
right_child=-2 -3 3 9 5 -7 -8 -9 -10 13 -12 12 -14 -15
leaf_value=-0.028341147324722885 0.030497549400994597 0.025064539494250051 -0.044179545892146115 0.028091959877408059 0.01976552969897534 0.020396950879874087 -0.0019751183562180001 0.0020156120791464901 0.062485250013704863 -0.017179893323223082 0.026063777722180371 -0.024514362545436597 -0.0012698172019393493 0.020331920015639535
leaf_weight=488.88633559655864 481.88013376407616 247.59532191733888 305.25322223671537 90.752019371575443 128.53401268874586 495.07480115524959 1628.1161517910223 225.28622662461748 17.172079446958378 229.5640964747181 96.767332272720523 258.07136458488822 778.17317422050837 76.692002969211899
leaf_count=184155 4585 2313 106470 804 4497 2817 69858 30675 407 5567 1733 17815 28481 566
internal_value=-3.44982e-11 -0.00290642 -0.00434864 -0.0189603 -0.00185168 0.00448705 -0.00657077 -0.0167849 -0.025142 0.000492591 -0.00176776 -0.00410032 -0.0070768 -0.00775066
internal_weight=5547.82 5065.94 4818.34 702.261 4116.08 1756.62 2359.46 731.345 506.058 397.008 1261.55 1164.78 1036.24 306.256
internal_count=460743 456158 453845 113407 340438 55343 285095 215237 184562 6937 52526 50793 46296 6133
is_linear=0
shrinkage=0.05


Tree=73
num_leaves=15
num_cat=0
split_feature=6 1 7 2 7 7 3 3 4 5 2 9 8 2
split_gain=186.219 79.4215 68.4831 54.4454 31.2691 45.0942 26.0943 26.0778 25.2691 24.7939 35.3191 24.7395 25.7823 24.3486
threshold=1.0000000180025095e-35 1.0000000180025095e-35 6.4692182540893564 1.4978661537170412 0.99644413590431224 1.0116206407546999 0.35652559995651251 0.20309298485517505 -4.6277472972869864 1.8688347935676577 1.0000000180025095e-35 2.5000000000000004 0.25535313785076147 0.89587974548339855
decision_type=2 2 2 2 2 2 2 2 2 2 2 2 2 2
left_child=1 2 3 4 6 -6 9 -5 -7 10 -1 -9 -13 -2
right_child=13 -3 -4 7 5 8 -8 11 -10 -11 -12 12 -14 -15
leaf_value=-0.03104706165298983 0.017167162256545292 0.021060080507998763 0.011588515340649246 -0.015069459675839756 0.031510805872311969 -0.061635239717166029 -0.0057228456457451187 -0.0051451212300537667 -0.0062598448606861956 0.010468444718367737 -0.012255915459000139 0.016902579044389073 -0.005411837989704577 0.040151450038509832
leaf_weight=498.34852767717985 209.40979906317079 324.3229740394745 579.4752943065032 186.21873463515658 79.091313338947657 19.968790371574869 488.20654597681732 369.47151121156639 1232.2909997503157 63.510131739432836 505.22012190194073 486.90408918814501 175.64118482833146 262.1765716929367
leaf_count=231813 2001 3626 14737 12632 1737 2545 69798 11270 53003 5417 35534 9861 4185 2584
internal_value=-5.65902e-11 -0.00283034 -0.00448854 -0.00676038 -0.0105002 -0.00487025 -0.0153133 0.00210253 -0.00719135 -0.0196916 -0.0216088 0.00521266 0.0109878 0.0300031
internal_weight=5480.26 5008.67 4684.35 4104.87 2886.64 1331.35 1555.29 1218.24 1252.26 1067.08 1003.57 1032.02 662.545 471.586
internal_count=460743 456158 452532 437795 399847 57285 342562 37948 55548 272764 267347 25316 14046 4585
is_linear=0
shrinkage=0.05


Tree=74
num_leaves=15
num_cat=0
split_feature=6 4 0 0 7 2 2 1 0 10 3 5 11 7
split_gain=176.913 74.4976 64.2809 128.241 45.9988 63.4353 36.4487 43.216 54.9106 33.558 30.4592 26.6258 25.1105 24.8388
threshold=1.0000000180025095e-35 10.339858531951906 6.7661678791046151 9.3328065872192401 0.98801764845848095 1.0000000180025095e-35 1.0000000180025095e-35 1.0000000180025095e-35 5.478551149368287 47.500000000000007 0.26348154246807104 2.7403194904327397 0.027063434012234214 4.9911012649536142
decision_type=2 2 2 2 2 2 2 2 2 2 2 2 2 2
left_child=1 2 4 -4 6 10 7 8 -1 -5 13 -11 -8 -6
right_child=-2 -3 3 9 5 -7 12 -9 -10 11 -12 -13 -14 -15
leaf_value=-0.028671267776371523 0.029722148735899751 0.024502366901406971 -0.04341555877752841 0.02810810056388155 -0.011852047150699424 0.019762581150315397 -0.026064724875070083 0.058669233825397495 0.00055103444201147641 -0.01576884642850046 0.013995775619738002 0.01861395363990008 -0.00055307085256937807 0.0043103143365778454
leaf_weight=432.52712787855353 457.31507435800449 237.79307856691594 290.4203287648038 84.836158254678594 601.42123087362415 484.58094994525891 102.04384626362298 18.011823891778477 255.43779041184735 227.56274675791065 250.65386276376375 73.791579188662581 1508.9405922665646 391.97755201431573
leaf_count=176926 4585 2313 106470 749 33584 2817 6774 419 37892 5609 5654 579 63084 13288
internal_value=1.07556e-10 -0.00274584 -0.00412286 -0.0183756 -0.00173519 0.00443583 -0.00633918 -0.015804 -0.0178361 0.000518317 -0.0015453 -0.00731593 -0.00218421 -0.00547674
internal_weight=5417.31 4960 4722.21 676.611 4045.59 1728.63 2316.96 705.977 687.965 386.19 1244.05 301.354 1610.98 993.399
internal_count=460743 456158 453845 113407 340438 55343 285095 215237 214818 6937 52526 6188 69858 46872
is_linear=0
shrinkage=0.05


Tree=75
num_leaves=15
num_cat=0
split_feature=6 1 7 4 2 5 2 2 5 6 2 8 7 5
split_gain=167.85 71.0821 57.0178 55.044 39.4346 37.195 33.4693 30.5884 24.3477 24.8053 29.6507 24.3328 22.7674 22.4455
threshold=1.0000000180025095e-35 1.0000000180025095e-35 1.9908543229103091 5.1169738769531259 1.0000000180025095e-35 1.7005987167358401 1.0000000180025095e-35 2.6735538244247441 3.0677825212478642 2.9174053668975835 0.89587974548339855 -0.025325838476419445 0.75113642215728771 1.2424533367156985
decision_type=2 2 2 2 2 2 2 2 2 2 2 2 2 2
left_child=1 2 3 4 5 -1 13 -5 9 10 -2 -7 -12 -4
right_child=8 -3 6 7 -6 11 -8 -9 -10 -11 12 -13 -14 -15
leaf_value=-0.029720999173517827 0.010843218923776547 0.020168448695279922 0.036187429484005967 -0.0050191619449630308 -0.0080823356981351933 -0.044635146760281297 0.015020621109567579 0.013178141398887427 0.053330950022544121 -0.059432772119647904 -0.0059285870729514842 0.011030939830700148 0.046631727211988584 -0.0023229748149431197
leaf_weight=538.53676121301578 176.15464919043006 317.31179831729969 38.077241936305654 1020.4404843857401 937.28373841524808 23.22729487820834 434.97404251535772 297.39689033140166 84.720670625683852 7.8872806504368773 23.472384073691501 102.48736256692973 156.01833166566212 1191.6197012193861
leaf_count=214593 1671 3626 812 112216 56233 4610 3305 5202 1182 41 193 7956 1498 47605
internal_value=-3.51829e-12 -0.0026806 -0.00426628 -0.0084761 -0.014701 -0.0240141 0.00311723 -0.000905691 0.0292513 0.0235087 0.0255096 0.000474878 0.0397635 -0.00110208
internal_weight=5349.61 4901.36 4584.04 2919.37 1601.54 664.251 1664.67 1317.84 448.253 363.533 355.645 125.715 179.491 1229.7
internal_count=460743 456158 452532 400810 283392 227159 51722 117418 4585 3403 3362 12566 1691 48417
is_linear=0
shrinkage=0.05


Tree=76
num_leaves=15
num_cat=0
split_feature=6 4 0 0 7 2 4 3 9 2 1 7 8 4
split_gain=162.489 68.9388 59.8279 113.479 40.3486 55.9431 32.4464 29.5764 29.4165 28.4418 37.0041 22.8973 21.8929 21.3797
threshold=1.0000000180025095e-35 10.339858531951906 6.7661678791046151 9.3328065872192401 0.98801764845848095 1.0000000180025095e-35 5.5692985057830819 0.23205286264419558 2.5000000000000004 1.0000000180025095e-35 1.0000000180025095e-35 4.9911012649536142 0.18061149120330813 3.2393506765365605
decision_type=2 2 2 2 2 2 2 2 2 2 2 2 2 2
left_child=1 2 4 -4 6 7 9 11 -5 10 12 -6 -1 -2
right_child=13 -3 3 8 5 -7 -8 -9 -10 -11 -12 -13 -14 -15
leaf_value=-0.03275740230939294 0.01227385454013029 0.024095537856556909 -0.042256623518720088 0.013803054354047285 -0.012111388183922722 0.018834507589201674 0.0015644995547745286 0.012327738279267746 -0.014085199005446733 -0.0060856112798901782 0.063990618847624234 0.0038991287364411823 -0.0080782728322415405 0.036902170764953245
leaf_weight=262.41135236718037 126.79555576381244 229.41569922301278 275.7441232600795 188.99951053554469 564.05397863337203 471.05512849995284 876.27151202242476 296.0492828215647 187.23188157983532 985.75050566472419 11.291386209544724 368.59582811874134 137.63677822535738 298.34924199039961
leaf_count=114572 1184 2313 106470 2764 32761 2817 65455 7052 4173 56475 199 12713 48394 3401
internal_value=2.31843e-10 -0.00259812 -0.00392711 -0.0179532 -0.00162154 0.00420424 -0.00597731 -0.00141542 -7.6107e-05 -0.0107054 -0.0217347 -0.00578642 -0.0243078 0.029603
internal_weight=5279.65 4854.51 4625.09 651.976 3973.12 1699.75 2273.36 1228.7 376.231 1397.09 411.34 932.65 400.048 425.145
internal_count=460743 456158 453845 113407 340438 55343 285095 52526 6937 219640 163165 45474 162966 4585
is_linear=0
shrinkage=0.05


Tree=77
num_leaves=15
num_cat=0
split_feature=6 1 7 2 8 0 0 9 3 9 0 4 7 5
split_gain=154.926 66.6 53.1937 45.3749 29.7951 29.9336 93.7155 42.1657 24.0931 26.8509 23.6916 23.9716 38.9973 23.3343
threshold=1.0000000180025095e-35 1.0000000180025095e-35 11.549574851989748 2.1383330821990971 0.057194961234927184 6.7661678791046151 9.3328065872192401 2.5000000000000004 0.17111108452081683 2.5000000000000004 4.610145330429078 -2.7741602659225459 0.4199241995811463 1.2424533367156985
decision_type=2 2 2 2 2 2 2 2 2 2 2 2 2 2
left_child=1 2 3 4 10 -6 -7 -8 -5 -10 11 -1 -13 -14
right_child=-2 -3 -4 8 5 6 7 -9 9 -11 -12 12 13 -15
leaf_value=-0.035870180317846383 0.029307452574085676 0.019866437869559224 0.018568230155058041 -0.022658772215704611 -0.00095336164012934505 -0.04157448655164888 0.015653845232173218 -0.01849126587405615 -0.0057801663518526128 0.014396875300988939 -0.030319822905653701 -0.017679663577552716 0.024840935329129777 -0.0036172734961739937
leaf_weight=88.739661178410643 414.05537133957841 309.42383093567332 244.15745936726489 70.022143755584693 1625.3700844159098 201.51060963506598 207.03497954877821 158.92058449723118 244.05967045125726 504.39608037001744 190.12506882510343 539.80904985119878 91.387760432946379 326.09009758495449
leaf_count=13274 4585 3626 5694 6314 173766 84588 3375 4000 7197 10176 38217 85664 3310 16957
internal_value=2.62591e-10 -0.00253313 -0.0040803 -0.00538627 -0.00791074 -0.00440798 -0.0142838 0.000815939 0.00518667 0.00781853 -0.0141158 -0.0111444 -0.00881729 0.00265683
internal_weight=5215.1 4801.05 4491.62 4247.47 3428.99 2192.84 567.466 365.956 818.478 748.456 1236.15 1046.03 957.287 417.478
internal_count=460743 456158 452532 446838 423151 265729 91963 7375 23687 17373 157422 119205 105931 20267
is_linear=0
shrinkage=0.05


Tree=78
num_leaves=15
num_cat=0
split_feature=6 2 3 7 1 5 3 5 0 0 0 2 5 7
split_gain=146.947 63.6572 47.2657 39.8498 45.0773 25.7682 24.0576 34.9241 34.9872 34.0374 23.784 27.699 35.0231 23.535
threshold=1.0000000180025095e-35 2.6735538244247441 0.29992264509201055 3.5899066925048833 1.0000000180025095e-35 1.7005987167358401 0.062959209084510817 2.0126758217811589 6.7661678791046151 7.7495844364166269 6.6713323593139657 1.0000000180025095e-35 1.0000000180025095e-35 4.9911012649536142
decision_type=2 2 2 2 2 2 2 2 2 2 2 2 2 2
left_child=1 3 -3 4 6 -5 -1 8 10 -10 11 12 -8 -7
right_child=-2 2 -4 5 -6 13 7 -9 9 -11 -12 -13 -14 -15
leaf_value=-0.018778851162069971 0.028832946882510032 -0.01406183463592546 0.019713314806349625 0.031831231159201112 0.014397095962374812 -0.012873878143669136 -0.02491797238909042 0.014161548370571656 -0.050471976346525116 -0.013705004591653434 0.023575330836410665 -0.0019823983364680251 -0.0036784153093224036 0.0060927744959912711
leaf_weight=525.62351695493498 406.03291496019665 130.89142545237337 484.61277860029077 75.901325794446166 218.58379728278669 211.96282737598449 390.64605832819052 179.94646183255827 87.716466760253297 220.9596523312639 64.02576909824711 1070.3791048999956 385.58069968021118 704.18712580226384
leaf_count=81798 4585 8280 6563 1892 2938 8219 174814 4854 52305 23240 3296 45575 21848 20536
internal_value=-1.93398e-11 -0.00246968 0.0125196 -0.00470308 -0.00745982 0.00403076 -0.00909761 -0.00696972 -0.0086887 -0.0242823 -0.00615805 -0.00720117 -0.0143858 0.00169535
internal_weight=5157.05 4751.02 615.504 4135.51 3143.46 992.051 2924.88 2399.25 2219.31 308.676 1910.63 1846.61 776.227 916.15
internal_count=460743 456158 14843 441315 410668 30647 407730 325932 321078 75545 245533 242237 196662 28755
is_linear=0
shrinkage=0.05


Tree=79
num_leaves=15
num_cat=0
split_feature=6 1 7 2 7 4 2 10 0 0 3 5 8 3
split_gain=139.364 60.8298 47.5941 43.2072 26.0597 25.1999 32.6312 25.1755 22.5381 24.7545 21.2066 21.1614 25.2771 20.2907
threshold=1.0000000180025095e-35 1.0000000180025095e-35 6.4692182540893564 1.4978661537170412 0.57019612193107616 6.1773211956024179 1.0000000180025095e-35 47.500000000000007 4.8402345180511483 5.0968081951141366 0.059294842183589942 1.2424533367156985 0.043524799868464477 0.26348154246807104
decision_type=2 2 2 2 2 2 2 2 2 2 2 2 2 2
left_child=1 2 3 4 5 6 -1 -6 11 -10 -5 -9 -13 -4
right_child=-2 -3 13 10 7 -7 -8 8 9 -11 -12 12 -14 -15
leaf_value=-0.028136109050392218 0.028358211057788765 0.019238884081456659 0.0018272484101723716 -0.036449858751325684 0.014674478303623603 -0.0026498876998020792 -0.0095853922381143545 0.019802385474910575 -0.043009836063726853 -0.010240414524299841 0.0033740086813283734 -0.014512245737195973 0.0077245769669219552 0.021299812218893599
leaf_weight=462.85272435691877 398.35985132952919 302.68159378660494 326.46267610296854 33.453195797654189 149.79700986441458 333.23623786623466 488.07357595462236 108.2600276640751 63.299834837900562 571.02047338099965 1127.0111757240884 280.57945104418832 233.1327663899574 225.90921496035298
leaf_count=255796 4585 3626 11810 3662 4754 35713 36190 4731 3509 30560 34286 20238 8356 2927
internal_value=2.87487e-11 -0.00240614 -0.00389811 -0.00586728 -0.0093448 -0.0144921 -0.0186348 -0.00463691 -0.00694939 -0.0135731 0.0021956 -0.000183258 -0.00442533 0.00981524
internal_weight=5104.13 4705.77 4403.09 3850.72 2690.25 1284.16 950.926 1406.09 1256.29 634.32 1160.46 621.972 513.712 552.372
internal_count=460743 456158 452532 437795 399847 327699 291986 72148 67394 34069 37948 33325 28594 14737
is_linear=0
shrinkage=0.05


Tree=80
num_leaves=15
num_cat=0
split_feature=6 1 7 2 8 3 0 5 2 8 2 5 9 7
split_gain=132.375 58.5937 46.2077 45.2057 37.1036 30.8105 25.9586 24.5848 23.9097 21.1875 20.5828 20.5363 19.6904 19.38
threshold=1.0000000180025095e-35 1.0000000180025095e-35 1.9908543229103091 1.0000000180025095e-35 0.18061149120330813 0.26348154246807104 6.0112643241882333 1.0000000180025095e-35 4.686739683151246 0.013501363806426527 4.2121002674102792 3.0677825212478642 3.5000000000000004 0.78032484650611889
decision_type=2 2 2 2 2 2 2 2 2 2 2 2 2 2
left_child=1 2 3 4 13 -4 7 8 9 -5 -7 -2 -6 -1
right_child=11 -3 5 6 12 10 -8 -9 -10 -11 -12 -13 -14 -15
leaf_value=-0.032237309338778698 0.022351449762149918 0.018993093892542019 -0.0021363926856607686 -0.011682136242582616 -0.0020972592434495142 0.010116644800970284 -0.019537915185062395 0.012497655919525827 0.03948221897212012 0.001986483180376052 0.05266828118357865 0.052036075136375787 -0.023833144859221951 -0.011541141676615711
leaf_weight=342.22655272755219 319.76030442495539 299.95065933774458 1036.4530366261988 553.59721560616163 460.79907016292054 528.40623838732427 196.05178882267501 301.27622453891672 30.483220230438747 579.51033334926979 29.126411740202457 71.515769918914884 133.72516690995235 171.07472111902098
leaf_count=172091 3403 3626 43428 31585 103261 8148 12126 2268 174 31164 146 1182 30990 17151
internal_value=6.63966e-11 -0.00234641 -0.00381758 -0.00772093 -0.015539 0.00296311 -0.00250007 -0.000208023 -0.00350568 -0.00469594 0.0124299 0.0278959 -0.00701808 -0.0253755
internal_weight=5053.96 4662.68 4362.73 2768.74 1107.83 1593.99 1660.92 1464.87 1163.59 1133.11 557.533 391.276 594.524 513.301
internal_count=460743 456158 452532 400810 323493 51722 77317 65191 62923 62749 8294 4585 134251 189242
is_linear=0
shrinkage=0.05


Tree=81
num_leaves=15
num_cat=0
split_feature=6 4 0 0 8 2 0 5 1 7 0 10 5 4
split_gain=126.004 56.6449 48.8351 87.2342 37.1833 35.324 27.815 26.1196 25.9335 29.4671 26.7365 24.8396 24.1589 23.9156
threshold=1.0000000180025095e-35 10.339858531951906 6.7661678791046151 9.3328065872192401 0.41116237640380865 1.4978661537170412 5.3494603633880624 2.0126758217811589 1.0000000180025095e-35 0.57019612193107616 5.7525525093078622 42.500000000000007 1.0000000180025095e-35 -2.9760928153991695
decision_type=2 2 2 2 2 2 2 2 2 2 2 2 2 2
left_child=1 2 4 -4 5 8 -6 -8 9 -1 13 -5 -7 -11
right_child=-2 -3 3 11 6 12 7 -9 -10 10 -12 -13 -14 -15
leaf_value=-0.013496854725114353 0.027532451868765542 0.022921425131412772 -0.039537482067457573 0.026343597115756519 -0.01086754009821315 -0.0001251488819166544 0.0055849784972314695 0.045695332732035153 0.015709613161610698 -0.025785487445454287 -0.023154406666430784 -0.0072427685405277737 0.015894762951208709 0.002168590063374541
leaf_weight=1030.9626555802961 382.71824191701307 211.65424149435421 246.18737217710714 66.904883983617765 59.810698117638822 769.94645947058598 70.770688083961431 95.161708465195261 129.78980295795191 81.242551142426237 135.49375790296472 289.82157056249162 337.93096646099002 1097.1544896188952
leaf_count=236315 4585 2313 106470 634 2728 31785 4126 861 1981 8815 6704 6303 2067 45056
internal_value=3.66502e-12 -0.00228484 -0.00349919 -0.0167088 -0.00140405 -0.00264614 0.0182326 0.0287241 -0.00596744 -0.00717347 -0.00220524 -0.000887534 0.00477126 0.000221115
internal_weight=5005.55 4622.83 4411.18 602.914 3808.26 3582.52 225.743 165.932 2474.64 2344.85 1313.89 356.726 1107.88 1178.4
internal_count=460743 456158 453845 113407 340438 332723 7715 4987 298871 296890 60575 6937 33852 53871
is_linear=0
shrinkage=0.05


Tree=82
num_leaves=15
num_cat=0
split_feature=6 2 3 7 1 11 3 5 0 5 2 3 0 0
split_gain=119.647 55.1178 39.8679 33.6996 35.8982 21.8085 20.5065 25.9689 33.0707 30.2953 23.5369 35.3605 28.0673 21.3611
threshold=1.0000000180025095e-35 2.6735538244247441 0.29992264509201055 11.549574851989748 1.0000000180025095e-35 0.030479270033538345 0.055673513561487205 1.0000000180025095e-35 4.5053346157073983 2.0126758217811589 1.0000000180025095e-35 0.37706173956394201 5.6577248573303232 6.2015223503112802
decision_type=2 2 2 2 2 2 2 2 2 2 2 2 2 2
left_child=1 3 -3 4 6 -5 13 10 -9 -10 11 -8 -13 -1
right_child=-2 2 -4 5 -6 -7 7 8 9 -11 -12 12 -14 -15
leaf_value=-0.011503617083120542 0.027073640291957635 -0.012889633449175665 0.018756989202316793 0.072896795254959096 0.014064512954634824 0.010742616373023381 -0.031188218256046292 0.011143736332560864 -0.011189027633968437 0.005912063163398526 -0.0047724883863265437 -0.023951682670785485 0.012393326671902672 -0.042295740325191011
leaf_weight=660.60061025904361 375.99607322311931 125.78480356283399 464.89503235933807 14.323013440618523 221.69366046828509 188.1761985485482 259.84149352913846 443.67496222757472 711.52870778002216 406.07086634928783 800.20627300209526 94.372686047480329 118.95096933291825 60.815925138362672
leaf_count=62254 4585 8280 6563 211 3018 5408 186142 13355 40449 10529 48465 33196 9613 28675
internal_value=-2.50271e-11 -0.00223246 0.0120075 -0.00434818 -0.00541461 0.0154755 -0.0066326 -0.00471399 -0.000390798 -0.00497575 -0.0100102 -0.0188393 -0.00372215 -0.0141544
internal_weight=4946.93 4570.94 590.68 3980.26 3777.76 202.499 3556.06 2834.65 1561.27 1117.6 1273.37 473.165 213.324 721.417
internal_count=460743 456158 14843 441315 435696 5619 432678 341749 64333 50978 277416 228951 42809 90929
is_linear=0
shrinkage=0.05


Tree=83
num_leaves=15
num_cat=0
split_feature=4 6 0 0 2 5 7 1 8 10 9 4 5 8
split_gain=115.313 59.4062 50.579 76.1632 33.1694 38.7471 36.4992 28.0933 28.7902 22.0368 18.6178 24.8806 17.6555 17.5741
threshold=10.339858531951906 0.89587974548339855 6.7661678791046151 9.3328065872192401 1.4978661537170412 1.0000000180025095e-35 4.9911012649536142 0.89587974548339855 0.31447993218898779 42.500000000000007 2.5000000000000004 0.77876859903335582 1.8688347935676577 0.023873083293437961
decision_type=2 2 2 2 2 2 2 2 2 2 2 2 2 2
left_child=1 2 4 -4 6 10 7 8 -1 -5 -6 -12 -8 -14
right_child=-2 -3 3 9 5 -7 12 -9 -10 -11 11 -13 13 -15
leaf_value=-0.010250993175615399 0.02955891991902795 0.027902696267431498 -0.038517294671782061 0.023935638649748233 -0.010249207669935499 0.018564979607651425 0.05070497034933226 0.027748728800535884 0.0061796492437705512 -0.0079205151943891189 -0.050486223300205461 0.0079861963037557524 -0.0092556386134715549 0.01196216223547949
leaf_weight=1792.3214579357973 308.14592478671693 159.42640628186928 237.32963005072088 65.607599072696758 300.36444170783943 403.47529229123029 22.182535760221072 56.090232031070627 312.47905075089329 292.62456517802275 17.96163314475416 453.43057204315846 134.95144355601224 345.87945520405628
leaf_count=261558 3807 1907 106502 665 13272 2776 334 695 28439 6400 2550 16440 6438 8960
internal_value=-3.36027e-11 -0.00198863 -0.00306927 -0.0166138 -0.000964334 0.00602959 -0.00405094 -0.00687452 -0.00780992 -0.0020359 -0.000539466 0.00565604 0.0080684 0.00600026
internal_weight=4902.27 4594.12 4434.7 595.562 3839.14 1175.23 2663.9 2160.89 2104.8 358.232 771.757 471.392 503.013 480.831
internal_count=460743 456936 455029 113567 341462 35038 306424 290692 289997 7065 32262 18990 15732 15398
is_linear=0
shrinkage=0.05


Tree=84
num_leaves=15
num_cat=0
split_feature=6 1 7 2 8 5 0 7 3 2 11 8 11 11
split_gain=112.441 50.1353 39.8834 35.3503 30.5673 27.5225 35.2374 27.4131 24.2848 20.0933 19.7119 24.0187 19.7961 19.7052
threshold=1.0000000180025095e-35 1.0000000180025095e-35 11.549574851989748 1.0000000180025095e-35 0.066440600901842131 1.0000000180025095e-35 4.8242976665496835 0.3217682838439942 0.27126950025558477 3.2384861707687382 0.097147613763809218 0.18266969919204715 0.29211647808551794 0.29601737856864935
decision_type=2 2 2 2 2 2 2 2 2 2 2 2 2 2
left_child=1 2 3 4 7 -5 -7 -1 13 -2 -4 12 -12 -9
right_child=9 -3 10 5 -6 6 -8 8 -10 -11 11 -13 -14 -15
leaf_value=-0.034809332319953264 0.021439103259814102 0.017990780319464043 0.033681886906770694 -0.0044092886903537541 -0.0049614976096434664 0.020952312324143924 -0.0015642503685653467 -0.010077322679683476 0.021181605892392191 0.052729043388964884 -0.070674818281570892 0.016043914622534797 0.0067007619788814789 -0.035507455381245716
leaf_weight=177.09508528325659 292.13837105210405 288.29844600093929 97.094546475127572 1214.0547166844517 1367.2835175351665 300.41913258226123 409.94551514110935 356.64857326170113 49.064332069443481 62.293374952598242 15.981291065361804 100.71394191571744 15.798710686161938 96.396918561844359
leaf_count=96041 3685 3626 1863 72086 230987 1966 6088 28441 1300 900 1117 1824 890 9929
internal_value=5.50086e-11 -0.00214309 -0.00352892 -0.00470178 -0.00927484 0.000163642 0.00797426 -0.0179378 -0.0119298 0.0270714 0.0166891 0.00407737 -0.0331783 -0.0155545
internal_weight=4843.23 4488.79 4200.5 3970.91 2046.49 1924.42 710.365 679.205 502.11 354.432 229.588 132.494 31.78 453.045
internal_count=460743 456158 452532 446838 366698 80140 8054 135711 39670 4585 5694 3831 2007 38370
is_linear=0
shrinkage=0.05


Tree=85
num_leaves=15
num_cat=0
split_feature=6 2 3 7 1 7 8 7 5 2 8 5 3 4
split_gain=106.801 49.707 34.9712 30.7365 32.1925 19.8544 26.0706 19.3146 31.1621 22.4811 29.6355 23.9523 30.5014 20.576
threshold=1.0000000180025095e-35 2.6735538244247441 0.29992264509201055 11.549574851989748 1.0000000180025095e-35 0.091203775256872191 0.12476487830281259 1.9908543229103091 1.2424533367156985 1.0000000180025095e-35 -0.063556499779224382 1.7005987167358401 0.37706173956394201 -4.6277472972869864
decision_type=2 2 2 2 2 2 2 2 2 2 2 2 2 2
left_child=1 3 -3 4 7 6 -4 9 -9 10 -1 12 -12 -10
right_child=-2 2 5 -5 -6 -7 -8 8 13 -11 11 -13 -14 -15
leaf_value=-0.034743688924983279 0.02668198791726677 -0.011998938758207151 0.020463811393550756 0.015092499947181646 0.01355724320032712 0.030481388696666792 -0.012598678908263156 0.036745115969348673 -0.055893461158491614 -0.0043962175318969744 -0.022433297440390257 0.0078288705577619754 -0.0017178560620492507 -0.0020793382075212047
leaf_weight=152.30170508588822 346.85270862034668 122.17619977791401 173.14456911307934 196.69530245090209 215.61084054839739 187.41111706075753 89.843246309275855 50.730035183325526 17.045149314788432 1205.7058035925056 462.09837323792567 142.55343203636403 288.61278466608974 1145.7621899126207
leaf_count=55084 4585 8280 2596 5619 3018 1215 2752 919 1929 63800 218111 9811 40487 42537
internal_value=-6.10015e-13 -0.00208538 0.0116536 -0.00411685 -0.00514729 0.018082 0.0091639 -0.00631482 -0.00122869 -0.00905472 -0.0144174 -0.0109168 -0.0144821 -0.00291553
internal_weight=4796.54 4449.69 572.575 3877.12 3680.42 450.399 262.988 3464.81 1213.54 2251.27 1045.57 893.265 750.711 1162.81
internal_count=460743 456158 14843 441315 435696 6563 5348 432678 45385 387293 323493 268409 258598 44466
is_linear=0
shrinkage=0.05


Tree=86
num_leaves=15
num_cat=0
split_feature=6 2 1 7 4 2 5 3 11 2 5 5 7 8
split_gain=101.684 46.8516 37.2128 36.4486 34.7681 29.3954 23.3417 24.6702 21.5485 18.6612 17.8181 18.8895 22.597 20.9352
threshold=1.0000000180025095e-35 3.9607677459716801 1.0000000180025095e-35 2.8448773622512822 4.8030695915222177 1.0000000180025095e-35 1.0000000180025095e-35 0.241712361574173 0.027063434012234214 3.2384861707687382 3.8606742620468144 1.7005987167358401 4.9911012649536142 0.070791013538837447
decision_type=2 2 2 2 2 2 2 2 2 2 2 2 2 2
left_child=1 2 3 4 5 6 -1 -8 -7 -2 11 -5 13 -13
right_child=9 -3 -4 10 -6 8 7 -9 -10 -11 -12 12 -14 -15
leaf_value=-0.036963159272589426 0.020857805581246988 0.025447940480401915 0.015409236100532629 0.017167495793278947 -0.0014582211877507401 -0.036300969009479642 -0.019155692226066837 0.013977878104128358 -0.0038906734921448291 0.052105270594458124 0.062664538365671194 -0.032811474239593449 0.0048633350030505068 -0.0034966539720781144
leaf_weight=159.36325552756171 283.91608476921101 148.82930973687326 256.99983571720077 184.6956333943308 1345.7307726952736 54.080820432605833 449.11417150737043 63.459421864998149 750.74219864030056 57.42658252059482 11.452326465281656 82.519621378283773 683.14803948314693 225.98714395941715
leaf_count=137930 3685 1981 3436 5693 146377 5278 71092 3963 47161 900 248 5628 20478 6893
internal_value=-3.47043e-11 -0.0020346 -0.00299883 -0.00418206 -0.00727358 -0.0125684 -0.0202824 -0.0150343 -0.00611086 0.0262516 0.00316402 0.00253202 -0.000208387 -0.0114185
internal_weight=4757.47 4416.12 4267.29 4010.29 2822.49 1476.76 671.937 512.574 804.823 341.343 1187.8 1176.35 991.655 308.507
internal_count=460743 456158 454177 450741 411801 265424 212985 75055 52439 4585 38940 38692 32999 12521
is_linear=0
shrinkage=0.05


Tree=87
num_leaves=15
num_cat=0
split_feature=6 4 0 0 8 2 0 5 5 9 4 7 5 0
split_gain=96.399 44.0378 45.6749 67.0218 31.5773 25.805 25.722 23.4158 20.0484 19.4713 19.308 19.0415 31.0465 25.3198
threshold=1.0000000180025095e-35 10.339858531951906 6.7661678791046151 9.3328065872192401 0.41116237640380865 1.4978661537170412 5.3494603633880624 2.0126758217811589 1.0000000180025095e-35 2.5000000000000004 2.7016590833663945 0.57019612193107616 1.2424533367156985 5.8318653106689462
decision_type=2 2 2 2 2 2 2 2 2 2 2 2 2 2
left_child=1 2 4 -4 5 11 -6 -8 -7 -5 -11 -1 -13 -14
right_child=-2 -3 3 9 6 8 7 -9 -10 10 -12 12 13 -15
leaf_value=-0.0099304479633910946 0.025827991890813362 0.021371380113339285 -0.037627637273690145 0.0096179454456298535 -0.01135618962018697 -0.00016198154459158963 0.005656342355003733 0.044632105227959726 0.014869697228923732 -0.070931196773488817 -0.0092014257144743157 0.016688670320217116 -0.0020840424768742874 -0.030332877769019058
leaf_weight=1086.1957322781946 334.58680719482072 192.08349869494123 221.69102958442363 169.76937487785835 55.843773009833967 743.78462002916785 67.789837341253588 89.306335061817663 315.07802177251142 12.822069422480125 158.54050932040627 208.27590355963002 977.45019798568683 85.349558324749523
leaf_count=238227 4585 2313 106470 2764 2728 31785 4126 861 2067 888 3285 8532 46999 5113
internal_value=1.54992e-11 -0.00197664 -0.00305135 -0.0162911 -0.00099411 -0.00216053 0.0176411 0.0279555 0.00432069 -0.00235572 -0.014205 -0.00507243 -0.000916475 -0.00437898
internal_weight=4718.57 4383.98 4191.9 562.823 3629.07 3416.13 212.94 157.096 1058.86 341.132 171.363 2357.27 1271.08 1062.8
internal_count=460743 456158 453845 113407 340438 332723 7715 4987 33852 6937 4173 298871 60644 52112
is_linear=0
shrinkage=0.05


Tree=88
num_leaves=15
num_cat=0
split_feature=6 1 7 3 0 5 0 0 0 8 2 3 3 10
split_gain=91.612 43.8158 36.8155 28.3772 30.9275 28.9546 35.0411 33.0923 36.2186 25.5645 25.3129 22.9562 22.8737 21.9539
threshold=1.0000000180025095e-35 1.0000000180025095e-35 11.549574851989748 0.16231152415275577 5.8318653106689462 1.0000000180025095e-35 6.2995133399963388 6.1954121589660653 6.0112643241882333 0.057194961234927184 1.4978661537170412 0.46497744321823126 0.36469548940658575 42.500000000000007
decision_type=2 2 2 2 2 2 2 2 2 2 2 2 2 2
left_child=1 2 3 4 9 10 7 8 -7 -1 12 13 -5 -8
right_child=-2 -3 -4 5 -6 6 11 -9 -10 -11 -12 -13 -14 -15
leaf_value=-0.013462158477211906 0.025387791046555832 0.01724963128138798 0.016659262546881326 -0.021438880207004591 -0.028269921329145728 0.0091076596496714648 0.014807874138090078 0.049839715570325016 -0.06500462524755328 0.0022010278808008328 0.00059906708793840905 0.014073380649851279 -0.0029515944296690977 -0.01979100398525618
leaf_weight=636.04522042405915 329.26097797049442 277.78131902754831 218.91517372436101 376.5935218236441 203.80778497760684 768.37438615324572 54.407306472112396 48.164638452282816 15.856819043008725 440.31381954165408 643.47787543678714 93.201193562810658 301.09446172599564 270.32292116325425
leaf_count=62579 4585 3626 5694 165705 71812 18347 1665 392 835 25154 25499 1915 57427 15508
internal_value=1.2679e-10 -0.00192778 -0.00324039 -0.00437544 -0.010455 -0.00134598 0.00410622 0.0100334 0.00752827 -0.00705861 -0.00650505 -0.00769472 -0.0132415 -0.0139664
internal_weight=4677.62 4348.36 4070.58 3851.66 1280.17 2571.49 1250.33 832.396 784.231 1076.36 1321.17 417.931 677.688 324.73
internal_count=460743 456158 452532 446838 159545 287293 38662 19574 19182 87733 248631 19088 223132 17173
is_linear=0
shrinkage=0.05


Tree=89
num_leaves=15
num_cat=0
split_feature=4 0 0 6 8 2 1 0 4 7 11 2 7 5
split_gain=88.0198 47.3787 65.7514 40.5543 27.8656 27.0579 21.9898 20.6078 19.5329 23.1373 22.3283 19.2579 17.9614 17.7274
threshold=10.339858531951906 6.7661678791046151 9.3328065872192401 1.0000000180025095e-35 -0.056599371135234826 3.9607677459716801 1.0000000180025095e-35 4.3630783557891855 -2.7741602659225459 0.02123688813298941 0.005580729106441141 1.0000000180025095e-35 5.9774820804595956 2.3502402305603032
decision_type=2 2 2 2 2 2 2 2 2 2 2 2 2 2
left_child=1 3 -3 4 6 12 7 8 10 -10 -1 -11 -6 -4
right_child=-2 2 13 -5 5 -7 -8 -9 9 11 -12 -13 -14 -15
leaf_value=0.042987011044051879 0.027399002607529817 -0.036652919058800901 -0.01043511709576965 0.021033174805830897 -0.00093498933152713409 0.031186283452295838 0.018167663644423151 -0.031513311502899155 -0.013180943503196955 -0.0019308191722378597 -0.043075577746303328 0.027736957981531953 0.011174015838115265 0.012953281840250415
leaf_weight=7.7601856804431 274.69796687994676 218.40754124416708 213.0785974132541 220.51105164483306 2227.6454951073392 74.043486725306138 70.539184008564916 103.58891543221762 388.45195044493721 220.4464040245357 61.338746830084347 71.700922660529613 354.03095254513755 129.3611114952073
leaf_count=505 3807 106540 5884 2767 242261 629 860 10154 48383 16511 11701 409 9025 1307
internal_value=7.75447e-12 -0.00173178 -0.015284 0.000271874 -0.0010126 0.00158981 -0.00848739 -0.0107096 -0.0077969 -0.00520014 -0.0329349 0.00542024 0.000729229 -0.00158785
internal_weight=4635.6 4360.9 560.847 3800.06 3579.55 2655.72 923.826 853.287 749.698 680.599 69.0989 292.147 2581.68 342.44
internal_count=460743 456936 113731 343205 340438 251915 88523 87663 77509 65303 12206 16920 251286 7191
is_linear=0
shrinkage=0.05


Tree=90
num_leaves=15
num_cat=0
split_feature=6 2 7 3 7 1 5 5 2 8 5 3 0 2
split_gain=84.7514 40.882 28.6455 30.3076 26.3941 29.3373 20.8833 18.7807 17.3522 26.7889 24.651 17.3222 17.5491 16.8902
threshold=1.0000000180025095e-35 2.6735538244247441 0.99886801838874828 0.22482027113437655 3.5899066925048833 1.0000000180025095e-35 1.7005987167358401 3.0677825212478642 1.0000000180025095e-35 -0.040479280054569237 2.0126758217811589 0.50141590833663952 6.7661678791046151 0.89587974548339855
decision_type=2 2 2 2 2 2 2 2 2 2 2 2 2 2
left_child=1 4 3 -3 5 8 -6 13 9 -1 11 12 -11 -2
right_child=7 2 -4 -5 6 -7 -8 -9 -10 10 -12 -13 -14 -15
leaf_value=-0.025931152851564634 0.0065571573150570803 -0.034845288884484363 0.028317480139707946 0.0084809061165967807 0.029351570092405889 0.012410969740978516 0.0014501879294125226 0.051496374302643824 -0.0032954360221149948 -0.0095519111766322121 0.011263842570222109 0.0091894863546052273 -0.027324291563400258 0.031862185909175937
leaf_weight=257.3153645608993 132.72436026346259 44.721602536734281 163.57243869639933 343.89407042941457 71.962171845429111 197.8706624710685 831.26214660624646 54.147951840132009 1266.4284166034013 690.90828188982709 143.24185189972923 95.74916118065812 173.64472889679973 131.34788011576529
leaf_count=70124 1678 5536 1245 8062 1892 2938 28755 1182 64804 174088 6982 4707 87025 1725
internal_value=-1.429e-10 -0.00185298 0.010832 0.00341832 -0.00373407 -0.00611228 0.00370316 0.0248533 -0.00751152 -0.0114298 -0.00802802 -0.0109144 -0.0131489 0.0192164
internal_weight=4598.79 4280.57 552.188 388.616 3728.38 2825.16 903.224 318.22 2627.29 1360.86 1103.54 960.302 864.553 264.072
internal_count=460743 456158 14843 13598 441315 410668 30647 4585 407730 342926 272802 265820 261113 3403
is_linear=0
shrinkage=0.05


Tree=91
num_leaves=15
num_cat=0
split_feature=6 2 1 7 2 8 5 0 5 9 3 0 5 11
split_gain=81.3407 40.4736 30.5069 31.6791 26.6292 27.0737 22.8162 19.5446 19.1481 18.6593 17.8873 25.8738 20.2805 26.8358
threshold=1.0000000180025095e-35 4.3943729400634775 1.0000000180025095e-35 1.9908543229103091 1.0000000180025095e-35 0.18061149120330813 1.2424533367156985 6.0112643241882333 3.8606742620468144 3.5000000000000004 0.11132640019059183 6.2015223503112802 2.9700856208801274 0.02934115752577782
decision_type=2 2 2 2 2 2 2 2 2 2 2 2 2 2
left_child=1 2 3 4 5 -1 -5 -6 10 -7 11 12 -8 -14
right_child=-2 -3 -4 6 7 9 8 -9 -10 -11 -12 -13 13 -15
leaf_value=-0.022514703060889235 0.024687117193028886 0.029475811719132897 0.01428393397591411 0.034106285917528241 -0.00084768997712360229 -0.00079399804934542322 -0.00072896103446466287 -0.019366989798694695 0.062417242614307672 -0.023003793327280298 0.0051250608411161427 -0.043112274826055064 0.052268296883425359 -0.062847022698731408
leaf_weight=448.51402781666752 309.92945079742276 99.960435777960811 251.37146696577838 53.067161660917918 1318.9722164977575 414.63192651525765 479.63019584934227 158.73486526537363 11.574216222332323 121.53994543732551 819.18161397667427 43.396598086065751 5.4415676621138145 25.719959460708196
leaf_count=189242 4585 954 3524 940 64827 103261 23501 11767 250 30990 19944 5120 88 1750
internal_value=-1.40518e-10 -0.00180494 -0.00256499 -0.00365425 -0.00709675 -0.0134623 0.00224139 -0.00284878 0.000996685 -0.00586199 0.000434018 -0.00649686 -0.00330787 -0.0417449
internal_weight=4561.67 4251.74 4151.78 3900.4 2462.39 984.686 1438.01 1477.71 1384.94 536.172 1373.37 554.188 510.792 31.1615
internal_count=460743 456158 455204 451680 400087 323493 51593 76594 50653 134251 50403 30459 25339 1838
is_linear=0
shrinkage=0.05


Tree=92
num_leaves=15
num_cat=0
split_feature=6 1 7 2 8 0 4 11 7 0 0 9 0 4
split_gain=77.508 38.9882 31.6552 26.0651 18.6509 23.2657 20.3467 18.352 18.2333 17.9169 53.1991 21.4297 19.3779 17.8381
threshold=1.0000000180025095e-35 1.0000000180025095e-35 11.549574851989748 2.1383330821990971 -0.056599371135234826 4.2413008213043222 -2.9760928153991695 0.030479270033538345 0.62351900339126598 6.7661678791046151 7.7495844364166269 2.5000000000000004 9.3328065872192401 3.2393506765365605
decision_type=2 2 2 2 2 2 2 2 2 2 2 2 2 2
left_child=1 2 3 4 5 6 -1 -4 -8 -6 -11 12 -12 -2
right_child=13 -3 7 -5 9 -7 8 -9 -10 10 11 -13 -14 -15
leaf_value=-0.039371445038660732 0.0063347657020413591 0.016686768412645641 0.068313259427144654 0.0043901690067830691 -0.0019039003266160552 -0.039956645104006261 -0.015325053038773654 0.011542030431797468 0.0036053382726132423 -0.046732667499172806 -0.034711359982351635 -0.016746599640168849 0.012680329543143893 0.032419295014264139
leaf_weight=53.21770413552531 95.982347114357253 267.2594601111341 14.414434151549356 730.5190464396037 1896.9370471231018 73.596728423724471 293.1870268286807 198.95395831073256 223.53441223019217 91.766391137319033 23.617841009784343 184.13439839335024 174.57641481574319 209.62395424314309
leaf_count=10754 1184 3626 211 23687 233307 18440 45884 5483 12049 69138 13730 16474 3375 3401
internal_value=1.9674e-11 -0.00176086 -0.00301027 -0.0040789 -0.00613198 -0.0136752 -0.0102174 0.0156781 -0.00714459 -0.00407972 -0.0127632 -0.00450925 0.00688699 0.0242743
internal_weight=4531.32 4225.71 3958.46 3745.09 3014.57 643.536 569.939 213.368 516.721 2371.03 474.095 382.329 198.194 305.606
internal_count=460743 456158 452532 446838 423151 87127 68687 5694 57933 336024 102717 33579 17105 4585
is_linear=0
shrinkage=0.05


Tree=93
num_leaves=15
num_cat=0
split_feature=6 2 1 7 2 8 5 5 3 0 7 5 0 8
split_gain=74.3897 36.5899 28.2514 28.5072 28.1116 24.3354 18.3337 17.5051 19.3364 32.8377 19.6872 23.4357 21.474 20.6789
threshold=1.0000000180025095e-35 4.3943729400634775 1.0000000180025095e-35 2.8448773622512822 1.0000000180025095e-35 0.26738442480564123 3.8606742620468144 1.7005987167358401 0.11132640019059183 6.2015223503112802 4.4448051452636728 2.9700856208801274 2.4414010047912602 0.070791013538837447
decision_type=2 2 2 2 2 2 2 2 2 2 2 2 2 2
left_child=1 2 3 4 5 -1 7 -5 9 10 13 -12 -13 -9
right_child=-2 -3 -4 6 -6 -7 -8 8 -10 -11 11 12 -14 -15
leaf_value=-0.017859414158941982 0.024061028742676679 0.02832713286534784 0.013887600688170796 0.016628892904582124 -0.0018533475114606967 -0.0030420420206205001 0.063620136796911225 -0.052562573232828563 0.00548802191986712 -0.058220041238906201 0.0069684553183919778 0.058862726663537493 -0.057433857473995709 -0.001136778964532607
leaf_weight=716.27037773068719 298.84855565205362 97.965983254296589 247.91505820918974 181.82393035088171 1543.7683421560014 452.3243641740471 11.389407490059964 37.869985370372888 575.94508082510765 30.187951739807431 239.39203181149787 3.8585916837910217 24.661966224812204 39.416212851690943
leaf_count=253752 4585 954 3524 5697 77316 81610 249 3502 13695 3454 9257 45 1652 1451
internal_value=1.18452e-10 -0.00171623 -0.00243997 -0.0034928 -0.00628447 -0.0121316 0.00312265 0.00245903 -0.000263818 -0.00907983 -0.00462672 0.00181206 -0.0402389 -0.0266848
internal_weight=4501.64 4202.79 4104.82 3856.91 2712.36 1168.59 1144.55 1133.16 951.332 375.387 345.199 267.913 28.5206 77.2862
internal_count=460743 456158 455204 451680 412678 335362 39002 38753 33056 19361 15907 10954 1697 4953
is_linear=0
shrinkage=0.05


Tree=94
num_leaves=15
num_cat=0
split_feature=6 1 7 2 8 2 0 5 2 8 2 5 2 11
split_gain=70.9492 35.5494 27.8101 32.03 23.0573 19.7106 18.75 23.1864 18.1631 17.3929 16.7914 16.2593 16.0503 15.1848
threshold=1.0000000180025095e-35 1.0000000180025095e-35 2.8448773622512822 1.0000000180025095e-35 -0.063556499779224382 4.2121002674102792 6.0112643241882333 1.0000000180025095e-35 4.7224690914154062 -0.013645130675286053 2.9174053668975835 3.8606742620468144 2.6735538244247441 0.027063434012234214
decision_type=2 2 2 2 2 2 2 2 2 2 2 2 2 2
left_child=1 2 3 4 -1 11 7 8 13 -9 -2 -4 -11 -5
right_child=10 -3 5 6 -6 -7 -8 9 -10 12 -12 -13 -14 -15
leaf_value=-0.028461096373149104 0.017802897111223428 0.016079369733515089 0.0021221454217116888 -0.024988679117880164 -0.0089020485773263353 0.050974388633801507 -0.015389709308005442 0.032420243041836418 0.038612559936993765 -0.0011932454431503104 0.048376243650970055 0.06040142457941855 0.028909142054002159 -0.0018535632264450774
leaf_weight=177.4510545088815 239.78441926509549 263.17850315460237 1121.0185461996216 75.482171513009234 982.72715659768801 20.595205342920963 197.71017548952204 82.237101018545218 25.204857631091727 187.21713929566613 55.111267463507829 11.099052408448186 56.970459410629701 979.77944347024822
leaf_count=58652 3500 3626 38727 6614 276710 126 12524 504 151 1732 1085 248 386 56158
internal_value=-1.27867e-10 -0.00167424 -0.00287073 -0.00559033 -0.0119156 0.00365142 -0.00101241 0.00101753 -0.0025126 0.0126742 0.0236607 0.0027463 0.00591909 -0.00353049
internal_weight=4475.57 4180.67 3917.49 2764.78 1160.18 1152.71 1604.6 1406.89 1080.47 326.425 294.896 1132.12 244.188 1055.26
internal_count=460743 456158 452532 413431 335362 39101 78069 65545 62923 2622 4585 38975 2118 62772
is_linear=0
shrinkage=0.05


Tree=95
num_leaves=15
num_cat=0
split_feature=4 0 0 7 5 7 2 7 4 4 1 5 2 7
split_gain=68.9002 39.81 55.0054 33.8286 55.0246 34.5002 31.3691 20.5316 23.5549 19.741 19.3167 18.9014 17.6256 17.1553
threshold=10.339858531951906 6.7661678791046151 9.3328065872192401 0.99644413590431224 0.89587974548339855 1.7959715723991396 1.0000000180025095e-35 16.19297027587891 -4.6277472972869864 5.5692985057830819 1.0000000180025095e-35 1.2424533367156985 1.0000000180025095e-35 2.9895648956298833
decision_type=2 2 2 2 2 2 2 2 2 2 2 2 2 2
left_child=1 3 -3 9 -5 -6 7 8 -7 10 12 -10 -1 -13
right_child=-2 2 -4 4 5 6 -8 -9 11 -11 -12 13 -14 -15
leaf_value=-0.019421769280307779 0.025541204196800865 -0.03482958906726339 -0.001683998877292085 0.040811884553567102 -0.0158709658881055 -0.053398718346348566 0.019775342581852304 0.030347853541525405 0.03144660445978175 0.0021324524549742999 0.01651281470486015 -0.013699842119082265 -0.0056869562870178149 0.0031826146823308722
leaf_weight=326.95533579948869 248.24047187130054 201.24740445068801 328.71240605931234 103.10463688311575 203.73412945755808 19.114762577331931 321.05625982956553 58.734847015810374 48.231927043074393 788.56319095776371 74.432031328720768 189.51633157185461 816.66960591207317 714.99741511554748
leaf_count=163165 3807 106540 7191 996 12171 2188 3012 2115 1116 65651 1296 11165 55485 24845
internal_value=-1.48895e-10 -0.00151711 -0.0143126 0.000336467 0.00561844 0.00326079 0.00615411 0.0018957 0.000146758 -0.00402976 -0.00801761 0.00127589 -0.00962719 -0.000365869
internal_weight=4443.31 4195.07 529.96 3665.11 1658.49 1555.39 1351.65 1030.6 971.86 2006.62 1218.06 952.746 1143.62 904.514
internal_count=460743 456936 113731 343205 57608 56612 44441 41429 39314 285597 219946 37126 218650 36010
is_linear=0
shrinkage=0.05


Tree=96
num_leaves=15
num_cat=0
split_feature=6 2 3 7 1 7 8 7 4 5 4 11 5 3
split_gain=67.5351 32.6892 24.8556 19.5766 22.2095 17.2305 21.8993 16.6951 19.5196 16.4667 16.2559 15.393 15.1942 14.3542
threshold=1.0000000180025095e-35 2.6735538244247441 0.29992264509201055 3.5899066925048833 1.0000000180025095e-35 0.71571347117424022 0.12476487830281259 0.28573660552501684 3.2393506765365605 1.7005987167358401 5.8323462009429941 0.028253203257918361 3.8606742620468144 0.062959209084510817
decision_type=2 2 2 2 2 2 2 2 2 2 2 2 2 2
left_child=1 3 -3 4 13 6 -4 -2 -9 -5 -8 -10 -11 -1
right_child=7 2 5 9 -6 -7 10 8 11 12 -12 -13 -14 -15
leaf_value=-0.014862850306384574 -0.023475279765219854 -0.010679604306862137 0.019151708657740203 0.026029035202767864 0.011038741536595509 0.029694703286172804 -0.060108304556801273 0.0077001564382961742 -0.032813654217442083 0.00030967005507125968 -0.0021923112169157039 0.039521547901820581 0.059348507886629154 -0.0049237064958185979
leaf_weight=439.39288323042001 16.895757343390869 112.64378184593079 167.76205088929419 71.314263158550602 189.79660199017235 143.23098788736388 13.126681079913395 89.828929351413535 6.9670033906586459 795.07125285229631 85.719895066260506 167.50736987336131 10.049507171934236 2087.8362819984432
leaf_count=81798 153 8280 2633 1892 2938 1005 861 1172 94 28506 2064 3166 249 325932
internal_value=3.72438e-13 -0.00162196 0.010052 -0.00332166 -0.00541722 0.0157622 0.00819418 0.0236625 0.0267529 0.00317352 -0.0104084 0.0364626 0.0011193 -0.00665696
internal_weight=4397.14 4115.94 522.483 3593.46 2717.03 409.84 266.609 281.199 264.303 876.435 98.8466 174.474 805.121 2527.23
internal_count=460743 456158 14843 441315 410668 6563 5558 4585 4432 30647 2925 3260 28755 407730
is_linear=0
shrinkage=0.05


Tree=97
num_leaves=15
num_cat=0
split_feature=6 2 8 7 3 7 11 1 5 0 0 2 0 0
split_gain=65.0193 32.1278 23.1121 23.389 19.5993 19.1311 21.388 19.7091 15.0187 14.6238 22.2152 13.4699 13.4669 47.6024
threshold=1.0000000180025095e-35 2.6735538244247441 -0.30151492357254023 0.99644413590431224 0.22482027113437655 11.549574851989748 0.030479270033538345 1.0000000180025095e-35 3.0677825212478642 4.6298508644104013 4.7492611408233651 1.0000000180025095e-35 6.7661678791046151 7.7495844364166269
decision_type=2 2 2 2 2 2 2 2 2 2 2 2 2 2
left_child=1 5 -3 4 -4 7 -7 12 -2 -6 -11 -9 -1 -14
right_child=8 2 3 -5 9 6 -8 11 -10 10 -12 -13 13 -15
leaf_value=-0.003703474663940773 0.018333354041140035 -0.054531100294118465 -0.029555535015288733 0.028145111886503833 0.022907088049315599 0.067667463932937696 0.0071072397723773873 0.047972792925712646 0.050244341030832619 -0.055564838842241664 0.0054392524805133213 0.0065324274078150737 -0.045521230416053014 -0.0051478482454021309
leaf_weight=2724.7746488076864 228.28085950828245 12.522757168640963 36.420267583343957 151.33834257314447 114.52701873752812 14.981790309626374 170.65018157568556 21.147749315132387 43.715165704401443 15.204211666889021 187.83979955143877 175.77020349233499 89.223236154318784 384.44998751701633
leaf_count=321676 3403 792 4915 1257 2843 211 5408 429 1182 607 4429 2589 75924 35078
internal_value=1.35218e-10 -0.00157327 0.0100555 0.0117606 0.00469638 -0.00325726 0.0123313 -0.0041129 0.0236273 0.00870497 0.000621253 0.0112028 -0.00505904 -0.0128326
internal_weight=4370.85 4098.85 517.852 505.33 353.991 3581 185.632 3395.37 271.996 317.571 203.044 196.918 3198.45 473.673
internal_count=460743 456158 14843 14051 12794 441315 5619 435696 4585 7879 5036 3018 432678 111002
is_linear=0
shrinkage=0.05


Tree=98
num_leaves=15
num_cat=0
split_feature=6 2 3 7 11 7 0 0 9 0 0 1 5 3
split_gain=62.193 30.1079 23.3071 19.1502 19.5196 15.1743 14.665 45.1347 21.8785 20.1052 20.0959 15.8393 20.937 25.6582
threshold=1.0000000180025095e-35 2.3502402305603032 0.17111108452081683 12.735581398010256 0.02934115752577782 0.88240703940391552 6.7661678791046151 9.3328065872192401 3.5000000000000004 6.6713323593139657 6.5035390853881845 1.0000000180025095e-35 1.0000000180025095e-35 0.12631326168775561
decision_type=2 2 2 2 2 2 2 2 2 2 2 2 2 2
left_child=1 3 -3 6 -5 -4 9 -8 -9 10 11 12 -1 -14
right_child=-2 2 5 4 -6 -7 7 8 -10 -11 -12 -13 13 -15
leaf_value=-0.0095528380484802174 0.023338858792255182 -0.025275391937595315 0.0052673401359827282 0.067213176943792682 0.0078438559139273594 0.021857420894097132 -0.034146608228849268 0.0047189455752151919 -0.028405489579700013 0.024803914140556122 -0.058698305311437521 0.011687313876404771 -0.0070678822471171715 0.006107827666384515
leaf_weight=1049.9321077439863 266.85995397042643 47.699708373795147 426.86003647898178 14.49513297883095 134.06184713054608 203.23192987125367 157.64499248221091 261.95223494386482 60.513666732236743 63.202354533572361 15.397252528046009 167.24579325757804 720.42679473427506 756.46889185140571
leaf_count=223621 4585 5658 13491 188 4451 1613 103275 5610 2004 3609 1844 2632 63660 24502
internal_value=1.39199e-10 -0.00153219 0.00808313 -0.00345007 0.0140474 0.0106445 -0.00425326 -0.0123125 -0.00156576 -0.00285381 -0.00350788 -0.00317079 -0.00415845 -0.000319691
internal_weight=4345.99 4079.13 677.792 3401.34 148.557 630.092 3252.78 480.111 322.466 2772.67 2709.47 2694.07 2526.83 1476.9
internal_count=460743 456158 20762 435396 4639 15104 430757 110889 7614 319868 316259 314415 311783 88162
is_linear=0
shrinkage=0.05


Tree=99
num_leaves=15
num_cat=0
split_feature=6 1 7 2 8 7 0 3 7 8 0 5 8 2
split_gain=59.6702 29.6663 23.945 24.9905 19.2732 16.3842 22.0991 22.1972 21.7947 16.3012 15.4653 27.3514 14.8712 16.4634
threshold=1.0000000180025095e-35 1.0000000180025095e-35 5.9774820804595956 1.0000000180025095e-35 0.32030881941318518 0.78032484650611889 4.5485858917236337 0.27962538599967962 1.0562223792076113 0.18061149120330813 6.0112643241882333 1.0000000180025095e-35 -0.056599371135234826 4.6535520553588876
decision_type=2 2 2 2 2 2 2 2 2 2 2 2 2 2
left_child=1 2 3 4 5 9 7 -7 -8 -1 11 12 -5 -14
right_child=-2 -3 -4 10 -6 6 8 -9 -10 -11 -12 -13 13 -15
leaf_value=-0.027369720174342867 0.023002871950503864 0.015072136605177084 0.0071488327620570797 -0.010295310786715235 -6.8611854289775677e-05 -0.0044625846814982549 0.014338444563532438 0.030044232536504536 -0.023917292412898097 -0.0073897720497058325 -0.011969919499134155 0.013111941170763676 0.00073611214822705588 0.045983991285560612
leaf_weight=270.72735489386173 263.64003934616994 252.12953456458126 538.84882895173359 372.69248389943823 455.5498648663679 348.0490001228618 43.309165644757286 52.786108869680902 241.02697521141454 165.06031521145246 231.03411589493771 396.41348199971253 663.41149380409297 19.732661278307205
leaf_count=172091 4585 3626 16740 23250 56397 25070 4046 1167 18374 79223 13226 3275 39551 122
internal_value=-2.46886e-10 -0.00150242 -0.00260622 -0.00422044 -0.008742 -0.0122636 -0.00742527 0.000145088 -0.0180605 -0.0198363 1.6983e-05 0.00193087 -0.0022755 0.0021084
internal_weight=4314.41 4050.77 3798.64 3259.79 1576.51 1120.96 685.171 400.835 284.336 435.788 1683.28 1452.25 1055.84 683.144
internal_count=460743 456158 452532 435792 356368 299971 48657 26237 22420 251314 79424 66198 62923 39673
is_linear=0
shrinkage=0.05


Tree=100
num_leaves=15
num_cat=0
split_feature=6 1 7 2 5 2 8 5 3 9 0 2 5 7
split_gain=57.2443 28.4108 23.0979 25.3291 21.9538 20.514 19.5736 18.3596 23.7417 15.1909 16.194 14.5905 14.1296 13.3284
threshold=1.0000000180025095e-35 1.0000000180025095e-35 1.9908543229103091 1.0000000180025095e-35 1.2424533367156985 2.5249279737472539 0.079878851771354689 1.7005987167358401 0.37706173956394201 3.5000000000000004 5.6075966358184823 2.9174053668975835 3.8606742620468144 1.0562223792076113
decision_type=2 2 2 2 2 2 2 2 2 2 2 2 2 2
left_child=1 2 3 6 -4 12 -1 8 -8 10 -10 -2 -6 -9
right_child=11 -3 4 -5 5 -7 7 13 9 -11 -12 -13 -14 -15
leaf_value=-0.023289858693115867 0.017042551119411692 0.014795576337429853 0.034614178002839349 -0.0014492879009859053 -0.00093822206003172596 0.022914778133767091 -0.02046117104627897 0.025226352731723273 -0.019261252103687319 -0.024697162842564152 0.014948356703255417 0.04802533642735117 0.056399441038724629 -0.0092385017388040853
leaf_weight=271.09770267613817 214.74988333803412 250.64852212788901 50.488735235878266 1467.0262320363199 1225.7770105358304 100.79912438930478 300.76599622294202 66.221219373024724 44.276674896281293 46.296771926696238 146.35645132983154 45.909417055547237 9.8396212560764962 47.434668636553397
leaf_count=123384 3500 3626 950 77317 49656 869 160176 4388 16555 7161 9098 1085 247 2731
internal_value=2.69399e-11 -0.00147213 -0.00255549 -0.00553378 0.00257604 0.00134069 -0.012021 -0.00730227 -0.0111602 0.000683207 0.00694374 0.0226622 -0.000436385 0.0108872
internal_weight=4287.69 4027.03 3776.38 2389.48 1386.9 1336.42 922.449 651.352 537.696 236.93 190.633 260.659 1235.62 113.656
internal_count=460743 456158 452532 400810 51722 50772 323493 200109 192990 32814 25653 4585 49903 7119
is_linear=0
shrinkage=0.05


Tree=101
num_leaves=15
num_cat=0
split_feature=6 2 7 1 2 5 0 3 4 7 8 7 0 4
split_gain=54.7436 27.4325 20.1235 21.6092 18.2312 14.8973 32.4266 14.7943 13.811 13.8235 13.1059 17.9613 34.0428 17.7051
threshold=1.0000000180025095e-35 4.3943729400634775 6.8847002983093271 1.0000000180025095e-35 1.0000000180025095e-35 1.0000000180025095e-35 4.8242976665496835 -0.32395568490028376 -2.2637518644332881 0.28573660552501684 0.32030881941318518 0.57019612193107616 4.5379471778869638 5.3592493534088144
decision_type=2 2 2 2 2 2 2 2 2 2 2 2 2 2
left_child=1 2 3 4 7 -6 -7 -1 -2 -10 11 13 -13 -9
right_child=8 -3 -4 -5 5 6 -8 10 9 -11 -12 12 -14 -15
leaf_value=-0.063809301554305448 -0.038204557396140856 0.025887303351949088 0.0079030367419479428 0.011715288881433208 -0.0040489221097444383 0.019949181916272957 -0.0045653680854185275 -0.028117608479163295 -0.020359946457607497 0.027564743516438485 -0.00065296217353457385 0.0029100433878997412 -0.01867468203826321 -0.0066972395773973381
leaf_weight=10.855864885532581 8.2323402354668342 88.816948195417353 447.82166284768755 221.86936127908848 1072.3076851998467 237.36196833188296 310.08759380053016 230.43637994950291 15.381184979243697 232.51487582542541 468.68740881908047 441.30827130145826 310.42045871892947 166.78076261975048
leaf_count=3443 148 954 13774 3383 71511 1777 5516 187759 153 4284 56910 28294 26139 56698
internal_value=-9.28124e-11 -0.00143485 -0.00206068 -0.00334841 -0.00438061 -0.000623685 0.00608059 -0.00811472 0.0223645 0.0245213 -0.00770177 -0.0105741 -0.00601617 -0.0191632
internal_weight=4262.88 4006.75 3917.94 3470.12 3248.25 1619.76 547.45 1628.49 256.128 247.896 1617.63 1148.95 751.729 397.217
internal_count=460743 456158 455204 441430 438047 78804 7293 359243 4585 4437 355800 298890 54433 244457
is_linear=0
shrinkage=0.05


Tree=102
num_leaves=15
num_cat=0
split_feature=6 2 3 7 11 1 5 0 2 1 2 8 4 8
split_gain=52.7383 27.3556 19.8928 18.6372 16.674 13.8479 13.7431 15.8298 13.2464 12.4062 13.0086 12.1761 13.7787 11.8125
threshold=1.0000000180025095e-35 2.3502402305603032 0.17111108452081683 12.735581398010256 0.02934115752577782 1.4978661537170412 2.3502402305603032 4.49422311782837 2.9174053668975835 1.0000000180025095e-35 1.0000000180025095e-35 0.1161230430006981 1.1111038923263552 -0.19234804809093473
decision_type=2 2 2 2 2 2 2 2 2 2 2 2 2 2
left_child=1 3 -3 9 -5 6 7 -4 -2 13 -11 12 -6 -1
right_child=8 2 5 4 11 -7 -8 -9 -10 10 -12 -13 -14 -15
leaf_value=-0.014867665515425088 0.016853714981879011 -0.023623708612843349 0.016912559134730911 0.063295898559997954 0.0024828609511089966 0.03775651396537355 0.029722128185697035 -0.0013540669860372476 0.047398682046619706 0.045554730360530794 0.0037761554143078829 0.015485536276285667 -0.075886366010808393 -0.0038348758312903896
leaf_weight=265.4486088018607 207.97053107138345 45.630649370512401 187.24125333312986 14.442957982580991 17.151896777606456 41.723873340808495 64.746943370613735 320.24684623421308 42.522864882383146 20.15839074208634 158.14673264417797 108.48132885883388 7.2905097120674318 2734.7616582903916
leaf_count=36379 3500 5658 5051 188 1238 332 438 9283 1085 429 2445 2792 421 391504
internal_value=1.9199e-12 -0.00140095 0.00789341 -0.00324603 0.0140785 0.0102704 0.00820395 0.00540554 0.0222068 -0.00405343 0.00872718 0.00829807 -0.0229565 -0.00481565
internal_weight=4235.97 3985.47 659.59 3325.88 147.367 613.959 572.235 507.488 250.493 3178.52 178.305 132.924 24.4424 3000.21
internal_count=460743 456158 20762 435396 4639 15104 14772 14334 4585 430757 2874 4451 1659 427883
is_linear=0
shrinkage=0.05


Tree=103
num_leaves=15
num_cat=0
split_feature=6 1 7 2 5 0 7 4 0 9 5 3 10 4
split_gain=50.1706 26.3302 22.3158 18.8469 17.0903 27.4628 16.0518 20.2409 15.9336 18.7511 13.2763 13.4679 12.8896 12.7899
threshold=1.0000000180025095e-35 1.0000000180025095e-35 12.735581398010256 1.0000000180025095e-35 1.0000000180025095e-35 4.8242976665496835 1.7959715723991396 4.8030695915222177 5.5373265743255624 3.5000000000000004 1.0000000180025095e-35 0.241712361574173 48.500000000000007 -4.6277472972869864
decision_type=2 2 2 2 2 2 2 2 2 2 2 2 2 2
left_child=1 2 3 6 -5 -6 7 10 -9 -10 -1 -12 -7 -8
right_child=-2 -3 -4 4 5 12 13 8 9 -11 11 -13 -14 -15
leaf_value=-0.033273293495419208 0.021846958153031764 0.014503921571683027 0.015185854214195025 -0.0032290173770857483 0.019558257936249476 0.020373135527387422 -0.048771646391928589 -0.016701121601360551 0.0091054277181619753 -0.022605024437668233 -0.018246629828294818 0.012226990334899119 -0.0057488718080301489 -0.0016352462008850585
leaf_weight=125.92851535442719 246.38311058309409 244.40680117014199 171.01562461865979 1111.5179978537717 257.96847270766739 54.759697517874883 13.615326667742918 166.67014859224037 229.29171633113833 57.462721254505595 241.36516789532561 41.914282696900045 307.70060711783299 947.71438051798123
leaf_count=137930 4585 3626 4778 72086 1990 625 2136 78309 31998 10142 58168 3467 5517 45386
internal_value=-1.20123e-10 -0.00136055 -0.00240454 -0.00325455 0.000481233 0.00712277 -0.00680019 -0.0117479 -0.00445602 0.0026945 -0.0197972 -0.0137106 -0.00175722 -0.00235283
internal_weight=4217.71 3971.33 3726.92 3555.91 1731.95 620.429 1823.96 862.633 453.425 286.754 409.208 283.279 362.46 961.33
internal_count=460743 456158 452532 447754 80218 8132 367536 320014 120449 42140 199565 61635 6142 47522
is_linear=0
shrinkage=0.05


Tree=104
num_leaves=15
num_cat=0
split_feature=4 0 0 7 3 0 2 1 7 5 2 7 5 7
split_gain=48.5264 29.1383 41.8627 25.5086 36.553 22.6965 16.8011 27.8537 15.4898 22.5957 15.5938 16.9504 16.2925 15.104
threshold=10.339858531951906 6.7661678791046151 7.7495844364166269 0.018618545494973663 0.22482027113437655 4.8865754604339608 1.0000000180025095e-35 1.0000000180025095e-35 16.19297027587891 3.0677825212478642 1.0000000180025095e-35 3.9907655715942387 1.7005987167358401 4.4448051452636728
decision_type=2 2 2 2 2 2 2 2 2 2 2 2 2 2
left_child=1 3 -3 5 8 6 7 -1 9 10 11 -5 -13 -14
right_child=-2 2 -4 4 -6 -7 -8 -9 -10 -11 -12 12 13 -15
leaf_value=-0.029415200024832746 0.022910513078561599 -0.040656111961252031 -0.0050398555067844956 -0.010751470257321802 0.012701231724186128 0.0032862952543446775 -0.0059710302426129033 0.039688469526836148 0.026203716125518667 -0.07440090420591508 0.012556967180203639 0.039587119582681157 -0.030514418663218093 0.0034061307409581592
leaf_weight=157.16990283503446 218.05196499062731 104.01224482936686 386.66482297977291 492.81074347505182 764.74548151369527 607.93294102472782 814.07102475934153 15.198280157521365 47.418472982317326 9.8796095129437145 156.48962624219712 27.268876656642533 35.156228471434588 354.40784272392921
leaf_count=125836 3807 78047 35684 53548 17200 76818 50021 362 1653 729 1683 458 1946 12951
internal_value=-2.10194e-10 -0.00126279 -0.012657 0.000345788 0.00427698 -0.00430959 -0.00898944 -0.0231283 -0.0014638 -0.00270627 -0.0019728 -0.00448345 0.00293506 0.000274678
internal_weight=4191.28 3973.23 490.677 3482.55 1888.18 1594.37 986.439 172.368 1123.43 1076.01 1066.13 909.644 416.833 389.564
internal_count=460743 456936 113731 343205 90168 253037 176219 126198 72968 71315 70586 68903 15355 14897
is_linear=0
shrinkage=0.05


Tree=105
num_leaves=15
num_cat=0
split_feature=6 2 3 7 0 8 3 3 11 9 1 2 2 5
split_gain=48.1099 24.9864 17.6759 16.1779 15.9295 13.6199 13.4006 13.2186 13.089 12.7442 12.5162 12.3591 12.1467 10.5566
threshold=1.0000000180025095e-35 2.3502402305603032 0.17111108452081683 8.8595404624938983 2.4414010047912602 0.045975428074598319 -0.32395568490028376 0.53279066085815441 0.050073953345417983 2.5000000000000004 1.0000000180025095e-35 1.0000000180025095e-35 2.9174053668975835 2.5249279737472539
decision_type=2 2 2 2 2 2 2 2 2 2 2 2 2 2
left_child=1 3 -3 6 -5 8 -1 9 -6 -4 -8 -12 -2 -7
right_child=12 2 7 4 5 13 10 -9 -10 -11 11 -13 -14 -15
leaf_value=-0.055767476546280427 0.016630920359305988 -0.022528950389359065 -0.0057863946508540046 0.055688901793241888 -0.07806311249161646 0.039452248128330418 -0.0047284541770992424 0.024325503870420567 -0.006770351155699933 0.011659713288709491 0.044627708997851762 0.0040616975493796099 0.047105204109486792 0.0063628405421058166
leaf_weight=11.523767672134907 199.31032231050995 44.281034331135743 153.23157408872066 15.949355594930237 6.9137677640246684 27.036593424505554 2824.6376580101155 124.61551127138227 35.817467752014636 325.97698441425746 20.433526308042929 153.70518275216455 38.806196272547822 176.51530917853233
leaf_count=3550 3500 5658 5743 219 552 754 420075 1186 2093 8175 429 2411 1085 5313
internal_value=6.99796e-12 -0.00132761 0.00763442 -0.00310428 0.00878485 0.00553442 -0.00414254 0.00988002 -0.0198266 0.00608072 -0.00392563 0.00904937 0.0217736 0.0109293
internal_weight=4158.75 3920.64 648.105 3272.53 262.232 246.283 3010.3 603.824 42.7312 479.209 2998.78 174.139 238.117 203.552
internal_count=460743 456158 20762 435396 8931 8712 426465 15104 2645 13918 422915 2840 4585 6067
is_linear=0
shrinkage=0.05


Tree=106
num_leaves=15
num_cat=0
split_feature=6 1 7 5 4 2 9 2 11 5 3 11 5 7
split_gain=45.713 24.0693 19.6459 19.8515 19.7589 18.2088 17.0571 14.5556 18.6965 17.5511 14.8894 12.0713 11.8485 11.6446
threshold=1.0000000180025095e-35 1.0000000180025095e-35 1.9908543229103091 1.2424533367156985 4.8030695915222177 2.2499048709869389 3.5000000000000004 1.0000000180025095e-35 0.027063434012234214 1.7005987167358401 0.33216962218284612 0.86688077449798595 3.0677825212478642 11.549574851989748
decision_type=2 2 2 2 2 2 2 2 2 2 2 2 2 2
left_child=1 2 4 -4 7 13 -7 9 -9 -1 11 -10 -2 -5
right_child=12 -3 3 5 -6 6 -8 8 10 -11 -12 -13 -14 -15
leaf_value=-0.022662766688818996 0.016536154510473713 0.013999700064109721 0.03325677584731826 -0.0026229305384145632 -0.00057341213827218735 0.0010208768860630116 0.03870909802101824 -0.03604930635424522 -0.001192244637316897 0.0015507613351766877 -0.04510080189435129 -0.066102516106639253 0.047962280521770345 0.011479065157891878
leaf_weight=326.41478976282133 199.43004901447785 240.58561142863618 49.516277372749755 1009.5514601425912 1187.5396637187469 60.18283560621785 59.015150717284996 45.551595869619632 638.59689887325749 96.854915691606493 19.60844502737018 6.2445753340725778 34.911685324710561 170.18813306999073
leaf_count=190114 3403 3626 950 44201 145713 654 433 5301 44961 12408 1383 930 1182 5484
internal_value=-1.64973e-11 -0.00128789 -0.00229381 0.00250477 -0.00508179 0.00130781 0.0198472 -0.00980138 -0.00541356 -0.0171315 -0.0032623 -0.00192221 0.0214019 -0.000580591
internal_weight=4144.19 3909.85 3669.26 1348.45 2320.81 1298.94 119.198 1133.27 710.002 423.27 664.45 644.841 234.342 1179.74
internal_count=460743 456158 452532 51722 400810 50772 1087 255097 52575 202522 47274 45891 4585 49685
is_linear=0
shrinkage=0.05


Tree=107
num_leaves=15
num_cat=0
split_feature=6 2 7 1 2 8 11 8 4 11 3 0 4 7
split_gain=44.1347 27.3357 19.3238 20.7906 15.1894 15.078 13.3061 11.5732 20.1564 16.5956 15.096 16.1603 11.2073 11.1241
threshold=0.89587974548339855 3.9607677459716801 6.4692182540893564 0.89587974548339855 1.2424533367156985 -0.096311625093221651 0.028253203257918361 0.023873083293437961 1.1729966402053835 0.032453946769237525 0.12285092473030092 5.5032782554626474 -3.4625918865203853 0.57019612193107616
decision_type=2 2 2 2 2 2 2 2 2 2 2 2 2 2
left_child=1 2 3 4 13 -5 -2 8 -4 -9 11 -11 -13 -1
right_child=6 -3 7 5 -6 -7 -8 9 -10 10 -12 12 -14 -15
leaf_value=-0.010216683476146945 -0.025389008569388884 0.021701045234145466 0.0041178799940206658 -0.017499449512387136 0.00094412702297775285 0.025998121005776243 0.031179357389299375 0.054884484025457904 -0.051804953119701527 0.0039438443750149333 0.015157811659894783 0.050638386055146395 -0.053578933916591923 -0.0029968813334888956
leaf_weight=978.16673946037326 10.520191155199425 127.4113597173091 73.585146852827165 24.275562704307958 1098.3763613136553 96.636932959328988 135.04241185277715 19.900026519710082 19.586646308220224 73.468181503907545 265.29353182125487 2.1165980673104086 21.725924479069363 1174.9251512880423
leaf_count=321645 140 2124 3770 402 44777 1357 2778 272 790 2227 6093 11 2009 72348
internal_value=9.82593e-11 -0.00099315 -0.00175001 -0.00308116 -0.00384016 0.0171932 0.0269457 0.00767405 -0.00806354 0.0115185 0.00899414 -0.00779285 -0.0426612 -0.00628011
internal_weight=4121.03 3975.47 3848.06 3372.38 3251.47 120.912 145.563 475.676 93.1718 382.504 362.604 97.3107 23.8425 2153.09
internal_count=460743 457825 455701 440529 438770 1759 2918 15172 4560 10612 10340 4247 2020 393993
is_linear=0
shrinkage=0.05


Tree=108
num_leaves=15
num_cat=0
split_feature=6 2 1 7 5 4 2 5 11 3 2 7 5 8
split_gain=42.8682 23.8272 17.3761 18.6238 20.5297 17.5452 12.8271 16.4143 15.202 14.5479 12.2587 13.2026 14.798 11.8934
threshold=1.0000000180025095e-35 4.3943729400634775 1.0000000180025095e-35 1.9978623986244204 1.2424533367156985 4.8030695915222177 1.0000000180025095e-35 1.7005987167358401 0.025531332008540634 0.33216962218284612 1.0000000180025095e-35 2.8448773622512822 1.4978661537170412 0.33928093314170843
decision_type=2 2 2 2 2 2 2 2 2 2 2 2 2 2
left_child=1 2 3 5 -5 6 7 -1 -8 -10 11 13 -13 -6
right_child=-2 -3 -4 4 10 -7 8 -9 9 -11 -12 12 -14 -15
leaf_value=-0.022118108172283879 0.021204321987963504 0.024868744796946295 0.011688859806964661 0.03768683450302085 -0.024227695748150885 -0.0010464813177931502 -0.035562751502801131 0.0013461985691901838 -0.0025511833026018896 -0.045912755192026089 0.010031860214778062 0.029686538168492899 -0.00075630442230739583 0.0066817843649943478
leaf_weight=324.45436018779833 224.25773917731931 84.507549327950983 222.95654976383958 38.261513537727296 106.41814199495366 1138.3124732966905 39.163194224893232 96.527980402607682 640.11598292713961 18.953528353515139 287.75300130966934 41.037499926664168 791.1172317676137 43.300770471243595
leaf_count=190414 4585 954 3524 569 9180 145279 4953 12444 46079 1403 3042 1403 35145 1769
internal_value=9.92335e-11 -0.00123299 -0.00182165 -0.00266954 0.00207715 -0.00541922 -0.00986166 -0.0167475 -0.00569201 -0.00386584 0.000975196 -0.0016865 0.000778806 -0.0153032
internal_weight=4097.14 3872.88 3788.37 3565.42 1307.89 2257.53 1119.22 420.982 698.233 659.07 1269.63 981.874 832.155 149.719
internal_count=460743 456158 455204 451680 51108 400572 255293 202858 52435 47482 50539 47497 36548 10949
is_linear=0
shrinkage=0.05


Tree=109
num_leaves=15
num_cat=0
split_feature=6 1 7 2 5 2 8 5 3 11 7 0 0 0
split_gain=41.133 22.3187 17.5168 17.692 16.2309 16.8024 14.3558 14.5404 16.9322 11.1876 11.0545 10.9089 13.3959 13.6944
threshold=1.0000000180025095e-35 1.0000000180025095e-35 1.9908543229103091 1.0000000180025095e-35 1.2424533367156985 2.5249279737472539 -0.063556499779224382 1.7005987167358401 0.37706173956394201 0.020538148470222953 1.0562223792076113 6.0112643241882333 9.3328065872192401 6.5438487529754648
decision_type=2 2 2 2 2 2 2 2 2 2 2 2 2 2
left_child=1 2 3 6 -4 -6 -1 8 -8 -5 -9 -11 13 -13
right_child=-2 -3 4 9 5 -7 7 10 -10 11 -12 12 -14 -15
leaf_value=-0.027027779127343235 0.020879032545386384 0.013644654189570055 0.030698642239627844 -0.024693359371113038 -0.00029250557261264798 0.021795436496638652 -0.017765093518376223 0.020489187470282472 -0.00097511903910252893 0.0010260914395191563 -0.0093439565036169021 -0.0079855258641136958 0.0052414232819427515 -0.046145321742066141
leaf_weight=112.92967778787943 221.99306304581114 236.39107712277109 47.780057454147027 48.803766914033986 1186.4133008859317 91.834782321035163 374.99052605076531 70.660392449935898 250.20601006363131 1223.2843472404147 53.994987393424253 55.037120109336684 61.526488047231396 40.734271120939866
leaf_count=55084 4585 3626 950 4887 49903 869 218111 6176 40487 60304 3635 2795 1641 7690
internal_value=-1.7562e-10 -0.00120757 -0.00218142 -0.00482674 0.00239146 0.00131018 -0.0104764 -0.00795106 -0.011058 -0.00141164 0.00759532 -0.000571353 -0.0129225 -0.0245251
internal_weight=4076.58 3854.59 3618.2 2292.17 1326.03 1278.25 862.782 749.852 625.197 1429.39 124.655 1380.58 157.298 95.7714
internal_count=460743 456158 452532 400810 51722 50772 323493 268409 258598 77317 9811 72430 12126 10485
is_linear=0
shrinkage=0.05


Tree=110
num_leaves=15
num_cat=0
split_feature=6 1 7 5 2 8 5 0 5 8 9 2 2 3
split_gain=39.6186 21.4817 16.6519 21.2116 16.928 14.7443 12.554 12.0348 19.7942 12.3332 13.0585 13.7713 13.0424 12.0773
threshold=1.0000000180025095e-35 1.0000000180025095e-35 4.9911012649536142 1.8688347935676577 1.0000000180025095e-35 -0.20471686869859693 3.8606742620468144 6.0112643241882333 1.0000000180025095e-35 -0.060236072167754166 2.5000000000000004 3.2384861707687382 4.6535520553588876 0.30388347804546362
decision_type=2 2 2 2 2 2 2 2 2 2 2 2 2 2
left_child=1 2 4 -4 5 -1 -5 8 9 10 11 -6 -11 -12
right_child=-2 -3 3 6 7 -7 -8 -9 -10 12 13 -13 -14 -15
leaf_value=-0.02741265831817833 0.020594546514267467 0.013421988849050876 0.052811808868869631 0.0024387518378591387 -0.017544634366525411 -0.0063902809911790155 0.053478163478901844 -0.011296007296724126 0.011551325698845906 0.00072383269145267321 -0.011236831894877185 -0.081158373645318957 0.042561649022082731 0.012741100642316778
leaf_weight=88.314497036094281 219.81979405120001 235.22962073015151 21.61701148924476 592.73850076159579 120.56843861512607 1291.7344467914561 11.302294396766227 210.7423790317971 361.06914647456142 654.8604211051952 139.12385080474269 8.2881863585498632 18.174391843815101 83.017282677421463
leaf_count=24450 4585 3626 372 20182 8799 328100 259 13099 3147 39985 11413 624 124 1978
internal_value=-7.81886e-11 -0.00118498 -0.00214247 0.00526656 -0.0037014 -0.00775446 0.00348057 -0.000193758 0.00150237 -0.00204865 -0.00963291 -0.0222298 0.00191507 -0.002259
internal_weight=4056.6 3836.78 3601.55 625.658 2975.89 1380.05 604.041 1595.84 1385.1 1024.03 350.998 128.857 673.035 222.141
internal_count=460743 456158 452532 20813 431719 352550 20441 79169 66070 62923 22814 9423 40109 13391
is_linear=0
shrinkage=0.05


Tree=111
num_leaves=15
num_cat=0
split_feature=4 0 0 7 5 7 2 0 8 0 0 6 11 8
split_gain=38.9853 29.3046 36.951 23.0715 42.2301 23.3346 21.4501 14.3008 24.8321 18.3844 18.0473 17.0892 18.9236 19.4464
threshold=10.339858531951906 6.7661678791046151 7.7495844364166269 0.98801764845848095 0.89587974548339855 1.7959715723991396 1.0000000180025095e-35 4.49422311782837 0.20783683657646182 4.3107767105102548 4.2555875778198251 1.2424533367156985 0.059777576476335532 0.0055299988016486177
decision_type=2 2 2 2 2 2 2 2 2 2 2 2 2 2
left_child=1 3 -3 -1 -5 -6 7 9 -9 10 11 12 13 -7
right_child=-2 2 -4 4 5 6 -8 8 -10 -11 -12 -13 -14 -15
leaf_value=-0.0032143969759691883 0.021491573274060899 -0.040037262750692387 -0.0056130273215641907 0.037052009144038694 -0.013633633058734891 0.00064270289130396758 0.017780512243897855 -0.018394383663212093 0.0056267760535100939 0.031763276096880448 -0.078129158141224134 0.046821136919860992 -0.0055028553832175593 0.035527830438721583
leaf_weight=1851.8572039678606 199.52718676888253 97.319673055237899 378.53392761879309 95.867302242775622 184.06582108534076 89.573749617225985 271.74558688566322 188.81594836714066 247.57167149943416 66.819208874039759 5.621810096941771 22.205534389198874 263.40533423708166 71.16153712790765
leaf_count=285319 3807 78047 35684 1127 12318 5393 3012 9769 7574 1996 280 288 14431 1698
internal_value=-5.60185e-11 -0.0011236 -0.0127225 0.000523003 0.00511519 0.00292059 0.00541318 0.00187978 -0.00478498 0.00748438 0.00383277 0.00503744 0.0027449 0.0162114
internal_weight=4034.09 3834.56 475.854 3358.71 1506.85 1410.99 1226.92 955.175 436.388 518.787 451.968 446.346 424.141 160.735
internal_count=460743 456936 113731 343205 57886 56759 44441 41429 17343 24086 22090 21810 21522 7091
is_linear=0
shrinkage=0.05


Tree=112
num_leaves=15
num_cat=0
split_feature=6 1 7 0 0 4 8 11 3 0 8 11 11 5
split_gain=38.0043 21.1292 16.2862 14.4774 36.4564 14.1916 13.4703 15.5527 16.7165 14.068 12.63 14.6431 12.4055 12.3127
threshold=1.0000000180025095e-35 1.0000000180025095e-35 7.8104727268219003 6.7661678791046151 7.7495844364166269 5.1391296386718759 0.06181741692125798 0.032453946769237525 0.12285092473030092 3.3842465877532963 0.057194961234927184 0.3162608295679093 0.081514310091733946 2.1383330821990971
decision_type=2 2 2 2 2 2 2 2 2 2 2 2 2 2
left_child=1 2 3 5 -5 10 9 -8 -9 -4 11 13 -11 -1
right_child=-2 -3 6 4 -6 -7 7 8 -10 12 -12 -13 -14 -15
leaf_value=-0.0039476863211458935 0.020670262479035102 0.013459678094788142 0.011445631958540635 -0.041104190540911474 -0.0046242877089812187 0.002970282325135137 0.060789922279765089 -0.012273891529414535 0.017424141979390007 -0.080289650414051422 -0.00047297523949510977 -0.021894051373172699 -0.014479650731534323 -0.032673993052396502
leaf_weight=652.20157904293364 209.68883450295471 231.47735002595073 35.818248561758082 83.670407593504706 360.08203457657032 981.66547538705436 15.269863131528835 61.685149935779918 195.13162400963483 8.8993584169074875 934.13388366336176 171.61195373570126 28.168357216360164 38.603989197752526
leaf_count=90574 4585 3626 1387 76962 34866 99438 162 2819 4352 749 109403 26397 1738 3685
internal_value=-2.3073e-10 -0.00114623 -0.00209759 -0.00320369 -0.0115796 -0.00186215 0.00821257 0.0133184 0.010271 -0.0107701 -0.00450286 -0.00886226 -0.0319736 -0.0055979
internal_weight=4008.11 3798.42 3566.94 3221.97 443.752 2778.22 344.973 272.087 256.817 72.886 1796.55 862.418 37.0677 690.806
internal_count=460743 456158 452532 441325 111828 329497 11207 7333 7171 3874 230059 120656 2487 94259
is_linear=0
shrinkage=0.05


Tree=113
num_leaves=15
num_cat=0
split_feature=6 2 7 7 5 8 8 10 7 4 7 5 8 9
split_gain=36.5801 20.74 16.8712 13.2689 13.548 11.6733 15.1868 19.1798 11.1766 13.601 10.8701 18.4519 17.4079 10.6009
threshold=1.0000000180025095e-35 2.1383330821990971 0.048317790031433112 2.8892307281494145 1.7005987167358401 0.1057943142950535 -0.013645130675286053 27.500000000000004 0.28573660552501684 3.2393506765365605 4.9911012649536142 1.8688347935676577 0.11207361146807672 5.5000000000000009
decision_type=2 2 2 2 2 2 2 2 2 2 2 2 2 2
left_child=1 3 5 -1 -5 6 13 -8 -2 -10 12 -12 -6 -3
right_child=8 2 -4 4 10 -7 7 -9 9 -11 11 -13 -14 -15
leaf_value=-0.0052225753483046882 -0.021845722323744904 -0.0078671032836731217 0.015952339460078391 0.015218712518233413 -0.028896303134916312 -0.0098223503180178817 -0.070857269862230995 0.023184182973404955 0.0053664576101232139 0.033174299818987028 0.048574066122948983 0.0012938678420325546 -0.00039905298605980103 0.030140425078179767
leaf_weight=2070.8433133385793 13.843669539548499 151.84824381552244 281.56896693455565 158.07118723110398 77.692062217169223 172.54017732785542 4.71040870987781 125.33758986254179 67.995279035447311 125.79891034798857 20.468893099881825 533.76515504482813 168.08400595141757 19.85838549939217
leaf_count=393574 153 7795 2811 5377 6227 9219 188 4155 1172 3260 366 19965 5821 660
internal_value=9.21112e-11 -0.00112327 0.00628076 -0.0029724 0.00189163 0.000517668 0.0064429 0.0192632 0.020382 0.0234952 -0.000757339 0.00312435 -0.00948789 -0.00332235
internal_weight=3992.43 3784.79 755.864 3028.92 958.081 474.295 301.755 130.048 207.638 193.794 800.01 554.234 245.776 171.707
internal_count=460743 456158 24828 431330 37756 22017 12798 4343 4585 4432 32379 20331 12048 8455
is_linear=0
shrinkage=0.05


Tree=114
num_leaves=15
num_cat=0
split_feature=6 2 1 7 5 0 7 4 8 5 5 3 0 0
split_gain=34.64 21.3478 14.6716 14.1841 15.5104 16.0495 15.34 21.786 15.9673 15.7289 15.2685 14.2816 13.5095 19.0802
threshold=1.0000000180025095e-35 4.3943729400634775 1.0000000180025095e-35 1.9908543229103091 1.4978661537170412 4.5053346157073983 3.5899066925048833 2.1739991903305058 0.070791013538837447 1.7005987167358401 2.0126758217811589 0.028791057877242569 6.7661678791046151 9.3328065872192401
decision_type=2 2 2 2 2 2 2 2 2 2 2 2 2 2
left_child=1 2 3 11 5 -5 7 8 -6 -8 -9 -1 -13 -14
right_child=-2 -3 -4 4 6 -7 9 10 -10 -11 -12 12 13 -15
leaf_value=-0.017287601175550168 0.020068149728871203 0.024452632827431094 0.01101405113380041 0.030564589802890792 -0.046044359609553664 -0.00034944671935112197 0.025292103652000814 -0.012800191260759429 -0.0088212780197186157 0.00083801732367817577 0.018693642174748355 -0.0020156950356147061 -0.033916259333316601 -0.004375078963141813
leaf_weight=208.61072005665187 202.99563005384334 79.094971427581186 214.72957042121561 87.427991265241872 55.901758471404264 79.895926216508087 70.801898292680562 83.22692226503932 59.552489516230708 781.89305797795714 69.87103108037627 1737.6508421446688 82.827739051149138 158.12438831713553
leaf_count=59861 4585 954 3524 2916 6109 3706 1901 3106 3246 29050 1559 258458 76539 5229
internal_value=-3.44514e-11 -0.00108572 -0.00163953 -0.0024242 0.00173636 0.015889 -0.000387918 -0.0107862 -0.0270849 0.00289576 0.00160104 -0.00487501 -0.00355824 -0.0146281
internal_weight=3972.6 3769.61 3690.51 3475.78 1288.57 167.324 1121.25 268.552 115.454 852.695 153.098 2187.21 1978.6 240.952
internal_count=460743 456158 455204 451680 51593 6622 44971 14020 9355 30951 4665 400087 340226 81768
is_linear=0
shrinkage=0.05


Tree=115
num_leaves=15
num_cat=0
split_feature=4 0 0 7 3 0 0 3 0 10 4 6 0 8
split_gain=34.2235 25.9897 27.8388 21.6013 29.1096 19.8534 15.179 15.7058 15.1174 14.7293 14.4401 14.3877 13.9558 18.9495
threshold=10.339858531951906 6.7661678791046151 7.7495844364166269 0.018618545494973663 0.22482027113437655 4.8865754604339608 4.8402345180511483 -0.17216184735298154 5.0271592140197763 34.500000000000007 -3.4625918865203853 1.7005987167358401 4.5053346157073983 0.32030881941318518
decision_type=2 2 2 2 2 2 2 2 2 2 2 2 2 2
left_child=1 3 -3 5 6 9 7 -5 -8 -1 -10 -9 -6 -14
right_child=-2 2 -4 4 12 -7 8 11 10 -11 -12 -13 13 -15
leaf_value=-0.026687339822887735 0.02062488183738824 -0.037174433126332944 -0.0061198652225498244 -0.016157609659949671 0.021241113473594142 0.0033324075667302876 -0.038696821711709378 0.0048613176305363839 0.056285595244719183 -0.0062043457947143534 -0.0077156402893272472 0.058059127167668756 -0.0019945348298134667 0.018764317111131565
leaf_weight=97.146788117721826 190.40869134170498 88.584954463016402 374.23868384843809 90.967439183356873 261.81054228250832 592.46112704374445 38.637735899670588 613.85922316666938 8.0924577493951784 844.01183550530823 294.9616612599566 11.991334429068955 261.69630729674554 188.35572591601522
leaf_count=17791 3807 78047 35684 13825 5281 76818 3295 38949 450 158428 16268 181 7487 4432
internal_value=-1.86613e-11 -0.00104776 -0.0121311 0.000507989 0.00426972 -0.00383441 -0.000989416 0.00314469 -0.00964602 -0.00834469 -0.00582712 0.00597159 0.0120803 0.0067158
internal_weight=3957.22 3766.82 462.824 3303.99 1770.37 1533.62 1058.51 716.818 341.692 941.159 303.054 625.851 711.863 450.052
internal_count=460743 456936 113731 343205 90168 253037 72968 52955 20013 176219 16718 39130 17200 11919
is_linear=0
shrinkage=0.05


Tree=116
num_leaves=15
num_cat=0
split_feature=6 1 2 7 5 5 9 4 7 7 5 4 7 5
split_gain=32.353 20.1267 14.6236 16.6881 14.1143 13.8895 11.7613 13.3678 15.5379 11.6088 12.0684 11.3232 11.2583 17.3119
threshold=1.0000000180025095e-35 1.0000000180025095e-35 1.4978661537170412 2.9279137849807744 3.2384861707687382 1.7005987167358401 2.5000000000000004 0.77876859903335582 1.9978623986244204 3.9907655715942387 1.4978661537170412 4.0351324081420907 4.9911012649536142 1.8688347935676577
decision_type=2 2 2 2 2 2 2 2 2 2 2 2 2 2
left_child=1 2 3 -1 6 9 11 8 -8 10 -5 -4 -7 -14
right_child=-2 -3 4 5 -6 12 7 -9 -10 -11 -12 -13 13 -15
leaf_value=-0.0070529039299732608 0.019659119051448494 0.013369022753544646 -0.030865883020907911 0.028609423054669725 0.038221122341192751 -0.010659239994952899 -0.055965766708386044 0.0070688377841834731 0.048009954080064927 0.04166207015351954 -0.0049672198843792549 -0.0022664368851088371 0.046157439815548623 0.00083795927599332248
leaf_weight=1615.4879647318885 197.73946136164523 226.56778268087328 38.491329230142583 42.2510483092301 26.786213209037669 222.61127713420319 15.457630014057942 653.13913114097886 3.7669866618234655 32.136920842036488 69.571013906501321 281.66730006862053 21.006673883443 497.41138020152357
leaf_count=377269 4585 3626 4316 1188 193 11667 2639 20886 14 619 3255 10527 356 19603
internal_value=-1.65677e-11 -0.00104261 -0.00197382 -0.00403108 0.00307186 0.00148681 0.00208573 0.00583905 -0.0342257 0.0156417 0.00786057 -0.00579023 -0.00128042 0.00275967
internal_weight=3944.09 3746.35 3519.78 2500.48 1019.31 884.988 992.522 672.364 19.2246 143.959 111.822 320.159 741.029 518.418
internal_count=460743 456158 452532 413957 38575 36688 38382 23539 2653 5062 4443 14843 31626 19959
is_linear=0
shrinkage=0.05


Tree=117
num_leaves=15
num_cat=0
split_feature=6 2 1 7 0 0 0 0 5 2 3 0 8 0
split_gain=31.3888 19.0107 13.6314 13.2262 13.3921 24.0415 13.2071 15.08 12.9155 20.3017 20.0834 20.2014 19.285 13.9427
threshold=1.0000000180025095e-35 4.3943729400634775 1.0000000180025095e-35 7.8104727268219003 6.7661678791046151 7.7495844364166269 6.6713323593139657 6.5438487529754648 1.0000000180025095e-35 1.0000000180025095e-35 0.22834362089633944 4.5053346157073983 0.32030881941318518 5.478551149368287
decision_type=2 2 2 2 2 2 2 2 2 2 2 2 2 2
left_child=1 2 3 4 6 -6 7 8 9 13 -10 -12 -13 -1
right_child=-2 -3 -4 -5 5 -7 -8 -9 10 -11 11 12 -14 -15
leaf_value=-0.026228425683602369 0.019464072286266482 0.023318616837138512 0.010732529206478294 0.0071635877370145214 -0.037522029931661406 -0.0060821559828699171 0.021175692844482199 -0.05949449154278328 -0.0037110583069031645 -0.0025725439076578491 0.021601003439127651 -0.0078209179512508022 0.017433396396781806 -0.0028066199134908262
leaf_weight=177.39684195125028 195.76138267880015 77.510663188333638 211.83081430016318 332.11432501305171 72.870054593769737 347.19302131607242 59.00229154545741 10.576531652691299 832.30828386008216 992.64512273291257 192.72688631419987 210.21939299466794 116.73470649775118 99.09799529879956
leaf_count=145946 4585 954 3524 11164 76683 34820 3612 1309 71357 65023 4159 6527 2671 28409
internal_value=1.94801e-10 -0.00102586 -0.00154841 -0.00230691 -0.00331999 -0.0116123 -0.00202159 -0.00254951 -0.00229713 -0.00591762 0.00110335 0.00880632 0.00122147 -0.0178742
internal_weight=3927.99 3732.23 3654.72 3442.89 3110.77 420.063 2690.71 2631.71 2621.13 1269.14 1351.99 519.681 326.954 276.495
internal_count=460743 456158 455204 451680 440516 111503 329013 325401 324092 239378 84714 13357 9198 174355
is_linear=0
shrinkage=0.05


Tree=118
num_leaves=15
num_cat=0
split_feature=4 0 0 7 5 2 7 5 8 0 0 6 7 7
split_gain=31.2277 21.7685 35.0236 21.0428 34.6952 22.1047 21.2744 15.654 17.0946 22.3895 20.49 14.6842 13.1944 20.6648
threshold=10.339858531951906 7.0818057060241708 7.7495844364166269 0.98801764845848095 0.89587974548339855 2.6735538244247441 1.7959715723991396 1.2424533367156985 0.42914317548274999 5.8318653106689462 6.1339788436889657 2.9174053668975835 2.9895648956298833 3.0024330615997319
decision_type=2 2 2 2 2 2 2 2 2 2 2 2 2 2
left_child=1 3 -3 -1 -5 6 -6 -8 9 12 -11 -7 -9 -14
right_child=-2 2 -4 4 5 11 7 8 -10 10 -12 -13 13 -15
leaf_value=-0.0031908991649776601 0.01993717163924031 -0.045323867605049542 -0.0055436986041986448 0.034682387538006718 -0.0151394526063312 0.034113797843682986 0.027793691674651677 -0.0090975885667463341 0.022868573050359369 -0.055496755635554007 -0.0038403156525730893 -0.059375263436762221 0.041052620514245103 0.0037194236598181011
leaf_weight=1824.4967599565321 186.00958401745993 64.134628187061935 370.32834055868125 90.424181130527359 169.46954650784437 71.947335177246714 63.184444999245898 187.29169724389794 91.780310104571981 31.560009072010871 47.170290699097677 3.5637640659697345 38.268923838775663 667.62160685564959
leaf_count=304577 3807 57109 35684 1193 12547 908 1408 10918 1657 2116 3112 38 715 24954
internal_value=1.22255e-10 -0.00100167 -0.0115066 0.000390003 0.00485704 0.00286731 0.00132492 0.0038122 0.00236291 0.000404985 -0.0249838 0.0289832 0.00266834 0.00579861
internal_weight=3907.25 3721.24 434.463 3286.78 1462.28 1371.86 1296.35 1126.88 1063.69 971.913 78.7303 75.5111 893.182 705.891
internal_count=460743 456936 92793 364143 59566 58373 57427 44880 43472 41815 5228 946 36587 25669
is_linear=0
shrinkage=0.05


Tree=119
num_leaves=15
num_cat=0
split_feature=6 2 1 7 7 4 11 3 2 5 2 11 5 8
split_gain=30.2909 19.241 14.0478 12.5317 19.3671 14.4326 12.5975 11.1107 10.4931 10.4133 10.1469 14.3223 12.6443 10.2653
threshold=1.0000000180025095e-35 3.9607677459716801 1.0000000180025095e-35 1.9978623986244204 2.0269323587417607 4.8030695915222177 0.86688077449798595 0.33328077197074896 2.9174053668975835 3.8606742620468144 1.0000000180025095e-35 0.025531332008540634 1.7005987167358401 -0.025325838476419445
decision_type=2 2 2 2 2 2 2 2 2 2 2 2 2 2
left_child=1 2 3 5 -5 6 7 10 -2 -6 12 -12 -1 -14
right_child=8 -3 -4 4 9 -7 -8 -9 -10 -11 11 -13 13 -15
leaf_value=-0.019293643448334081 0.014278992426339938 0.019582578115076778 0.011078196580273918 0.032533633132767213 -0.00010624202589570437 -0.00063029724384702519 -0.061340287646375169 -0.031179681583495905 0.046807428467347284 0.050397967224471776 -0.034844844061194279 -0.0015763933026555462 -0.035553470450245574 0.0092447754040031124
leaf_weight=268.50172952834828 160.9438791322591 109.13537793585056 203.90933503764973 47.578161384626583 1186.7016658247794 1072.5368740445015 10.332060184840428 49.502263273639983 28.77015804212715 9.2948894487053604 33.169436795053116 610.45643017465727 14.235370502528893 78.673859208110116
leaf_count=156321 3500 1981 3436 1004 49779 144697 5491 31312 1085 249 4711 44952 4595 7630
internal_value=1.14251e-10 -0.00100293 -0.00163491 -0.00240469 0.00158535 -0.00472581 -0.00884634 -0.00827439 0.0194315 0.000328036 -0.00711634 -0.00334229 -0.0138097 0.00207537
internal_weight=3883.74 3694.03 3584.89 3380.98 1243.57 2137.41 1064.87 1054.54 189.714 1196 1005.04 643.626 361.411 92.9092
internal_count=460743 456158 454177 450741 51032 399709 255012 249521 4585 50028 218209 49663 168546 12225
is_linear=0
shrinkage=0.05


Tree=120
num_leaves=15
num_cat=0
split_feature=6 1 7 11 8 11 2 7 0 7 8 0 0 11
split_gain=28.9891 17.3462 12.7789 14.0699 13.6735 14.6318 13.6418 10.9231 15.6439 10.2732 20.688 17.1951 22.5079 14.9731
threshold=1.0000000180025095e-35 1.0000000180025095e-35 11.549574851989748 0.097147613763809218 0.18266969919204715 0.29211647808551794 1.0000000180025095e-35 0.89746525883674633 4.7916412353515634 0.57019612193107616 0.18266969919204715 4.4005842208862314 4.3107767105102548 0.23565507680177691
decision_type=2 2 2 2 2 2 2 2 2 2 2 2 2 2
left_child=1 2 6 -4 5 -5 9 -8 -9 10 -1 12 13 -11
right_child=-2 -3 3 4 -6 -7 7 8 -10 11 -12 -13 -14 -15
leaf_value=-0.023336688219918033 0.019148554470073603 0.012590598183240874 0.025749175705630407 -0.070044128506460204 0.0090301877764604448 0.0039774318190120605 -0.001608025902121332 0.020134849413152286 -0.00028851876288319274 0.0064806709118060335 -0.0029311730859038721 -0.0081678575435010971 0.040055250778353459 -0.014504550147079418
leaf_weight=216.34121491770111 187.04179364581614 220.36902676678983 84.895762643558555 12.187505046567823 74.658494219285785 13.315470643399747 1217.2724531150157 157.06541775571532 230.41485343410022 317.88690383873291 290.66519463068062 689.15830937575902 39.083634545575478 114.89654119925035
leaf_count=169400 4585 3626 1863 1117 1824 890 75283 1240 3617 20752 119193 46187 1074 10092
internal_value=6.59589e-12 -0.000978669 -0.00184683 0.0109009 -0.00181451 -0.0327046 -0.00257075 0.000720436 0.00802063 -0.00573562 -0.0116671 -0.00313761 0.00421077 0.000888863
internal_weight=3865.25 3678.21 3457.84 185.057 100.161 25.503 3272.78 1604.75 387.48 1668.03 507.006 1161.03 471.867 432.783
internal_count=460743 456158 452532 5694 3831 2007 446838 80140 4857 366698 288593 78105 31918 30844
is_linear=0
shrinkage=0.05


Tree=121
num_leaves=15
num_cat=0
split_feature=6 2 5 7 5 0 8 0 11 11 8 11 3 5
split_gain=27.8422 16.7798 14.0156 12.7065 28.7657 16.3108 22.0641 16.3627 16.6833 17.7757 23.9601 16.1606 15.5128 13.816
threshold=1.0000000180025095e-35 1.4978661537170412 3.4175922870635991 0.99644413590431224 0.89587974548339855 4.49422311782837 0.072988893836736693 4.2121002674102792 0.23565507680177691 0.19891599565744403 0.0055299988016486177 0.036486510187387473 0.29013764858245855 1.7005987167358401
decision_type=2 2 2 2 2 2 2 2 2 2 2 2 2 2
left_child=1 3 -3 -1 -5 7 -7 8 9 10 13 -12 -10 -6
right_child=-2 2 -4 4 5 6 -8 -9 12 -11 11 -13 -14 -15
leaf_value=-0.0069418392364842211 0.018843348270611099 0.0033390128422500897 0.04105348087284523 0.036525598202063109 0.0064456795543518033 -0.03227781279366055 -0.0033171416106856188 0.024140551988437176 -0.022080972627870493 0.042856847016999967 0.046662016472019584 0.0082773319798896561 0.025835860022523846 -0.021441035226361635
leaf_weight=1193.9029249216037 185.55210097709642 1076.4522503017897 24.223508965631481 51.165825982741808 81.073145011569068 71.707493647224055 692.83608971641115 93.366323030139029 103.6978641450869 30.364327128834702 37.326150860943017 98.47351437206089 19.268155055859097 96.261749805355066
leaf_count=344584 4585 39847 177 1358 5818 7845 31718 3418 8389 1006 768 3181 593 7456
internal_value=-7.09507e-11 -0.000957546 0.00420554 -0.00317004 0.000106366 -0.00132715 -0.00607201 0.00515203 0.00130783 0.00696534 0.00335963 0.0190918 -0.0144248 -0.00872726
internal_weight=3855.67 3670.12 1100.68 2569.44 1375.54 1324.37 764.544 559.831 466.465 343.499 313.135 135.8 122.966 177.335
internal_count=460743 456158 40024 416134 71550 70192 39563 30629 27211 18229 17223 3949 8982 13274
is_linear=0
shrinkage=0.05


Tree=122
num_leaves=15
num_cat=0
split_feature=6 1 7 7 2 4 8 7 7 2 7 11 11 11
split_gain=26.3184 17.0111 12.7243 14.634 13.9898 13.9777 12.126 10.7324 10.4465 11.2613 12.5468 10.084 10.8572 9.61942
threshold=1.0000000180025095e-35 1.0000000180025095e-35 2.9895648956298833 3.0024330615997319 0.89587974548339855 5.1391296386718759 -0.26666195690631861 0.50753176212310802 0.28573660552501684 1.4978661537170412 16.19297027587891 0.81460422277450573 0.028253203257918361 0.0087057864293456095
decision_type=2 2 2 2 2 2 2 2 2 2 2 2 2 2
left_child=1 2 5 -4 -5 6 -1 -3 -2 10 -10 12 -11 -7
right_child=8 7 3 4 -6 13 -8 -9 9 11 -12 -13 -14 -15
leaf_value=-0.024961822066704571 -0.023490594693227708 0.006217754312367223 0.032515238388292983 -0.0011217005589238738 0.014607991755966233 -0.066012379059003701 -0.005816602632074272 0.031959469860570265 0.005638368606329722 -0.031209634138807448 0.063501936229417452 -0.04646570186655205 0.047389842765727781 0.00088743134626411704
leaf_weight=87.517515138821182 13.003578744423065 165.80374559148186 39.299424413802626 774.61193227696822 171.87739886909549 4.4003894589500296 1290.8946507456817 52.885535239343881 95.696062686034566 4.0674670669250181 9.4203205965459329 2.5975974826142183 59.155103929289908 1071.8383017403303
leaf_count=16653 153 3083 915 34304 1848 875 281255 543 2162 64 259 68 1879 116682
internal_value=1.11905e-10 -0.000929855 -0.00179073 0.00300544 0.00174713 -0.00371731 -0.00704938 0.01256 0.0184026 0.0217077 0.0113735 0.0377943 0.0419259 0.000552874
internal_weight=3843.07 3659.13 3440.44 985.789 946.489 2454.65 1378.41 218.689 183.94 170.937 105.116 65.8202 63.2226 1076.24
internal_count=460743 456158 452532 37067 36152 415465 297908 3626 4585 4432 2421 2011 1943 117557
is_linear=0
shrinkage=0.05


Tree=123
num_leaves=15
num_cat=0
split_feature=6 1 5 2 7 7 8 0 0 11 3 11 11 8
split_gain=26.6757 15.6285 12.717 11.1291 13.2902 12.3164 18.5485 14.256 17.5345 15.2209 13.2047 17.6876 20.169 12.4249
threshold=1.0000000180025095e-35 1.0000000180025095e-35 3.8606742620468144 1.0000000180025095e-35 1.9477671980857851 0.57019612193107616 0.13290482014417651 4.4005842208862314 4.3107767105102548 0.81460422277450573 0.21035937219858172 0.23565507680177691 0.19891599565744403 0.06181741692125798
decision_type=2 2 2 2 2 2 2 2 2 2 2 2 2 2
left_child=1 2 3 5 -5 6 -1 8 10 -9 11 12 -7 -10
right_child=-2 -3 -4 4 -6 7 -8 9 13 -11 -12 -13 -14 -15
leaf_value=-0.024458398541245489 0.018978001129603867 0.012065865094773523 0.051384688105220157 -0.0010076182436764599 0.010867545625419439 -0.00078671741153004716 -0.004262358037084614 -0.0082795073828191186 -0.022491440261631634 0.020221748472521735 0.019195240574364614 -0.020811433041012142 0.041693452305005367 0.045654493206733648
leaf_weight=173.47141763773186 175.61412433109217 216.91849840117357 10.228196953306904 1353.0103708894376 284.25641819817247 264.59038991334364 327.91163629504729 710.95989583469191 7.4766448591599319 49.201028752184357 85.253980513520219 97.032642707378727 30.236381911461649 37.040194380784669
leaf_count=138631 4585 3626 261 77252 3341 19267 149962 46174 593 3116 2561 9638 1194 542
internal_value=-8.62784e-12 -0.000918652 -0.00174293 -0.00191677 0.00105948 -0.00464855 -0.0112847 -0.002046 0.00431458 -0.00641063 0.00148265 -0.00241 0.00369611 0.0339666
internal_weight=3823.2 3647.59 3430.67 3420.44 1637.27 1783.17 501.383 1281.79 521.63 760.161 477.113 391.859 294.827 44.5168
internal_count=460743 456158 452532 452271 80593 371678 288593 83085 33795 49290 32660 30099 20461 1135
is_linear=0
shrinkage=0.05


Tree=124
num_leaves=15
num_cat=0
split_feature=6 2 3 0 0 4 9 7 0 4 8 0 0 0
split_gain=25.6599 15.5982 13.9031 10.6935 25.7652 10.3495 9.36167 9.33427 12.4995 10.4515 9.93454 9.70358 22.0062 11.9197
threshold=1.0000000180025095e-35 2.3502402305603032 0.27586649358272558 9.3328065872192401 7.0818057060241708 -2.2637518644332881 2.5000000000000004 8.8595404624938983 2.4414010047912602 -4.1208093166351309 0.06181741692125798 6.7661678791046151 7.7495844364166269 6.6713323593139657
decision_type=2 2 2 2 2 2 2 2 2 2 2 2 2 2
left_child=1 7 -3 4 6 -2 -4 9 -9 -1 -10 13 -13 -11
right_child=5 2 3 -5 -6 -7 -8 8 10 11 -12 12 -14 -15
leaf_value=-0.035238890068597782 -0.04040161328983171 -0.0082400571450670715 2.9906478227766738e-05 0.035327232088455458 -0.062352189106637007 0.021105643615665432 0.015801611454497662 0.049046784005810209 -0.017401541623291258 -0.0022210591383582416 0.0090903785327019395 -0.037822008120770689 -0.0050934619461474049 0.020245324950183788
leaf_weight=24.159606807891578 6.2274347064667372 124.52161601662192 144.44800683608628 38.833592908782521 11.585824676680202 167.98934627264134 268.89664622584314 15.543967314413747 42.893266223014507 2322.2565617668538 182.24063633960031 59.629871785454952 339.04164994302914 59.584032288265007
leaf_count=7263 148 10499 4089 408 927 4437 4839 219 2831 305803 5881 75470 34326 3603
internal_value=1.9916e-10 -0.000900951 0.00654573 0.0105249 0.00818067 0.018689 0.0103034 -0.00234114 0.00708937 -0.00315264 0.00398842 -0.00286128 -0.0100711 -0.00165078
internal_weight=3807.85 3633.64 588.286 463.764 424.93 174.217 413.345 3045.35 240.678 2804.67 225.134 2780.51 398.672 2381.84
internal_count=460743 456158 20762 10263 9855 4585 8928 435396 8931 426465 8712 419202 109796 309406
is_linear=0
shrinkage=0.05


Tree=125
num_leaves=15
num_cat=0
split_feature=6 1 8 2 7 5 5 0 8 5 9 11 8 0
split_gain=24.9547 14.5527 12.5501 12.0625 14.5794 22.742 11.6869 10.6062 20.7664 11.8795 10.9467 13.04 12.7368 14.848
threshold=1.0000000180025095e-35 0.89587974548339855 -0.096311625093221651 1.2424533367156985 0.99644413590431224 0.89587974548339855 3.4175922870635991 4.49422311782837 0.072988893836736693 2.1383330821990971 3.5000000000000004 0.067505817860364928 0.18061149120330813 5.6681537628173837
decision_type=2 2 2 2 2 2 2 2 2 2 2 2 2 2
left_child=1 3 -3 4 -1 -6 -5 -7 9 -9 12 -12 13 -10
right_child=-2 2 -4 6 5 7 -8 8 10 -11 11 -13 -14 -15
leaf_value=-0.0080428510354695944 0.018640456112304419 -0.01837796874179352 0.023538497966146196 0.0019714729058113926 0.034490599256825377 0.0039819728946840728 0.038915805787203439 -0.020433094643614716 -0.0041054808292934229 -0.072709620716251949 -0.036156764476770444 -0.0055033235470382481 0.0056374186549869015 -0.056213070419561806
leaf_weight=1017.3617535858257 170.43412514424017 20.942898381559644 99.315681428526659 1153.0822648957737 44.941949918391401 539.72769501481343 20.816364629485179 55.04430102054539 55.009979634935007 13.031396079564727 42.904948773562865 167.8399999984731 374.01184359773833 17.273273135285308
leaf_count=336360 4585 387 1447 46825 1322 30506 155 5920 2681 1900 2206 7127 15984 3338
internal_value=1.95123e-10 -0.000882203 0.0161474 -0.0014716 -0.00355556 -6.66284e-05 0.00265916 -0.00132078 -0.00526784 -0.0313479 -0.00252217 -0.0118853 0.00191586 -0.0171546
internal_weight=3791.74 3621.3 120.259 3501.05 2327.15 1309.79 1173.9 1264.84 725.116 68.0757 657.04 210.745 446.295 72.2833
internal_count=460743 456158 1834 454324 407344 70984 46980 69662 39156 7820 31336 9333 22003 6019
is_linear=0
shrinkage=0.05


Tree=126
num_leaves=15
num_cat=0
split_feature=6 1 8 0 0 0 0 0 8 3 5 0 0 7
split_gain=24.0027 14.2532 11.7585 19.5691 13.3459 37.7388 31.8356 22.222 21.2998 16.2116 15.4384 15.123 20.1245 12.6119
threshold=1.0000000180025095e-35 1.0000000180025095e-35 -0.056599371135234826 4.135134458541871 5.6681537628173837 5.5872416496276864 5.5587399005889901 5.6801493167877206 0.26738442480564123 0.23864005506038669 2.7403194904327397 6.7860682010650644 7.7495844364166269 3.82993495464325
decision_type=2 2 2 2 2 2 2 2 2 2 2 2 2 2
left_child=1 2 3 -1 5 6 13 -6 9 -9 11 -10 -13 -4
right_child=-2 -3 4 -5 7 -7 -8 8 10 -11 -12 12 -14 -15
leaf_value=-0.003681462848741956 0.018363138682979868 0.011744298212803726 -0.0012626568897386474 -0.026090243861761831 -0.076205645925102525 0.032532338018077846 -0.071722068596523844 -0.032970556362750085 0.0066405094385594736 -0.005815385239164873 0.016741801898474334 -0.041887753464144133 -0.0052545143935324862 0.0087221854701959364
leaf_weight=592.4156498878574 168.94972262009287 210.03336095172381 1239.8503516066185 115.71809894300486 9.8425374499348646 97.116038284143542 14.068255600211158 95.788001029379075 230.52068862300985 128.42412427619229 116.2089617725178 42.081466562619539 292.29887208616901 423.46192320390037
leaf_count=73236 4585 3626 191211 21956 1478 8560 1977 53146 16285 20890 2327 29053 20444 11969
internal_value=8.91871e-11 -0.000864771 -0.00164742 -0.00737497 -0.000137292 0.00239183 0.000628428 -0.0050385 -0.00418155 -0.0175115 0.000225734 -0.00319546 -0.00997592 0.00128309
internal_weight=3776.78 3607.83 3397.79 708.134 2689.66 1774.5 1677.38 915.165 905.322 224.212 681.11 564.901 334.38 1663.31
internal_count=460743 456158 452532 95192 357340 213717 205157 143623 142145 74036 68109 65782 49497 203180
is_linear=0
shrinkage=0.05


Tree=127
num_leaves=15
num_cat=0
split_feature=4 0 0 7 2 0 10 8 0 2 8 9 3 0
split_gain=23.259 15.8457 26.1939 15.8534 26.329 12.001 12.7936 11.0289 10.7805 12.5694 13.1258 11.9512 10.7342 10.8993
threshold=10.339858531951906 7.0818057060241708 7.7495844364166269 0.018618545494973663 0.89587974548339855 4.8865754604339608 28.500000000000004 0.20145948976278308 4.6959142684936532 2.1383330821990971 -0.28901502490043635 2.5000000000000004 0.22834362089633944 3.9019216299057011
decision_type=2 2 2 2 2 2 2 2 2 2 2 2 2 2
left_child=1 3 -3 5 12 6 -1 -4 9 -8 -11 -12 -5 -14
right_child=-2 2 7 4 -6 -7 8 -9 -10 10 11 -13 13 -15
leaf_value=-0.027249528701899135 0.018103275839923692 -0.041461353918468412 -0.048127672048166953 -0.0026214638868558614 0.014847518929726447 0.0021545118195485705 -0.0074586873311278086 -0.0032294288256800724 -0.025093820202285972 -0.034856160653270074 -0.0064540636939186867 0.020101253173017961 0.025772258145148198 0.0033616597654106215
leaf_weight=71.144530648652676 168.44130945422694 56.158984682934715 13.250354925928375 938.43739673262485 399.99551873948258 583.91847216156953 564.01336983594649 347.25244027687381 62.426344486120115 16.150420850979572 64.345082689127594 120.86154545561294 65.804866139384103 291.0187010603604
leaf_count=13621 3807 57109 11474 74437 4813 94236 139174 24210 12336 1551 3601 5936 2167 12271
internal_value=1.8433e-10 -0.000853068 -0.010009 0.000350078 0.00365185 -0.00342453 -0.00704684 -0.00500824 -0.00527975 -0.003633 0.00706687 0.0108902 0.000185671 0.00755506
internal_weight=3763.22 3594.78 416.662 3178.12 1695.26 1482.86 898.941 360.503 827.797 765.37 201.357 185.207 1295.26 356.824
internal_count=460743 456936 92793 364143 93688 270455 176219 35684 162598 150262 11088 9537 88875 14438
is_linear=0
shrinkage=0.05


Tree=128
num_leaves=15
num_cat=0
split_feature=6 2 7 1 0 8 11 4 5 0 0 5 3 0
split_gain=23.1179 16.4778 12.2224 10.943 10.4659 13.1366 9.62591 16.0767 10.5972 8.83234 19.7919 10.9585 19.7995 14.1767
threshold=0.89587974548339855 3.9607677459716801 12.735581398010256 0.89587974548339855 3.3497501611709599 -0.070636887103319154 0.097147613763809218 3.7693760395050053 2.9700856208801274 7.0818057060241708 7.7495844364166269 1.0000000180025095e-35 0.22834362089633944 4.5053346157073983
decision_type=2 2 2 2 2 2 2 2 2 2 2 2 2 2
left_child=1 2 3 9 -2 -6 -4 8 -8 11 -11 -1 -13 -14
right_child=4 -3 6 -5 5 -7 7 -9 -10 10 -12 12 13 -15
leaf_value=-0.0047071186737141736 -0.00043701242112787581 0.018626898619770901 0.026661674626087869 0.013921793314585436 -0.033823962771072143 0.040232611246157068 0.009329347587967848 0.019328708365663135 -0.04586204800402064 -0.039903938640734132 -0.0053061432887163982 -0.0030573382189058094 0.018910551795278355 0.0028362616347607714
leaf_weight=1333.2184614667615 32.338010406791 106.42050436001409 66.64502075863129 105.20254166435916 5.8312320516270111 65.330816300986044 13.8826741559169 50.321211171351024 21.051392683584709 45.604845676131276 370.23419438998246 932.08264830855865 213.03461302566029 383.16769589567548
leaf_count=260780 512 2124 1609 1834 123 2283 519 1253 1559 56137 36035 78735 4849 12391
internal_value=4.10782e-11 -0.000665327 -0.00125131 -0.00187583 0.0231869 0.0337796 0.012577 0.00138538 -0.0242799 -0.00238703 -0.00918709 -0.00139597 0.00149375 0.00860196
internal_weight=3744.37 3640.87 3534.45 3382.55 103.5 71.162 151.9 85.2553 34.9341 3277.34 415.839 2861.5 1528.28 596.202
internal_count=460743 457825 455701 450761 2918 2406 4940 3331 2078 448927 92172 356755 95975 17240
is_linear=0
shrinkage=0.05


Tree=129
num_leaves=15
num_cat=0
split_feature=6 2 3 5 7 5 7 8 7 4 7 7 7 7
split_gain=22.3232 13.5944 15.0218 8.84857 8.83079 10.532 12.0662 18.1073 10.4107 10.9635 10.1426 9.62585 22.3248 12.5559
threshold=1.0000000180025095e-35 2.6735538244247441 0.29992264509201055 3.0677825212478642 2.8892307281494145 1.7005987167358401 4.4448051452636728 0.10370824113488199 3.9907655715942387 5.5185663700103769 4.1067881584167489 2.207152366638184 1.9978623986244204 1.0562223792076113
decision_type=2 2 2 2 2 2 2 2 2 2 2 2 2 2
left_child=1 4 -3 -2 11 8 7 -7 -6 -10 -9 12 13 -1
right_child=3 2 -4 -5 5 6 -8 10 9 -11 -12 -13 -14 -15
leaf_value=-0.0024471700446460293 0.013223288079130237 -0.0099416630265576275 0.012492174152722094 0.04681046221323925 0.0070702638441799128 -0.03710118556117005 0.0030586994510650293 0.0055003154470683914 0.047440949975488693 -0.043606212451039399 -0.028718065833313586 -0.016576064261776501 0.022512528139257068 -0.014697384919375231
leaf_weight=1740.4334031837202 140.56109795934935 95.182995274351924 334.08045638815383 22.150493221110082 124.79256752023321 49.444651739757319 606.50181029188025 101.76520306425573 30.113818182042451 2.9167611336160908 26.441441867300455 135.36312198681208 82.2478708562885 236.85663533152365
leaf_count=370914 3403 8280 6563 1182 4768 4637 23496 3496 584 60 1062 9094 3475 19729
internal_value=1.38947e-10 -0.000828559 0.00750625 0.0180536 -0.00197116 0.00207688 -0.000300852 -0.0117233 0.0138183 0.0383559 -0.00172456 -0.00370859 -0.00285524 -0.00392129
internal_weight=3728.85 3566.14 429.263 162.712 3136.88 941.976 784.153 177.651 157.823 33.0306 128.207 2194.9 2059.54 1977.29
internal_count=460743 456158 14843 4585 441315 38103 32691 9195 5412 644 4558 403212 394118 390643
is_linear=0
shrinkage=0.05


Tree=130
num_leaves=15
num_cat=0
split_feature=6 2 1 7 5 7 4 11 2 2 8 8 9 8
split_gain=21.4209 13.935 11.3113 10.4482 14.4 13.3248 11.6902 12.1742 10.0232 9.55252 9.70663 9.35675 8.86714 8.83691
threshold=1.0000000180025095e-35 3.9607677459716801 1.0000000180025095e-35 3.5899066925048833 1.8688347935676577 5.9774820804595956 4.9803745746612558 0.0087057864293456095 3.4811217784881596 2.2499048709869389 0.59912589192390453 -0.26666195690631861 2.5000000000000004 0.46923507750034338
decision_type=2 2 2 2 2 2 2 2 2 2 2 2 2 2
left_child=1 2 3 6 -5 -6 11 -8 9 10 -7 -1 -11 -3
right_child=-2 13 -4 4 5 8 7 -9 -10 12 -12 -13 -14 -15
leaf_value=-0.02217650313464558 0.017826565581717531 0.0097843855279866002 0.010537821257445519 0.016898021061080404 -0.01142495948827528 0.0042918696299279616 -0.069762732577274292 0.00061399523634624736 -0.057791777996752093 -0.028058936958122466 -0.043886821629904371 -0.0056006737121656958 0.040869900418218308 0.04639258399827681
leaf_weight=90.353221876062435 160.21992969866369 81.400887518369927 188.36296458890865 149.00317462679232 189.24755906501287 413.43656415113946 5.1798530982362072 1089.564112952017 5.4178141490556291 4.8046046436065799 9.7292320969572739 1286.2503224004108 28.695647019456374 19.957255184492169
leaf_count=17103 4585 1816 3436 4968 9271 16097 965 129697 81 70 196 272077 216 165
internal_value=-4.24934e-11 -0.000806758 -0.00134425 -0.00203135 0.00293125 -0.000284893 -0.00363901 0.00021764 0.00429237 0.00515359 0.00308331 -0.00670393 0.0304574 0.0173753
internal_weight=3721.62 3561.4 3460.05 3271.68 800.335 651.331 2471.35 1094.74 462.084 456.666 423.166 1376.6 33.5003 101.358
internal_count=460743 456158 454177 450741 30899 25931 419842 130662 16660 16579 16293 289180 286 1981
is_linear=0
shrinkage=0.05


Tree=131
num_leaves=15
num_cat=0
split_feature=6 1 2 7 7 7 5 3 5 2 0 3 5 7
split_gain=20.6436 13.2436 9.96079 9.93674 12.7392 32.2807 12.0445 9.75141 11.0802 12.0514 13.2391 11.3605 9.69923 8.5371
threshold=1.0000000180025095e-35 1.0000000180025095e-35 3.9607677459716801 1.8309416770935061 1.0562223792076113 0.99977219104766857 1.2424533367156985 0.024959320202469829 1.4978661537170412 1.0000000180025095e-35 5.478551149368287 0.16533362865448001 0.89587974548339855 0.70150455832481395
decision_type=2 2 2 2 2 2 2 2 2 2 2 2 2 2
left_child=1 2 3 4 5 7 -5 -1 9 10 -9 -12 -7 -13
right_child=-2 -3 -4 6 -6 12 -8 8 -10 -11 11 13 -14 -15
leaf_value=-0.016728062992336076 0.017574765125584601 0.011594310516339633 0.015240155240422213 0.024338514070712296 -0.016532432449980133 0.047451225972925011 0.00046282479909101496 -0.020033713211562009 0.013411345881475776 -0.0011287164066948741 -0.042214294447293445 0.0026142703140628002 0.0086268591885362567 -0.029196637536387363
leaf_weight=141.23802036775055 158.88844930353116 202.4716755278987 85.136925845950827 54.272232524227547 187.54490555470034 37.734154450941787 1192.796264736342 210.62325445031922 95.005197219907132 1053.8107941100361 16.402125260001867 221.80482491020337 28.422057293548278 22.296511165454376
leaf_count=49436 4585 3626 1791 1962 16210 568 52682 154456 6935 64088 36720 64136 1343 2205
internal_value=-4.45021e-11 -0.000791425 -0.0015439 -0.0019865 -0.0041568 -0.00287831 0.00152056 -0.00417342 -0.00306917 -0.00410404 -0.0107427 -0.00318285 0.0311483 -0.000398642
internal_weight=3708.45 3549.56 3347.09 3261.95 2014.88 1827.34 1247.07 1761.18 1619.94 1524.94 471.127 260.503 66.1562 244.101
internal_count=460743 456158 452532 450741 396097 379887 54644 377976 328540 321605 257517 103061 1911 66341
is_linear=0
shrinkage=0.05


Tree=132
num_leaves=15
num_cat=0
split_feature=4 0 0 8 5 3 6 2 7 0 8 10 5 8
split_gain=20.3308 15.6824 19.4151 14.3682 15.8106 16.4381 12.3146 10.6885 9.60085 10.3124 9.40468 10.2122 10.4529 10.8212
threshold=9.4244298934936541 7.0818057060241708 7.7495844364166269 0.39595879614353185 2.0126758217811589 0.1804955527186394 1.0000000180025095e-35 4.6535520553588876 0.48377668857574468 2.6020033359527592 0.20145948976278308 49.500000000000007 3.4175922870635991 0.31733778119087225
decision_type=2 2 2 2 2 2 2 2 2 2 2 2 2 2
left_child=1 3 -3 6 -5 -6 7 -1 9 -2 -4 -12 13 -13
right_child=8 2 10 4 5 -7 -8 -9 -10 -11 11 12 -14 -15
leaf_value=-0.001634873929462943 -0.056909042914032183 -0.038803927555905782 -0.047292155850688383 -0.0015977881010160286 -0.0060377606269768364 0.037595833923543598 0.017353407946585252 0.026302444104205333 0.02136250204904272 0.0055481126521416003 0.013679049198381961 0.027462654662559323 0.029992544967598601 -0.014135313208418369
leaf_weight=2745.4190630776848 6.3002550607343428 51.340081616960219 12.2514005125455 98.775792233575885 29.133359540795936 79.631834224364866 90.520563064625094 33.670592553491588 155.94884954034751 68.796890253383026 62.643466656467581 15.881007619230557 15.422148873112745 224.94277583221697
leaf_count=349846 84 57010 11470 8653 701 1355 2308 302 3785 1332 3284 4780 220 15613
internal_value=1.68834e-10 -0.000960694 -0.0104953 0.000227451 0.0128994 0.0259598 -0.000693209 -0.00128705 0.0143274 -0.000370704 -0.00600269 -0.00427351 -0.00869842 -0.0112899
internal_weight=3690.68 3459.63 382.481 3077.15 207.541 108.765 2869.61 2779.09 231.046 75.0971 331.141 318.889 256.246 240.824
internal_count=460743 455542 92377 363165 10709 2056 352456 350148 5201 1416 35367 23897 20613 20393
is_linear=0
shrinkage=0.05


Tree=133
num_leaves=15
num_cat=0
split_feature=6 1 2 7 7 7 8 9 11 4 7 8 2 8
split_gain=19.2722 13.1439 9.75838 10.7384 10.4041 9.63562 9.92158 9.59998 11.8845 11.7929 10.4154 10.0194 8.71145 8.43687
threshold=1.0000000180025095e-35 1.0000000180025095e-35 1.4978661537170412 2.9279137849807744 3.0024330615997319 2.9981330633163457 -0.016645629890263077 2.5000000000000004 0.56603154540061962 0.77876859903335582 1.9978623986244204 -0.085327029228210435 3.2384861707687382 -0.18632175773382184
decision_type=2 2 2 2 2 2 2 2 2 2 2 2 2 2
left_child=1 2 3 13 5 6 -5 8 11 10 -9 12 -4 -1
right_child=-2 -3 7 4 -6 -7 -8 9 -10 -11 -12 -13 -14 -15
leaf_value=-0.018340699106178398 0.017179997015580109 0.01167068107790757 -0.011382188767057799 -0.036405794799091867 -0.00019493117335806745 0.048328308384850097 0.021529166849402946 -0.053270473991977776 -0.035368075576403306 0.0073339358765107865 0.038442147863453263 0.003926658122256922 -0.067394376212849147 -0.0046328730726046983
leaf_weight=121.20600150182736 155.31088595382971 199.52660203041887 59.551237409850728 9.2363277551012271 793.12297881848826 20.547903008959111 25.694724514825793 13.264444328488027 27.329544759360942 629.16690961521454 3.1731164865777819 213.04215659535021 6.9730125430432954 1403.5510832586765
leaf_count=30391 4585 3626 3186 561 34828 397 902 2639 1438 21036 18 9713 545 346878
internal_value=1.94289e-10 -0.000761522 -0.00151064 -0.00322606 0.00128134 0.0220158 0.00562337 0.00276258 -0.00450812 0.00622042 -0.0343769 -0.00137604 -0.0181645 -0.00573384
internal_weight=3680.7 3525.39 3325.86 2373.36 848.602 55.479 34.9311 952.5 306.896 645.604 16.4376 279.566 66.5242 1524.76
internal_count=460743 456158 452532 413957 36688 1860 1463 38575 14882 23693 2657 13444 3731 377269
is_linear=0
shrinkage=0.05


Tree=134
num_leaves=15
num_cat=0
split_feature=4 0 0 10 7 5 9 7 2 0 0 0 11 0
split_gain=18.9882 13.3016 14.8991 13.5305 14.2925 17.0769 13.5855 13.3297 18.7245 11.9347 43.6331 36.8559 11.6109 11.046
threshold=10.339858531951906 6.7661678791046151 9.3328065872192401 42.500000000000007 0.11900553479790689 2.3502402305603032 4.5000000000000009 0.018618545494973663 0.89587974548339855 6.1954121589660653 5.8318653106689462 6.2015223503112802 0.045948732644319541 4.8865754604339608
decision_type=2 2 2 2 2 2 2 2 2 2 2 2 2 2
left_child=1 7 -3 -4 -5 6 12 13 9 10 -9 -11 -6 -1
right_child=-2 2 3 4 5 -7 -8 8 -10 11 -12 -13 -14 -15
leaf_value=-0.0066489274158492767 0.017015642794072392 -0.022731464661885671 0.020404551314845601 0.022933586123274806 -0.084123295747358412 0.0049244675789713414 -0.079654411737451011 0.0011795272999263605 0.013252328286599386 0.056906430495523332 -0.045722050449097662 -0.0049214720509548979 -0.015050830510206363 0.0022983591589636337
leaf_weight=875.1206356607554 155.94915599532214 134.62291568491719 51.330186254821456 32.0067579115439 5.5310876218863987 83.167743610189063 9.2862757392613258 1116.8465869305564 375.17927855192465 35.971296255374909 50.890858110354202 68.847492451394828 107.48191460135968 568.31516904692216
leaf_count=176219 3807 106540 677 1947 214 1115 544 76128 4663 233 4510 4634 2694 76818
internal_value=2.1185e-10 -0.00075964 -0.00905974 -0.00263036 -0.00767406 -0.01253 -0.0243433 0.000379864 0.00345197 0.000554452 -0.00090185 0.0166336 -0.0191396 -0.00312701
internal_weight=3670.55 3514.6 423.427 288.804 237.474 205.467 122.299 3091.17 1647.74 1272.56 1167.74 104.819 113.013 1443.44
internal_count=460743 456936 113731 7191 6514 4567 3452 343205 90168 85505 80638 4867 2908 253037
is_linear=0
shrinkage=0.05


Tree=135
num_leaves=15
num_cat=0
split_feature=6 1 7 5 8 2 5 4 8 2 8 7 5 8
split_gain=18.5869 12.3781 10.4584 13.4378 11.7668 9.80401 10.5141 14.2339 10.9127 9.22175 9.01188 8.96013 8.76446 14.9178
threshold=1.0000000180025095e-35 1.0000000180025095e-35 3.82993495464325 1.7005987167358401 -0.36975595355033869 1.0000000180025095e-35 2.1383330821990971 1.9483753442764284 0.18061149120330813 0.89587974548339855 0.28225703537464147 4.4448051452636728 2.1383330821990971 0.06181741692125798
decision_type=2 2 2 2 2 2 2 2 2 2 2 2 2 2
left_child=1 2 4 -4 -1 6 -6 8 -8 11 -10 -5 -13 -14
right_child=-2 -3 3 9 5 -7 7 -9 10 -11 -12 12 13 -15
leaf_value=-0.029206349730892197 0.0170633897868591 0.01144391859991856 0.027483313640876486 -0.019607599131176323 -0.0076613414360026917 0.00021749140060621765 -0.050332753460482854 0.020903223436450659 0.036790012386856495 0.013921902054818769 -0.032876709191449242 0.011899486517729407 -0.020258033066117911 0.0027801823186485207
leaf_weight=41.16891169626706 151.91531778983335 195.59893287967498 53.939488884767343 56.489924586114284 1000.32863603552 1395.6818923789874 13.907860850267754 73.263673710923285 10.035426838558125 127.71754028731084 7.0479770590445687 139.04359568946711 91.166122837174044 294.96045288159803
leaf_count=7936 4585 3626 1352 3619 332180 76875 3083 2382 573 1472 545 5596 6036 10883
internal_value=-2.63873e-11 -0.000745214 -0.0014699 0.00365927 -0.00301127 -0.00256844 -0.00608558 0.00896299 -0.0190349 0.0018116 0.00781946 -0.00086684 0.00118244 -0.00269752
internal_weight=3652.27 3500.35 3304.75 763.317 2541.43 2500.27 1104.58 104.255 30.9913 709.378 17.0834 581.66 525.17 386.127
internal_count=460743 456158 452532 28958 423574 415638 338763 6583 4201 27606 1118 26134 22515 16919
is_linear=0
shrinkage=0.05


Tree=136
num_leaves=15
num_cat=0
split_feature=6 1 7 5 8 3 11 0 8 8 11 8 0 2
split_gain=17.9859 11.9529 10.1575 10.6079 15.0525 14.8218 19.5601 13.7991 11.7784 14.7014 9.98244 11.8667 15.9531 9.47496
threshold=1.0000000180025095e-35 1.0000000180025095e-35 6.8847002983093271 2.1383330821990971 0.06181741692125798 0.12285092473030092 0.032453946769237525 3.3842465877532963 -0.11700481176376341 0.0055299988016486177 0.89572229981422435 0.23546636849641803 6.1339788436889657 1.0000000180025095e-35
decision_type=2 2 2 2 2 2 2 2 2 2 2 2 2 2
left_child=1 2 13 -4 7 6 -6 8 -5 -10 11 -8 -13 -1
right_child=-2 -3 3 4 5 -7 10 -9 9 -11 -12 12 -14 -15
leaf_value=-0.0053707278074947686 0.016841367217897776 0.011278515145438525 0.037758994450118974 0.02504613540618993 0.055009157819714494 0.016527645530017388 -0.0060207533663655336 -0.035563735838998752 -0.072846951851839092 0.03292941842657171 0.04762948148883233 -0.074799085770151652 0.0087528336769937924 0.00033266481507413133
leaf_weight=1422.3322912547915 150.92496583578031 194.55425399864544 23.896916406833043 25.793742606278101 9.5399293829104845 202.61152375747406 40.897343015640217 39.797853138534265 7.4409620338265068 4.6227499653759878 4.4700084734577095 17.431869948966781 7.9994214272883246 1490.8178354519468
leaf_count=359243 4585 3626 495 1116 103 5151 2089 2847 473 140 116 752 397 79610
internal_value=-8.72926e-11 -0.000732457 -0.00144428 0.0061838 0.00399271 0.00934451 -0.00875161 -0.0153783 0.00621078 -0.032896 -0.0179897 -0.0230536 -0.049181 -0.00245288
internal_weight=3643.13 3492.21 3297.65 384.502 360.605 282.95 80.3386 77.6553 37.8575 12.0637 70.7986 66.3286 25.4313 2913.15
internal_count=460743 456158 452532 13679 13184 8608 3457 4576 1729 613 3354 3238 1149 438853
is_linear=0
shrinkage=0.05


Tree=137
num_leaves=15
num_cat=0
split_feature=6 1 7 2 3 11 0 0 0 7 0 3 3 0
split_gain=17.3736 11.4953 9.82382 8.90547 9.6104 8.82141 9.0291 12.1958 14.7437 9.9917 11.2088 9.21639 8.61924 8.41841
threshold=1.0000000180025095e-35 1.0000000180025095e-35 6.8847002983093271 1.0000000180025095e-35 -0.32395568490028376 0.027063434012234214 5.6681537628173837 5.5872416496276864 5.5587399005889901 0.42989754676818853 4.7833075523376474 0.23864005506038669 0.22198066860437396 5.2780625820159921
decision_type=2 2 2 2 2 2 2 2 2 2 2 2 2 2
left_child=1 2 3 4 -1 -5 7 8 9 -7 -11 12 -8 -12
right_child=-2 -3 -4 5 -6 6 11 -9 -10 10 13 -13 -14 -15
leaf_value=-0.059308951026037664 0.016607424834317805 0.011082557586230177 0.006146284880835272 -0.016946284091127112 -0.0049194355923238486 0.00035602413431696194 -0.015089508234946446 0.032320181032234857 -0.06515804556264157 0.020612633457546301 -0.015274982945852864 -0.0010724855640262619 -0.070014084202908 0.018677854975872668
leaf_weight=7.1780625587632576 149.93856693168891 193.78969581905039 378.71808501467967 69.658468321187684 1413.1701222746849 855.1148885344046 76.829970583552949 33.930333369709842 7.0419823424526831 141.6501992730191 49.433730223681778 220.76906344099825 7.031385073940327 27.633970585244242
leaf_count=3443 4585 3626 13679 6696 355800 53089 7551 552 540 1228 558 8288 887 221
internal_value=3.18855e-11 -0.000719706 -0.00141844 -0.0024049 -0.00523584 0.000297046 0.00115459 0.00323945 0.00229753 0.0028001 0.0123105 -0.00646065 -0.0204655 -0.00301729
internal_weight=3631.89 3481.95 3288.16 2909.44 1420.35 1489.09 1419.44 1114.81 1080.87 1073.83 218.718 304.63 83.8614 77.0677
internal_count=460743 456158 452532 438853 359243 79610 72914 56188 55636 55096 2007 16726 8438 779
is_linear=0
shrinkage=0.05


Tree=138
num_leaves=15
num_cat=0
split_feature=6 1 5 4 11 8 0 4 8 5 8 0 7 0
split_gain=16.8008 11.4765 9.14141 8.07171 19.6553 16.3784 13.3655 11.8717 13.6091 10.1838 11.1013 14.7116 10.7339 13.5129
threshold=1.0000000180025095e-35 1.0000000180025095e-35 3.8606742620468144 0.26349845528602606 0.23565507680177691 0.077668052166700377 4.7833075523376474 0.4670827984809876 -0.016645629890263077 2.0126758217811589 -0.034035848453640931 3.0677825212478642 3.5899066925048833 6.7661678791046151
decision_type=2 2 2 2 2 2 2 2 2 2 2 2 2 2
left_child=1 2 3 4 5 6 -1 8 -5 12 11 -11 13 -9
right_child=-2 -3 -4 7 -6 -7 -8 9 -10 10 -12 -13 -14 -15
leaf_value=-0.0055157591615221128 0.016385008084040028 0.011119941151901448 0.047887066398272025 0.053682901161119546 -0.02496130307017146 0.015362744068200044 -0.053872956655890925 -0.0020461951659727514 -0.0013570662693462221 0.021241208586674554 0.0064871527138523153 -0.052028048852888711 0.010511083206157894 -0.015181058516537027
leaf_weight=222.41205349130871 148.97629075112854 192.68675646741031 8.3799030589289014 20.497169469931919 120.27782139200224 100.24751219222105 14.30177703458696 1825.3018749398616 23.416376006102041 10.147933999403906 553.09597264078184 17.578070927509543 146.50242350537519 218.41340365140013
leaf_count=30430 4585 3626 261 1811 23627 10075 8397 263460 3542 363 17962 1153 4393 87058
internal_value=1.28353e-10 -0.000707305 -0.00140516 -0.00154599 -0.00770002 -0.00148301 -0.00865174 -0.000543998 0.0249567 -0.000956973 0.00492371 -0.025405 -0.002518 -0.00345667
internal_weight=3622.24 3473.26 3280.57 3272.19 457.239 336.961 236.714 2814.95 43.9135 2771.04 580.822 27.726 2190.22 2043.72
internal_count=460743 456158 452532 452271 72529 48902 38827 379742 5353 374389 19478 1516 354911 350518
is_linear=0
shrinkage=0.05


Tree=139
num_leaves=15
num_cat=0
split_feature=4 0 0 7 7 7 8 5 0 0 3 8 3 0
split_gain=17.0667 11.8647 19.5625 13.6989 31.7775 17.6888 17.4398 21.4576 14.3783 20.5211 12.0188 10.7841 10.5916 13.4505
threshold=10.339858531951906 7.0818057060241708 7.7495844364166269 0.99886801838874828 1.0116206407546999 1.7959715723991396 0.42914317548274999 1.4978661537170412 4.8402345180511483 5.0271592140197763 -0.17216184735298154 0.59912589192390453 0.3811058402061463 5.1619205474853525
decision_type=2 2 2 2 2 2 2 2 2 2 2 2 2 2
left_child=1 3 -3 -1 -5 -6 7 -7 10 -10 -9 -8 13 -11
right_child=-2 2 -4 4 5 6 11 8 9 12 -12 -13 -14 -15
leaf_value=-0.0025817750810616016 0.016407635659159373 -0.038170963569471701 -0.0046358133958597017 0.036885374188149044 -0.013541995210707446 0.01822989437805117 0.029882793552975906 -0.018264431584342263 -0.050081158467028333 0.011826191663040251 0.0062824066338444456 -0.028009199458554318 0.021905070585790901 -0.016546000776364304
leaf_weight=1741.0552096284885 150.83450668266778 48.776493821695226 347.58949839520108 69.26197524689087 153.11145710677852 179.13301204713207 87.998630004130973 54.425102913306546 27.798765520557936 55.318560589981644 498.69164835996526 8.063341781991765 30.060980591646512 162.3558941723868
leaf_count=305141 3807 57109 35684 1083 12218 6833 1646 5080 1632 1390 19595 168 723 8634
internal_value=-1.85785e-12 -0.000719049 -0.0088483 0.000333988 0.00416085 0.00232975 0.00454154 0.00258928 -0.000809711 -0.0101208 0.00383847 0.0247849 -0.00545342 -0.00931454
internal_weight=3614.48 3463.64 396.366 3067.27 1326.22 1256.96 1103.85 1007.78 828.651 275.534 553.117 96.062 247.735 217.674
internal_count=460743 456936 92793 364143 59002 57919 45701 43887 37054 12379 24675 1814 10747 10024
is_linear=0
shrinkage=0.05


Tree=140
num_leaves=15
num_cat=0
split_feature=6 2 7 0 3 0 0 7 11 5 0 11 4 11
split_gain=16.8431 12.7378 10.1365 9.31224 11.6283 10.8555 9.23221 9.10866 10.6633 9.44492 22.8025 12.0404 12.9111 10.2274
threshold=0.89587974548339855 1.4978661537170412 0.048317790031433112 4.7916412353515634 0.47504675388336187 5.0205800533294687 3.3497501611709599 8.8595404624938983 0.030479270033538345 2.9700856208801274 4.6774799823760995 0.093643855303525939 2.9632477760314946 0.14210116118192676
decision_type=2 2 2 2 2 2 2 2 2 2 2 2 2 2
left_child=1 7 -3 -4 -5 -6 -2 -1 -9 -10 -11 -12 -13 -14
right_child=6 2 3 4 5 -7 -8 8 9 10 11 12 13 -15
leaf_value=-0.003429660369838257 -0.001849235209047924 0.00053959349899058864 0.021208698123103074 -0.002561766714275578 -0.02014659496507043 0.033181400578245528 0.032251363354617105 0.045317079683425743 0.012798859005828216 -0.062194617601239593 0.032064639729332607 -0.059466564048318106 -0.05490463158838324 0.01737298027838249
leaf_weight=2264.7768835548941 29.140162580981269 684.09779864336269 135.4129522285657 159.006460019109 11.092403334565459 48.749746080167824 60.555855613964013 16.014721958199516 120.56162718041014 15.258110809110802 23.197167078629718 9.7628797285215096 5.0099965730478315 25.457962162021431
leaf_count=408262 512 35666 1370 2644 179 765 2406 338 4417 1327 674 1044 179 960
internal_value=4.98703e-11 -0.000548254 0.00409874 0.0109508 0.00453606 0.0231278 0.0212746 -0.00249476 0.00731176 0.004046 -0.00935731 0.00412117 -0.012378 0.00412092
internal_weight=3608.09 3518.4 1038.36 354.262 218.849 59.8421 89.696 2480.04 215.262 199.248 78.6861 63.428 40.2308 30.468
internal_count=460743 457825 40624 4958 3588 944 2918 417201 8939 8601 4184 2857 2183 1139
is_linear=0
shrinkage=0.05


Tree=141
num_leaves=15
num_cat=0
split_feature=6 1 5 5 3 3 4 7 7 7 5 11 7 0
split_gain=15.5928 11.5487 8.55579 8.53509 8.25946 9.36872 8.02428 11.0179 14.1699 12.4261 12.0784 12.0482 10.1186 9.51963
threshold=1.0000000180025095e-35 1.0000000180025095e-35 3.8606742620468144 3.0677825212478642 0.29480499029159551 0.53279066085815441 5.1391296386718759 1.7959715723991396 2.207152366638184 2.7535593509674077 3.0677825212478642 0.08294102177023889 1.4904921650886538 6.2095708847045907
decision_type=2 2 2 2 2 2 2 2 2 2 2 2 2 2
left_child=1 2 6 -2 -3 -6 7 12 -9 -10 13 -12 -1 -11
right_child=3 4 -4 -5 5 -7 -8 8 9 10 11 -13 -14 -15
leaf_value=-0.0059631380134391627 0.011144388622188126 0.027902768291319727 0.04706087209281698 0.046672002528067164 -0.0044155384813494422 0.023232403123240642 0.0016446887105277632 0.017644635897183004 -0.020757651483248898 0.003814861742380249 0.0056380359352714501 -0.045776824583241199 -0.032387871385857137 -0.016160201673922195
leaf_weight=1045.4677640134739 124.73340863080739 52.768237248426885 8.09374981910514 18.803386562045489 92.094706978612521 44.737262562840442 1245.3483544237793 106.12540126499425 76.392515092893518 632.59427859116113 19.237914790772265 26.256983413839407 36.599313815375581 64.856415580323755
leaf_count=276463 3403 859 261 1182 2069 698 123010 6516 6643 24938 823 2308 5476 6094
internal_value=1.18875e-10 -0.000673747 -0.00137257 0.0160892 0.0112896 0.00472694 -0.00150751 -0.00346278 0.000542803 -0.00169113 0.000294626 -0.0243819 -0.00688599 0.00193689
internal_weight=3594.11 3450.57 3260.97 143.537 189.6 136.832 3252.88 2007.53 925.464 819.338 742.946 45.4949 1082.07 697.451
internal_count=460743 456158 452532 4585 3626 2767 452271 329261 47322 40806 34163 3131 281939 31032
is_linear=0
shrinkage=0.05


Tree=142
num_leaves=15
num_cat=0
split_feature=6 1 2 2 2 7 5 3 11 8 2 0 0 2
split_gain=15.0652 11.1712 8.08611 7.8419 13.2721 7.79944 17.7706 8.93507 11.0498 8.62944 7.50002 9.41192 7.39544 9.17103
threshold=1.0000000180025095e-35 1.0000000180025095e-35 3.9607677459716801 4.0689902305603036 4.2555875778198251 1.9978623986244204 1.2424533367156985 0.028791057877242569 0.23565507680177691 0.43568964302539831 1.0000000180025095e-35 5.4868502616882333 6.0461719036102304 2.3502402305603032
decision_type=2 2 2 2 2 2 2 2 2 2 2 2 2 2
left_child=1 2 5 -4 -5 7 -7 8 -1 -10 -3 -12 -13 -14
right_child=-2 10 3 4 -6 6 -8 -9 9 -11 11 12 13 -15
leaf_value=-0.0067484322919090225 0.015941089817108959 0.041651372193881347 0.052587928139903199 -0.065024526995398887 0.013985431401902433 0.037630960996182863 0.00045610838157691854 -0.0025600509294904845 -0.040420754419318555 0.034478532507727762 -0.00040670058969036362 0.044096750922118143 -0.019682710586918267 0.032953897104369162
leaf_weight=138.420186561668 141.32996710706539 17.264965019130614 10.451408941880798 4.7850947111619453 65.920834443846616 32.088884391367174 1130.6161679170436 1824.8935684849605 44.560288049443045 3.4486513979654765 114.89552083642047 25.061322438938078 15.076827548706207 16.14168136862736
leaf_count=39751 4585 429 71 441 1279 567 50465 339710 19908 340 2302 303 320 272
internal_value=-1.63426e-10 -0.000658677 -0.00134519 0.014143 0.0078061 -0.00174554 0.00151353 -0.00362936 -0.014027 -0.0344467 0.0111449 0.00784395 0.0244007 0.0077114
internal_weight=3584.96 3443.63 3255.19 81.1573 70.7059 3174.03 1162.71 2011.32 186.429 48.0089 188.44 171.175 56.2798 31.2185
internal_count=460743 456158 452532 1791 1720 450741 51032 399709 59999 20248 3626 3197 895 592
is_linear=0
shrinkage=0.05


Tree=143
num_leaves=15
num_cat=0
split_feature=6 1 7 5 8 0 2 0 0 0 3 7 4 0
split_gain=14.5442 11.0583 8.27561 16.5719 10.2121 10.487 8.6819 7.91143 11.4198 12.0926 8.3319 8.15417 7.8581 7.81151
threshold=1.0000000180025095e-35 1.0000000180025095e-35 4.9911012649536142 1.8688347935676577 -0.36975595355033869 2.6735538244247441 1.0000000180025095e-35 5.6681537628173837 5.5872416496276864 5.5587399005889901 0.23864005506038669 0.9752309024333955 4.8625864982604989 5.5947046279907235
decision_type=2 2 2 2 2 2 2 2 2 2 2 2 2 2
left_child=1 2 4 -4 5 -1 13 8 9 11 -9 -8 -12 -6
right_child=-2 -3 3 -5 6 -7 7 10 -10 -11 12 -13 -14 -15
leaf_value=-0.0061373130734568094 0.015717162964487275 0.011137927108895449 0.045139511541241656 0.0023888001131140398 -0.008393340657776107 -0.056876851835395342 0.00020759900232909602 -0.020709870441814524 0.030852015171719704 -0.062668710168586703 0.024553628542930375 0.01241383168944148 -0.0051517193930632685 -0.00026567309019090028
leaf_weight=25.574134094351166 140.37622041365012 187.18543232358115 22.676576960773673 536.82925312023872 740.72667820096444 16.234083353446522 929.69099239507887 77.510858914880828 33.363180091495451 6.2767963215665068 24.301647146608047 159.44036528139259 184.59177068881581 491.64620382759972
leaf_count=4398 4585 3626 372 20441 210124 3928 58405 8349 550 535 887 1388 7254 135901
internal_value=-9.95015e-11 -0.000646495 -0.00132868 0.00419891 -0.0024798 -0.0267078 -0.00208727 0.000584826 0.00246867 0.00157684 -0.00682251 0.00200424 -0.00159543 -0.00515371
internal_weight=3576.42 3436.05 3248.86 559.506 2689.36 41.8082 2647.55 1415.18 1128.77 1095.41 286.404 1089.13 208.893 1232.37
internal_count=460743 456158 452532 20813 431719 8326 423393 77368 60878 60328 16490 59793 8141 346025
is_linear=0
shrinkage=0.05


Tree=144
num_leaves=15
num_cat=0
split_feature=4 0 0 8 5 3 3 7 9 4 0 8 2 0
split_gain=14.1326 13.8853 15.822 14.8652 13.6545 15.6322 13.3838 13.5506 11.8961 13.7965 12.4512 12.5174 9.88308 9.82766
threshold=8.9200577735900897 7.0818057060241708 7.7495844364166269 0.39595879614353185 2.0126758217811589 0.1804955527186394 0.41498699784278875 0.012941087130457165 2.5000000000000004 2.7016590833663945 9.3328065872192401 0.45110051333904272 2.4414010047912602 7.88134789466858
decision_type=2 2 2 2 2 2 2 2 2 2 2 2 2 2
left_child=1 3 -3 -1 -5 -6 8 -8 10 -10 -4 -12 -2 -11
right_child=12 2 6 4 5 -7 7 -9 9 13 11 -13 -14 -15
leaf_value=-0.00072162928758179453 0.0023866456846981837 -0.03751939871137485 -0.026935582368823575 -0.00018739861638951224 -0.005169579981116933 0.038437314229379418 0.02484810310301078 -0.055994451350899456 -0.056463414601270884 0.022169619413473118 0.046741372642607443 0.0059419055772315515 0.021703937668274595 -0.013437587365500103
leaf_weight=2755.4893279504872 148.32815709874922 45.340300127805563 20.44854382232927 93.994261495504816 28.256032454706656 72.307560552566429 6.0492701322837119 22.102250850133714 14.971622158228227 22.634485395904221 22.980454920956618 88.82790591491721 119.01290281805541 107.8470763487976
leaf_count=351737 4171 56935 14704 8547 701 1281 67 334 6811 4097 481 2062 2306 6509
internal_value=1.21789e-10 -0.000896706 -0.0102801 0.000223493 0.0135443 0.0262545 -0.00613314 -0.0383663 -0.00273972 -0.0125671 0.00808138 0.0146676 0.011035 -0.00713921
internal_weight=3568.59 3301.25 351.202 2950.05 194.558 100.564 305.862 28.1515 277.71 145.453 132.257 111.808 267.341 130.482
internal_count=460743 454266 92000 362266 10529 1982 35065 401 34664 17417 17247 2543 6477 10606
is_linear=0
shrinkage=0.05


Tree=145
num_leaves=15
num_cat=0
split_feature=6 1 7 5 7 7 7 4 5 7 11 0 9 10
split_gain=13.8852 11.0708 8.46364 13.1456 11.0872 11.3109 10.6836 9.8158 8.09173 10.5977 7.76265 9.36749 20.0294 8.50819
threshold=1.0000000180025095e-35 1.0000000180025095e-35 3.5899066925048833 1.8688347935676577 5.9774820804595956 6.0028202533721933 6.1495051383972177 4.9803745746612558 2.0126758217811589 3.1256276369094853 0.0087057864293456095 4.6681339740753183 2.5000000000000004 31.500000000000004
decision_type=2 2 2 2 2 2 2 2 2 2 2 2 2 2
left_child=1 2 7 -4 -5 -6 -7 -1 9 10 -9 12 -12 -14
right_child=-2 -3 3 4 5 6 -8 8 -10 -11 11 -13 13 -15
leaf_value=-0.0056525704294581739 0.015393231938825991 0.011195283150006612 0.016486623637144315 -0.010271549475859764 0.039256164555636318 -0.048175341379787823 0.0036836137425665864 -0.062313619094125208 0.017077815123993003 -0.053218596758270301 -0.0059561358126220968 -0.0030945990968081882 -0.021659039447218018 0.020486012698881961
leaf_weight=1336.0386789382239 139.70922694798173 186.01027726679877 149.46411351933966 183.75889472313702 20.97459132795484 9.172529034651232 422.02806113152292 3.9618571628102464 69.66999860114538 8.412933737428828 163.37747823106304 673.15011425306932 12.019897929238139 181.31443020744337
leaf_count=289673 4585 3626 4979 9306 477 524 15739 961 1560 251 25655 79837 1224 22346
internal_value=2.09965e-10 -0.000633259 -0.00131699 0.00319651 5.19441e-05 0.0042607 0.00247155 -0.00276582 0.000704797 -0.000405005 7.57878e-05 0.000376014 0.00691574 0.0177678
internal_weight=3559.06 3419.35 3233.34 785.398 635.934 452.175 431.201 2447.95 1111.91 1042.24 1033.82 1029.86 356.712 193.334
internal_count=460743 456158 452532 31025 26046 16740 16263 421507 131834 130274 130023 129062 49225 23570
is_linear=0
shrinkage=0.05


Tree=146
num_leaves=15
num_cat=0
split_feature=6 1 7 5 2 0 5 2 8 5 11 7 5 11
split_gain=13.4291 10.0381 8.27986 14.4629 9.05717 9.71172 12.0344 8.30245 10.1474 10.361 7.92862 10.0613 7.75144 7.6012
threshold=1.0000000180025095e-35 1.0000000180025095e-35 1.9978623986244204 1.2424533367156985 0.89587974548339855 7.88134789466858 2.2499048709869389 1.0000000180025095e-35 -0.063556499779224382 1.7005987167358401 0.47043395042419439 1.0562223792076113 3.0677825212478642 0.027063434012234214
decision_type=2 2 2 2 2 2 2 2 2 2 2 2 2 2
left_child=1 2 7 -4 -5 -6 -7 8 -1 -10 11 -11 -2 -9
right_child=12 -3 3 4 5 6 -8 13 9 10 -12 -13 -14 -15
leaf_value=-0.022498707293894055 0.010500712642674419 0.010680308110590182 0.034557135188890184 -0.00092025371739897258 0.015976751619562229 -0.054550144083571873 0.006934291304455201 -0.017393419147618092 -0.007933827132988628 0.015273808568313455 0.032789333270014938 -0.018196411251564484 0.045497093183147423 0.00015644286300845448
leaf_weight=95.072350702353447 121.49234849979439 184.73678813312836 32.326883693302079 935.97906015441094 162.48697991685913 10.669753073991158 24.44327553792391 63.967337805392162 558.12440851144049 53.3298616462057 25.01613158042619 37.274028061881836 17.416372361054528 1225.9366700851047
leaf_count=55193 3403 3626 575 48197 1916 219 326 6658 258898 5160 1810 2874 1182 70706
internal_value=-8.44232e-11 -0.000622851 -0.00127351 0.00209208 0.00113661 0.010835 -0.0127421 -0.00317962 -0.00728884 -0.00511241 0.00845846 0.00145599 0.0151824 -0.000726668
internal_weight=3548.27 3409.36 3224.63 1165.91 1133.58 197.6 35.113 2058.72 768.817 673.744 115.62 90.6039 138.909 1289.9
internal_count=460743 456158 452532 51233 50658 2461 545 401299 323935 268742 9844 8034 4585 77364
is_linear=0
shrinkage=0.05


Tree=147
num_leaves=15
num_cat=0
split_feature=6 2 3 7 0 3 4 9 5 7 3 4 0 2
split_gain=13.3341 10.465 10.9015 8.74829 9.21503 8.8144 8.47277 12.0589 10.4861 9.04658 8.87134 9.73153 7.80518 14.0485
threshold=0.89587974548339855 2.3502402305603032 0.27586649358272558 8.8595404624938983 2.4414010047912602 -0.32395568490028376 0.84788101911544811 3.5000000000000004 2.9700856208801274 16.19297027587891 -0.013587109744548796 -0.31182326376438135 4.49422311782837 3.6242519617080693
decision_type=2 2 2 2 2 2 2 2 2 2 2 2 2 2
left_child=1 3 -3 5 -5 -1 8 -8 10 -9 11 -6 13 -4
right_child=-2 2 12 4 6 -7 7 9 -10 -11 -12 -13 -14 -15
leaf_value=-0.05144605862574593 0.019556254589239104 -0.007648084455138965 0.021894275557228875 0.046200615918458421 -0.0013242882054630709 -0.0023016364500185768 0.021406659497020065 0.0053588223656847126 -0.04526430762298677 -0.038427812961893751 -0.038816301193679431 0.059471848579542033 0.0047760532051454689 -0.066220589123609744
leaf_weight=8.1577446579576627 84.067577760187305 115.99282008883256 138.07903866167908 13.573515609998138 26.543926421509237 2674.399964795567 100.50403547926362 39.697041947623802 15.238879133037697 15.668048758569055 9.422595576499587 7.7343741308868657 283.93934905600781 3.7255641651427132
leaf_count=3550 2918 10527 3487 228 1236 423966 3570 1269 1503 645 572 140 7058 74
internal_value=-2.06774e-10 -0.000481691 0.00589276 -0.00166962 0.00770375 -0.0024702 0.00506837 0.0111586 -0.0109549 -0.0074945 0.00175403 0.0136904 0.00959121 0.0191318
internal_weight=3536.74 3452.68 541.737 2910.94 228.382 2682.56 214.809 155.869 58.9398 55.3651 43.7009 34.2783 425.744 141.805
internal_count=460743 457825 21146 436679 9163 427516 8935 5484 3451 1914 1948 1376 10619 3561
is_linear=0
shrinkage=0.05


Tree=148
num_leaves=15
num_cat=0
split_feature=7 5 1 2 0 8 0 0 2 8 4 8 11 11
split_gain=12.9148 14.0636 13.2472 11.3591 10.8508 15.9852 14.4688 23.1925 11.9424 11.6087 11.5679 10.9165 12.3678 16.2459
threshold=4.9911012649536142 1.8688347935676577 2.6020033359527592 3.2769666910171513 5.6646935939788827 0.27234633266925817 6.1339788436889657 6.2995133399963388 2.3502402305603032 0.59912589192390453 2.6561042070388798 0.0055299988016486177 0.50350463390350353 0.16854280978441241
decision_type=2 2 2 2 2 2 2 2 2 2 2 2 2 2
left_child=2 -2 -1 4 9 -6 8 -8 -7 11 -9 12 13 -3
right_child=1 3 -4 -5 5 6 7 10 -10 -11 -12 -13 -14 -15
leaf_value=-0.0016478598707015584 0.042216211456988034 -0.014644620359049731 0.043689918244292407 0.031731195888486934 -0.048606541341605747 -0.063363780352170607 0.05466236820657433 -0.064249909666795196 0.040097191063795612 -0.050981776757935575 -0.0002634970994292338 0.013673871615405798 -0.055479110846999538 0.026456759109355982
leaf_weight=2893.5525051335958 25.480793263719534 63.399231902414613 15.202960723404429 36.140800614433829 20.161683768379589 13.412720929511126 18.325641865405487 6.6783514939015722 2.7318458964582524 7.3656166899017981 88.30876881488075 289.6608645732158 9.8461405652014928 37.365447878175473
leaf_count=437115 448 4031 370 862 3125 498 206 577 24 170 3036 8081 705 1495
internal_value=-2.05011e-10 0.00655276 -0.00139596 0.0049529 0.00316247 -0.00831691 -0.00171772 0.00471968 -0.0445394 0.0073859 -0.00538474 0.00858433 -0.00474695 0.000706759
internal_weight=3527.63 618.878 2908.76 593.397 557.256 149.619 129.457 113.313 16.1446 407.637 94.9871 400.272 110.611 100.765
internal_count=460743 23258 437485 22810 21948 7466 4341 3819 522 14482 3613 14312 6231 5526
is_linear=0
shrinkage=0.05


Tree=149
num_leaves=15
num_cat=0
split_feature=6 1 0 2 8 3 5 7 2 0 11 8 0 0
split_gain=12.5645 9.50406 7.77013 8.35757 8.22622 9.21781 7.63485 7.06982 6.61054 7.20183 7.14079 6.57668 9.63436 8.03353
threshold=1.0000000180025095e-35 1.0000000180025095e-35 3.3497501611709599 1.4978661537170412 0.41696031391620642 0.17735315859317782 3.8606742620468144 16.19297027587891 1.0000000180025095e-35 5.0466406345367441 0.057260332629084594 -0.19234804809093473 3.9415346384048466 5.6681537628173837
decision_type=2 2 2 2 2 2 2 2 2 2 2 2 2 2
left_child=1 6 -2 4 5 -4 11 -6 -3 10 -10 12 -1 -13
right_child=2 8 3 -5 7 -7 -8 -9 9 -11 -12 13 -14 -15
leaf_value=-0.0055779069572546129 -0.0043294411945329165 0.039131005126288886 0.0029268146856790394 0.043071927273728244 -0.035972573026627909 0.045997749352458164 0.045921724265862746 0.048127553449057947 -0.026873918607690058 0.018877035158916509 0.0056195462126752589 0.0010193079446694678 -0.036572886469410031 -0.004750148306641379
leaf_weight=243.97925440370352 37.192090220645696 17.189203257847112 29.481973916175775 31.757762592020299 12.050047731621815 20.654183110317717 7.5628837826880035 2.1789012622321016 21.115011904468702 73.111948627892161 70.883074919223873 2068.3578533493428 27.029410168135314 850.71113295767009
leaf_count=32262 777 429 749 1784 525 651 261 99 493 1310 1394 263847 7327 148835
internal_value=-1.85816e-10 -0.00059581 0.0149976 0.0224432 0.0117617 0.0212229 -0.00123015 -0.0207796 0.0104769 0.00727618 -0.002047 -0.00135629 -0.00879232 -0.000663149
internal_weight=3513.25 3379.94 133.315 96.1229 64.3651 50.1362 3197.64 14.2289 182.299 165.11 91.9981 3190.08 271.009 2919.07
internal_count=460743 456158 4585 3808 2024 1400 452532 624 3626 3197 1887 452271 39589 412682
is_linear=0
shrinkage=0.05


Tree=150
num_leaves=15
num_cat=0
split_feature=4 0 3 7 5 8 5 0 0 4 3 4 11 0
split_gain=12.2598 11.0419 13.3015 12.4402 27.3333 14.7129 12.2671 11.2622 27.4833 12.7019 12.8687 10.4197 12.1746 9.95161
threshold=8.9200577735900897 6.7661678791046151 0.41498699784278875 0.99886801838874828 0.89587974548339855 0.43568964302539831 1.7005987167358401 4.8402345180511483 5.0271592140197763 -3.4625918865203853 0.3811058402061463 -4.6277472972869864 0.005580729106441141 7.7495844364166269
decision_type=2 2 2 2 2 2 2 2 2 2 2 2 2 2
left_child=1 3 13 -1 -5 7 -7 11 -9 -10 -11 12 -6 -3
right_child=-2 2 -4 4 5 6 -8 8 9 10 -12 -13 -14 -15
leaf_value=-0.0026554751537263854 0.010468727517320408 -0.025034882988615472 -0.039137775601342524 0.03770262758607551 0.036337513368921139 -0.042083242901589296 0.028393064665175452 -0.046441189010199585 0.060296541706872632 -0.0071304989614293414 0.020985477441477201 0.0053322250720974065 -0.060658194258866031 -0.0019976360248684221
leaf_weight=1646.5535340493175 258.01491775451814 55.75079828708698 32.450747352309918 56.287381463283964 3.660095371411443 5.845436802126641 74.745839827344753 37.116721863615567 7.0787145878048241 286.27017061562037 46.431894706562161 714.19031346580186 11.085231490550539 270.72229942678547
leaf_count=284757 6477 77456 815 743 143 269 1254 2564 248 13318 939 34296 2800 34664
internal_value=6.75036e-11 -0.000834533 -0.00909287 0.000194163 0.00396894 0.00233812 0.0228282 0.00082556 -0.00618175 -0.00166054 -0.00315551 0.00445221 -0.0358031 -0.00599607
internal_weight=3506.2 3248.19 358.924 2889.27 1242.71 1186.42 80.5913 1105.83 376.898 339.781 332.702 728.936 14.7453 326.473
internal_count=460743 454266 112935 341331 56574 55831 1523 54308 17069 14505 14257 37239 2943 112120
is_linear=0
shrinkage=0.05


Tree=151
num_leaves=15
num_cat=0
split_feature=6 1 5 7 5 7 7 8 4 7 3 0 3 5
split_gain=11.8653 9.3883 7.25251 6.27656 18.9515 14.8652 9.56352 9.21946 8.68509 8.27322 9.87425 7.88831 8.03956 8.20344
threshold=1.0000000180025095e-35 1.0000000180025095e-35 3.8606742620468144 0.98801764845848095 0.89587974548339855 0.99977219104766857 1.8309416770935061 0.23967221379280093 6.1040666103363046 0.66702425479888927 0.47504675388336187 4.0859410762786874 0.43327265977859503 1.8688347935676577
decision_type=2 2 2 2 2 2 2 2 2 2 2 2 2 2
left_child=1 2 3 8 5 7 11 -5 -1 -10 -11 -6 13 -13
right_child=-2 -3 -4 4 6 -7 -8 -9 9 10 -12 12 -14 -15
leaf_value=-0.005855653364528709 0.014822744450836723 0.010523262078136574 0.045329376807917668 0.01839605937673218 0.0056685082801220064 0.048922272900016904 0.0014871572307126985 -0.035468679122437584 0.0031243417848371086 -0.047497174745661598 0.013912923048412443 -0.029060926165456052 0.009309961885300715 -0.00013656600742392258
leaf_weight=1152.9469944044997 128.99405222755195 179.46384143570594 7.3539434839258311 28.557371169497401 56.62704298965491 34.733684163667021 1192.8722305896927 9.873825020111779 530.44787751409103 16.635126807771034 9.8208501241897448 90.824557575572499 25.207049556403945 33.454130232368698
leaf_count=330874 4585 3626 261 663 6064 578 54605 597 45971 872 220 9527 452 1848
internal_value=-2.91791e-11 -0.000571802 -0.00119922 -0.00132096 0.00107195 0.0257026 -0.000233638 0.00400847 -0.00338063 0.00174467 -0.0250244 -0.0101518 -0.0161426 -0.0213381
internal_weight=3497.81 3368.82 3189.35 3182 1472.15 73.1649 1398.99 38.4312 1709.85 556.904 26.456 206.113 149.486 124.279
internal_count=460743 456158 452532 452271 74334 1838 72496 1260 377937 47063 1092 17891 11827 11375
is_linear=0
shrinkage=0.05


Tree=152
num_leaves=15
num_cat=0
split_feature=2 7 5 7 7 2 5 7 10 7 8 0 0 5
split_gain=12.8154 10.2561 23.6433 13.4315 10.0936 9.78095 8.94843 11.7804 11.3283 16.8812 11.5434 13.7216 14.8683 9.21702
threshold=3.9607677459716801 0.98801764845848095 0.89587974548339855 0.99977219104766857 1.8309416770935061 2.2499048709869389 1.4978661537170412 2.9895648956298833 46.500000000000007 3.5899066925048833 0.066440600901842131 3.9415346384048466 3.8606742620468144 1.7005987167358401
decision_type=2 2 2 2 2 2 2 2 2 2 2 2 2 2
left_child=1 -1 3 -3 -4 6 7 -6 -8 10 11 12 -10 -11
right_child=-2 2 4 -5 5 -7 8 -9 9 13 -12 -13 -14 -15
leaf_value=-0.0030992307769867203 0.017884581494706796 0.0085943036407421063 -0.0089812554271554296 0.048843565029788601 0.00501282697904988 0.017377245043834505 0.021368144539180341 0.036727524788437715 -0.028021363011814106 0.019722846267800607 -0.0063219828492111513 -0.068700009020843278 0.048930232412882177 0.00016591250861884132
leaf_weight=1799.3297804116535 96.370804533651608 43.239074048293105 217.06554873183723 39.757963672450387 137.79490761308352 102.67712950686109 55.283796731781877 36.330680835006206 41.786185289654895 65.150384929404026 155.41453757241698 17.015072716701525 6.4221128853132532 675.18508771055258
leaf_count=379818 2602 1366 18189 708 7804 1842 1729 891 4506 1915 7602 2246 152 29373
internal_value=8.62618e-11 -0.000513175 0.00240772 0.0282268 0.000970954 0.00264728 0.00136322 0.0118019 -0.000435195 -0.00171043 -0.0138164 -0.0313091 -0.0169842 0.00191123
internal_weight=3488.82 3392.45 1593.12 82.997 1510.13 1293.06 1190.38 174.126 1016.26 960.973 220.638 65.2234 48.2083 740.335
internal_count=460743 458141 78323 2074 76249 58060 56218 8695 47523 45794 14506 6904 4658 31288
is_linear=0
shrinkage=0.05


Tree=153
num_leaves=15
num_cat=0
split_feature=6 1 5 7 5 0 0 8 5 0 8 0 8 11
split_gain=11.2892 9.1264 7.36349 6.02094 20.3168 10.3493 18.7708 14.6339 14.3051 13.8104 15.2759 14.6078 13.2948 10.8986
threshold=1.0000000180025095e-35 1.0000000180025095e-35 3.8606742620468144 0.99644413590431224 0.89587974548339855 4.49422311782837 4.1026091575622567 -0.056599371135234826 3.0201274156570439 3.9219243526458745 -0.022521319799125191 3.8393944501876835 -0.096311625093221651 0.045332916080951698
decision_type=2 2 2 2 2 2 2 2 2 2 2 2 2 2
left_child=1 2 3 -1 -5 6 9 -7 12 11 -11 -6 -8 -12
right_child=-2 -3 -4 4 5 7 8 -9 -10 10 13 -13 -14 -15
leaf_value=-0.0033119551928785743 0.014542930956295275 0.010411648957967359 0.04572365871287782 0.027809963087336464 0.00011614236843321491 -0.043663718459310052 -0.042229389396747308 -0.0027073524986463747 -0.074490851469488653 0.012341924456714896 0.0065307849124931735 0.035911688564012167 0.027560305712037936 -0.063854358232082201
leaf_weight=1709.9591760013191 127.52137619956375 178.50891893250719 7.3478070364435544 66.68874442081551 360.63587862462646 21.42875110957084 6.3463725547044296 801.30298768334796 2.8511787503084625 16.294968279495151 7.0040237084540449 29.947841285089453 124.52926079375356 21.954512432248521
leaf_count=378469 4585 3626 261 1516 22178 2629 716 38518 194 1234 223 1104 4033 1457
internal_value=8.02342e-11 -0.000556969 -0.00117649 -0.00129963 0.00105951 -0.000240835 0.00493527 -0.00382581 0.0212468 -0.000106743 -0.0259444 0.00294545 0.0238815 -0.047181
internal_weight=3482.32 3354.8 3176.29 3168.94 1458.98 1392.3 569.564 822.732 133.727 435.837 45.2535 390.584 130.876 28.9585
internal_count=460743 456158 452532 452271 73802 72286 31139 41147 4943 26196 2914 23282 4749 1680
is_linear=0
shrinkage=0.05


Tree=154
num_leaves=15
num_cat=0
split_feature=6 1 5 0 2 8 4 4 9 3 3 4 7 2
split_gain=10.9072 8.23024 7.39586 5.97857 7.10768 6.94518 7.2267 6.73905 6.13214 5.84555 7.95785 5.7682 8.34055 12.7715
threshold=1.0000000180025095e-35 1.0000000180025095e-35 3.8606742620468144 3.3497501611709599 1.4978661537170412 0.41696031391620642 2.9179534912109379 -0.48182506859302515 2.5000000000000004 0.29480499029159551 0.53279066085815441 4.9803745746612558 0.57019612193107616 1.0000000180025095e-35
decision_type=2 2 2 2 2 2 2 2 2 2 2 2 2 2
left_child=1 2 11 -2 5 6 7 -5 -7 -3 -11 12 13 -1
right_child=3 9 -4 4 -6 8 -8 -9 -10 10 -12 -13 -14 -15
leaf_value=-0.018559668110754522 -0.0029478805809596944 0.024223727462780738 0.045757152426870069 0.041321502014979083 0.040802161939290503 -0.035859871714511403 0.041433065793024131 -0.012609194234370475 0.03731167081719268 -0.0044290813836010559 0.022088812789173209 0.0013314779516651301 -0.000245032081891739 -0.0034240127697936738
leaf_weight=181.74805054496528 35.725620615390653 49.945409825653769 7.3871834207020575 7.042198704613841 29.664367219618725 10.965977000743804 20.790490160835361 19.734675094969134 2.8758619851960239 86.889812701221672 40.774555392033108 1279.3283557436016 1112.1464454431816 590.0351733740963
leaf_count=186955 777 859 261 243 1784 413 665 492 211 2069 698 136915 75103 53298
internal_value=-2.85264e-10 -0.00054703 -0.00113497 0.0143361 0.0210745 0.0110437 0.0200488 0.00255134 -0.0191677 0.00989625 0.00414629 -0.0012589 -0.00301773 -0.00700773
internal_weight=3475.05 3348.25 3170.65 126.799 91.0736 61.4092 47.5674 26.7769 13.8418 177.61 127.664 3163.26 1883.93 771.783
internal_count=460743 456158 452532 4585 3808 2024 1400 735 624 3626 2767 452271 315356 240253
is_linear=0
shrinkage=0.05


Tree=155
num_leaves=15
num_cat=0
split_feature=7 1 6 11 5 8 0 5 3 0 8 11 11 4
split_gain=11.4165 11.3981 10.3422 10.184 9.7961 9.76881 8.44326 8.24316 8.34795 23.1279 12.4608 12.3933 13.3862 8.99111
threshold=4.9911012649536142 2.6020033359527592 1.0000000180025095e-35 0.028253203257918361 2.0126758217811589 -0.36975595355033869 2.6020033359527592 3.8606742620468144 0.19292871654033664 5.3913497924804696 0.023873083293437961 0.3800011426210404 0.89572229981422435 2.6004430055618291
decision_type=2 2 2 2 2 2 2 2 2 2 2 2 2 2
left_child=1 5 4 -4 -2 6 -1 8 9 11 -10 -6 13 -13
right_child=2 -3 3 -5 7 -7 -8 -9 10 -11 -12 12 -14 -15
leaf_value=-0.0051220970543938375 0.022284187971629888 0.042584697901119711 -0.038430423672807933 0.035066496626323738 0.0078847610743366069 -0.0011761852415879273 -0.049495763597823095 0.048684161035841639 -0.043880251193579217 -0.034601875275395107 0.010620613133236347 -0.046302574521837961 0.051960956678103569 0.035058421360588649
leaf_weight=24.395269763103897 65.366086986321534 13.710181480420031 4.4241508634004267 45.215382395646884 170.7451992490096 2806.5724583173901 18.496625220625447 8.1998403178149584 10.053516706320805 52.206522084871722 212.33214163647244 26.399926561259239 4.0380198739294419 3.1362034046614999
leaf_count=4079 1725 370 94 2162 7270 428715 4321 267 310 4011 5363 1865 88 103
internal_value=-1.77735e-10 -0.00131657 0.00625231 0.0278865 0.00426163 -0.00154266 -0.0249494 0.00180246 0.000899986 -0.00523743 0.00797136 0.00239759 -0.024929 -0.0367983
internal_weight=3465.29 2863.17 602.117 49.6395 552.477 2849.46 42.8919 487.111 478.912 256.526 222.386 204.319 33.5741 29.5361
internal_count=460743 437485 23258 2256 21002 437115 8400 19277 19010 13337 5673 9326 2056 1968
is_linear=0
shrinkage=0.05


Tree=156
num_leaves=15
num_cat=0
split_feature=7 1 0 0 3 0 0 0 0 0 0 0 3 0
split_gain=10.9895 14.3384 8.1516 10.0366 7.64034 7.38394 23.6898 21.4041 31.8447 21.6745 20.611 23.441 18.2522 12.9749
threshold=12.735581398010256 2.6020033359527592 2.4414010047912602 3.8393944501876835 -0.32395568490028376 5.8318653106689462 5.5947046279907235 6.1954121589660653 6.2015223503112802 6.0112643241882333 5.6681537628173837 5.6801493167877206 0.48414550721645361 6.0013873577117929
decision_type=2 2 2 2 2 2 2 2 2 2 2 2 2 2
left_child=1 4 -2 -4 -1 6 -6 9 -9 13 -8 -12 -10 -7
right_child=2 -3 3 -5 5 7 10 8 12 -11 11 -13 -14 -15
leaf_value=-0.043100692340181837 0.053961177693275221 0.043660431418016732 -0.020890928610100563 0.015373666506269061 -0.00081309995555934017 -0.0182890272515937 0.035362292289213497 0.040852830310887017 -0.0081946478103926898 -0.051966888650484634 -0.072985541187986586 0.0097151394835857715 0.015646006885891611 0.02992578083590592
leaf_weight=9.6675362631881381 10.337807424599303 17.190440441337159 21.723337030438415 120.81001095964348 2332.9591474572017 68.585220878691075 86.486006411409107 40.960913273394908 483.8864296685191 43.274228791385667 8.3939488923765548 96.612411866885395 95.257232087737066 16.503639562433818
leaf_count=3652 137 534 919 4814 291291 9211 8280 1118 124007 5063 1444 5782 3683 808
internal_value=7.76288e-12 -0.000608874 0.0130613 0.00973958 -0.000853932 -0.000716017 0.000577584 -0.00507405 -0.00121269 -0.0235742 0.0174365 0.00247811 -0.00425314 -0.00869841
internal_weight=3452.65 3299.78 152.871 142.533 3282.59 3272.92 2524.45 748.468 620.105 128.363 191.492 105.006 579.144 85.0889
internal_count=460743 454873 5870 5733 454339 450687 306797 143890 128808 15082 15506 7226 127690 10019
is_linear=0
shrinkage=0.05


Tree=157
num_leaves=15
num_cat=0
split_feature=5 1 7 5 7 3 0 0 0 7 5 7 5 7
split_gain=10.9787 10.7436 8.6558 19.2385 12.7055 10.1213 12.5129 22.3613 29.4831 8.75436 12.7097 10.75 13.2667 8.69875
threshold=3.8606742620468144 3.2769666910171513 0.98801764845848095 0.89587974548339855 0.99977219104766857 0.47504675388336187 6.2995133399963388 6.1954121589660653 6.0112643241882333 1.7959715723991396 1.2424533367156985 2.9895648956298833 1.4978661537170412 2.207152366638184
decision_type=2 2 2 2 2 2 2 2 2 2 2 2 2 2
left_child=1 2 -1 4 -4 6 7 8 9 -5 -11 13 -13 -12
right_child=-2 -3 3 5 -6 -7 -8 -9 -10 10 11 12 -14 -15
leaf_value=-0.0026383149073344919 0.049808076034970686 0.049641171838841439 0.0068623550471092684 -0.010469186576204678 0.04600752618155779 0.014169297942315565 -0.010025746269761814 0.039365192785026495 -0.060887620294992076 0.027429295720992314 0.0066879552697956188 0.035052063002770174 0.0033406597353633932 -0.01679130339908403
leaf_weight=1847.6699132394804 10.028071402492058 9.7956233029826745 43.660119809059097 124.96084410171079 39.195091161137498 133.68463098573557 260.73744684324856 37.911384107239428 18.040444916830893 51.701329511573931 58.806860846397285 33.745884094547364 658.07050783583873 116.12939747642395
leaf_count=381416 444 261 1389 11249 722 3860 19635 794 1526 1280 3798 668 26105 7596
internal_value=-3.54833e-11 -0.000159904 -0.000316816 0.0024037 0.025708 0.00109476 -0.000199807 0.00213761 0.000772175 0.00189554 0.00358739 0.00213526 0.00493586 -0.00890533
internal_weight=3444.14 3434.11 3424.31 1576.64 82.8552 1493.79 1360.1 1099.37 1061.46 1043.41 918.454 866.753 691.816 174.936
internal_count=460743 460299 460038 78622 2111 76511 72651 53016 52222 50696 39447 38167 26773 11394
is_linear=0
shrinkage=0.05


Tree=158
num_leaves=15
num_cat=0
split_feature=2 7 7 11 3 5 9 11 3 9 3 0 4 8
split_gain=10.4387 11.1706 10.8661 10.6485 9.86023 9.57206 8.99008 8.70298 8.47027 8.24296 11.1476 7.64032 8.02557 7.48596
threshold=2.0126758217811589 8.8595404624938983 0.88240703940391552 0.030479270033538345 0.19292871654033664 2.5249279737472539 5.5000000000000009 0.61320355534553539 -0.32395568490028376 2.5000000000000004 -0.1544607803225517 4.930863857269288 0.84788101911544811 0.1057943142950535
decision_type=2 2 2 2 2 2 2 2 2 2 2 2 2 2
left_child=1 8 4 -3 6 -5 -2 13 -1 10 -7 12 -8 -6
right_child=2 3 -4 5 7 9 11 -9 -10 -11 -12 -13 -14 -15
leaf_value=-0.051288183586185011 -0.030700594803366094 0.045661340383907033 0.014974677421425366 0.02983905090506583 0.011089812237309211 -0.068678571136411667 -0.047606855129363496 -0.019831092695954705 -0.0022265117588155313 -0.0078927635760116192 0.018695436477811845 -0.057250865824545749 0.051726567073957265 -0.0022050024695763901
leaf_weight=7.8312045709735676 39.176441636440359 17.438671219199023 206.73037013553039 33.894512231534463 259.24683399460628 2.8853105455818868 1.7087657074844163 35.203370174399424 2470.5749379445278 102.55452762613459 67.432466344680506 1.9414954585645308 9.1358615738208737 178.02810593313006
leaf_count=3559 6941 375 3918 1375 7955 231 317 1821 418043 5123 2515 201 297 8072
internal_value=1.51841e-12 -0.00143422 0.00529598 0.00922872 0.00145948 0.00595102 -0.0190041 0.00374543 -0.00240216 0.0011227 0.0141975 0.0164611 0.0333769 0.0056844
internal_weight=3433.78 2702.61 731.171 224.205 524.441 206.767 51.9626 472.478 2478.41 172.872 70.3178 12.7861 10.8446 437.275
internal_count=460743 431221 29522 9619 25604 9244 7756 17848 421602 7869 2746 815 614 16027
is_linear=0
shrinkage=0.05


Tree=159
num_leaves=15
num_cat=0
split_feature=6 1 7 7 7 3 5 8 7 8 5 3 2 3
split_gain=9.78956 8.58238 6.36175 11.7383 7.38981 6.90424 16.1853 24.7941 12.3848 9.70132 9.39283 7.03131 6.87016 9.04456
threshold=1.0000000180025095e-35 1.0000000180025095e-35 5.9774820804595956 6.0028202533721933 6.1495051383972177 0.059294842183589942 2.0126758217811589 0.1513861417770386 3.9907655715942387 0.29510128498077398 2.1383330821990971 -0.0090111037716269476 1.2424533367156985 0.076837852597236647
decision_type=2 2 2 2 2 2 2 2 2 2 2 2 2 2
left_child=1 2 5 -4 -5 6 8 -8 -1 -10 12 -9 -7 -14
right_child=-2 -3 3 4 -6 10 7 11 9 -11 -12 -13 13 -15
leaf_value=-0.0075190305493042578 0.014175256843982366 0.010265160675218502 0.040188308926716612 -0.041450832147699554 0.0036290504918047662 -0.0043795136940626986 -0.061021085079786763 0.018584605918896529 0.022387310388683128 -0.065660960211067307 0.0098401024038772336 -0.031508856938508245 0.038321748463810652 0.00075272368430694776
leaf_weight=333.1884251991446 116.6179614370285 174.22522538048452 20.912969067674567 8.304375630534194 401.75299153245487 1164.5946308237967 32.028313892820734 20.035933691411177 54.061770054793669 2.3612024972690042 186.59828116078415 9.5058314766843051 15.316575785545863 885.3858682302739
leaf_count=77886 4585 3626 477 524 15739 300194 6494 1135 2426 159 6250 817 1043 39388
internal_value=9.48106e-11 -0.000503816 -0.00110556 0.00452944 0.00261749 -0.00200533 -0.0076436 -0.031253 -0.00384215 0.0176234 -0.000872774 0.00196183 -0.00184497 0.00143338
internal_weight=3424.89 3308.27 3134.05 430.97 410.057 2703.08 451.181 61.5701 389.611 56.423 2251.9 29.5418 2065.3 900.702
internal_count=460743 456158 452532 16740 16263 435792 88917 8446 80471 2585 346875 1952 340625 40431
is_linear=0
shrinkage=0.05


Tree=160
num_leaves=15
num_cat=0
split_feature=2 7 5 3 0 0 7 0 11 7 0 11 8 8
split_gain=9.63959 8.09751 11.2887 10.8192 19.2641 11.9981 9.53618 11.2565 9.47 9.3078 9.88888 8.62108 8.41205 8.2145
threshold=3.9607677459716801 4.9911012649536142 2.1383330821990971 0.19292871654033664 5.3913497924804696 5.0271592140197763 11.549574851989748 2.8029010295867924 0.23565507680177691 7.5743074417114267 6.1339788436889657 0.72906222939491283 0.25089249014854437 -0.010688919574022291
decision_type=2 2 2 2 2 2 2 2 2 2 2 2 2 2
left_child=1 -1 -3 4 5 6 8 -8 -4 -6 -11 -10 -12 -5
right_child=-2 2 3 13 9 -7 7 -9 11 10 12 -13 -14 -15
leaf_value=-0.001571863651860232 0.015855028776304982 0.018183144032640743 -0.0041800044297293703 -0.050826170266323412 -0.069243390864296234 0.028011205623496235 0.046004196423846337 -0.0027769790884149249 -0.051795785336655624 -0.047867522264465757 -0.05069754157175576 0.014408226776927827 0.023935421628187681 0.010834086934239836
leaf_weight=2749.8444181077284 92.249861834900003 124.94109477770871 69.515670195050916 4.5667398033110649 12.968096640863221 32.766332572893589 15.664551502442917 40.377569729622337 22.364093340138428 15.347603916219667 4.0459033291645055 5.7542414687122792 14.078341050117158 210.65248661616715
leaf_count=435420 2602 4149 3469 246 1109 768 299 1952 1578 834 1207 262 732 6116
internal_value=2.40944e-10 -0.000444804 0.0049569 0.00123684 -0.00621961 0.00101348 -0.00488677 0.0114255 -0.0142709 -0.0346675 -0.0196516 -0.038218 0.0054952 0.0092967
internal_weight=3415.14 3322.89 573.043 448.102 232.882 186.442 153.676 56.0421 97.634 46.4399 33.4718 28.1183 18.1242 215.219
internal_count=460743 458141 22721 18572 12210 8328 7560 2251 5309 3882 2773 1840 1939 6362
is_linear=0
shrinkage=0.05


Tree=161
num_leaves=15
num_cat=0
split_feature=6 1 2 0 11 4 0 7 5 8 2 2 11 10
split_gain=9.50576 8.41632 5.7583 6.43871 7.00988 6.73835 6.49591 5.68252 9.28288 7.09596 6.78526 7.6075 9.47593 7.85714
threshold=1.0000000180025095e-35 1.0000000180025095e-35 1.0000000180025095e-35 4.7492611408233651 0.07441223040223123 8.9200577735900897 3.113268375396729 4.9911012649536142 2.0126758217811589 -0.19234804809093473 3.113268375396729 1.8688347935676577 0.16381291300058368 34.500000000000007
decision_type=2 2 2 2 2 2 2 2 2 2 2 2 2 2
left_child=1 7 -3 4 5 6 -4 9 -9 10 11 13 -13 -1
right_child=-2 2 3 -5 -6 -7 -8 8 -10 -11 -12 12 -14 -15
leaf_value=-0.053736047387627134 0.014037247441755753 0.037605649987357395 -0.0081430075653771573 0.016547236158061137 0.0065786137881453603 0.021864177157972436 -0.068847310561267638 0.021255749215475569 0.0011390768473935407 -0.0012438356883928477 -0.049329844132404016 0.018945835212100262 -0.02695824712588174 -0.01090492501071051
leaf_weight=10.652424766495185 115.4869061573836 16.323206137341913 8.6502475827146608 83.44770672775303 51.132429504134052 4.9352396429749197 8.6778442958784563 64.478470717847813 462.90422640165252 2367.5400705481575 9.7595197299815464 42.3684556211374 14.220047223021536 149.42755546975604
leaf_count=2590 4585 429 314 1529 1046 80 228 1722 19091 394462 950 2377 981 30359
internal_value=1.55937e-10 -0.000496175 0.010201 0.00712876 -0.0036581 -0.026441 -0.0406412 -0.00109271 0.00363414 -0.00205477 -0.0104911 -0.0085231 0.00714285 -0.014071
internal_weight=3410 3294.52 173.167 156.843 73.3958 22.2633 17.3281 3121.35 527.383 2593.97 226.428 216.668 56.5885 160.08
internal_count=460743 456158 3626 3197 1668 622 542 452532 20813 431719 37257 36307 3358 32949
is_linear=0
shrinkage=0.05


Tree=162
num_leaves=15
num_cat=0
split_feature=6 1 4 0 0 7 5 11 4 7 3 3 4 11
split_gain=9.22942 8.28066 6.39376 5.81389 10.557 5.57026 8.58064 9.9846 9.46702 6.21765 6.08484 7.64634 5.98305 7.41592
threshold=1.0000000180025095e-35 1.0000000180025095e-35 3.3038746118545537 4.9835832118988046 4.4601275920867929 8.5114607810974139 2.5249279737472539 0.030479270033538345 -0.31182326376438135 11.549574851989748 -0.013587109744548796 0.062959209084510817 4.9803745746612558 0.0087057864293456095
decision_type=2 2 2 2 2 2 2 2 2 2 2 2 2 2
left_child=1 5 3 4 -3 12 -7 -8 9 -9 -10 -12 -1 -14
right_child=-2 2 -4 -5 -6 6 7 8 10 -11 11 -13 13 -15
leaf_value=-0.003602102336381351 0.013870872758304745 0.030960857431751226 0.0059505461999187804 0.059205926886737259 -0.064365840642488958 0.025840041121313467 0.041296232039418845 -0.070088695050672375 0.046735874069744034 -0.013721025516613295 -0.03468818988596846 0.0042990847978773422 -0.06079332783114634 0.0012870907874994041
leaf_weight=1693.0928925874055 114.84737619006228 12.855404712609017 147.54292543976499 10.665948416339232 2.6967861525481558 44.167680292648583 13.750691011126035 6.0083748500364917 6.5901140310088513 18.558558884673403 12.789145588116297 142.02935726902342 3.8305768418720154 1176.390753407735
leaf_count=307957 4585 264 3210 84 68 1685 269 601 223 1231 1030 4684 969 133883
internal_value=8.21155e-11 -0.000488128 0.0101031 0.0323946 0.011541 -0.00108156 0.00615784 0.00169824 -0.00143476 -0.0297091 0.00302512 0.000876499 -0.00169799 0.0010343
internal_weight=3405.82 3290.97 173.761 26.2181 15.5522 3117.21 243.894 199.726 185.976 24.5669 161.409 154.819 2873.31 1180.22
internal_count=460743 456158 3626 416 332 452532 9723 8038 7769 1832 5937 5714 442809 134852
is_linear=0
shrinkage=0.05


Tree=163
num_leaves=15
num_cat=0
split_feature=6 1 4 3 8 0 3 4 3 8 5 3 11 0
split_gain=8.91883 8.00674 7.73909 5.77228 6.22696 9.92852 6.78924 6.34294 5.96395 5.96127 5.52927 5.2352 15.1802 11.0626
threshold=1.0000000180025095e-35 1.0000000180025095e-35 3.3038746118545537 0.53279066085815441 -0.060236072167754166 4.0342013835906991 0.41498699784278875 10.339858531951906 0.44918599724769598 0.11398357897996904 3.8606742620468144 0.11132640019059183 0.31989756226539617 4.9380581378936776
decision_type=2 2 2 2 2 2 2 2 2 2 2 2 2 2
left_child=1 10 -3 4 6 -6 -4 -7 -8 -5 11 12 13 -1
right_child=-2 2 3 9 5 7 8 -9 -10 -11 -12 -13 -14 -15
leaf_value=0.0027997910818204916 0.013669363570101423 0.034341081666442501 0.035235899489097736 -0.0020117664577256693 -0.045192366338127128 0.0055268362684445013 -0.056361360504853956 -0.049045087516505333 0.0096321925533242991 0.037455133483364558 0.039656357674508418 5.5450748865913582e-05 -0.017272826189216637 -0.012525526495979922
leaf_weight=481.08538774340491 114.28879239012622 26.4088882599317 19.691114979730628 15.802018650982061 14.026699708123486 54.507176612933108 3.621372758876535 4.8896740546915671 12.402246750949415 22.878311354295874 7.3150159015349336 2287.7554631125749 182.46259858275914 154.82099578677742
leaf_count=51019 4585 416 327 246 546 1294 87 56 202 452 261 323216 35626 42410
internal_value=-8.4562e-11 -0.000479199 0.00992046 0.0053561 -0.000576334 -0.00888392 0.0162795 0.000296696 -0.00771715 0.0216874 -0.00106416 -0.00117279 -0.00460222 -0.000945196
internal_weight=3401.96 3287.67 174.228 147.819 109.138 73.4236 35.7147 59.3969 16.0236 38.6803 3113.44 3106.12 818.369 635.906
internal_count=460743 456158 3626 3210 2512 1896 616 1350 289 698 452532 452271 129055 93429
is_linear=0
shrinkage=0.05


Tree=164
num_leaves=15
num_cat=0
split_feature=6 1 7 5 7 0 0 3 4 7 11 4 0 0
split_gain=8.64248 7.27238 5.84609 14.7276 12.2532 9.89535 35.4253 11.5868 9.90401 8.66836 9.53052 8.80334 9.40432 16.3222
threshold=1.0000000180025095e-35 1.0000000180025095e-35 0.98801764845848095 0.89587974548339855 0.99977219104766857 4.8402345180511483 5.0271592140197763 0.44381116330623632 -3.4625918865203853 1.8309416770935061 0.046726370230317123 0.057546235620975501 5.8215556144714364 6.1339788436889657
decision_type=2 2 2 2 2 2 2 2 2 2 2 2 2 2
left_child=1 2 -1 4 -4 -5 -7 8 -8 -10 -11 -12 -13 -14
right_child=-2 -3 3 5 -6 6 7 -9 9 10 11 12 13 -15
leaf_value=-0.0030234487748937687 0.013496561331035953 0.0096210466326573443 0.0034511150127138519 0.0043638947364935425 0.045276283764526533 -0.047793759580740197 0.053570407851968663 0.016562234631444437 -0.018562661290987287 -0.024834644066993216 -0.026548278543542025 0.011574614671102669 -0.04296551080795654 0.00054587097299209993
leaf_weight=1677.4190122083762 113.60991924816881 168.29477777773445 36.602151918040136 692.55030438302936 32.891446918287329 42.483756521257419 6.4481368073238619 79.735892966906249 90.196320187642527 39.435415583075155 26.874374518790773 164.49933422610229 23.156457734061405 199.78573372843584
leaf_count=377937 4585 3626 1260 36754 578 2773 297 1758 8244 2213 3025 4707 1722 11264
internal_value=-2.4147e-10 -0.0004714 -0.00102009 0.00132272 0.0236085 0.000171818 -0.00414457 -0.00113066 -0.00371922 -0.00449541 -0.00166446 0.000595409 0.00254169 -0.00414523
internal_weight=3393.98 3280.37 3112.08 1434.66 69.4936 1365.17 672.615 630.132 550.396 543.948 453.751 414.316 387.442 222.942
internal_count=460743 456158 452532 74595 1838 72757 36003 33230 31472 31175 22931 20718 17693 12986
is_linear=0
shrinkage=0.05


Tree=165
num_leaves=15
num_cat=0
split_feature=2 8 0 7 3 3 11 9 5 7 2 0 8 3
split_gain=8.70817 9.58566 12.4421 9.48201 8.57665 6.88361 6.72915 8.14176 8.10549 7.99698 7.16987 8.87601 6.58469 6.47578
threshold=2.0126758217811589 0.46923507750034338 5.8521983623504648 12.735581398010256 0.19292871654033664 0.1804955527186394 0.098951216787099852 4.5000000000000009 2.9174053668975835 0.048317790031433112 3.0677825212478642 3.4811217784881596 0.075337383896112456 0.16231152415275577
decision_type=2 2 2 2 2 2 2 2 2 2 2 2 2 2
left_child=3 2 4 -1 5 13 8 9 10 -8 -6 -12 -13 -2
right_child=1 -3 -4 -5 6 -7 7 -9 -10 -11 11 12 -14 -15
leaf_value=-0.0019504824493669669 -0.015711382209227694 0.022305223091235032 -0.015418339691858346 0.012635238539175406 0.020913379447329714 -0.062404911179010994 -0.0064853519809319957 0.022048173078531661 -0.048764262595487134 0.01396960205900221 -0.066356389679965974 0.020172488071782478 -0.015186761305392522 0.025263682912995203
leaf_weight=2552.6347911582416 41.480825711674697 70.201866264030286 79.637218121695696 115.51816545674592 161.18685627825471 5.1934294820093774 178.43795198041335 44.289311758650001 4.0577545335690948 64.12935477418614 3.6132731582401894 31.477210798671877 21.221480891748797 11.515430944637044
leaf_count=426170 5497 1660 5409 5051 4898 465 7024 1074 51 887 233 800 777 747
internal_value=5.2552e-11 0.00489041 0.00296708 -0.00131449 0.0055738 -0.0124641 0.00765872 0.00258691 0.0141842 -0.00104237 0.0155764 0.000201593 0.00591586 -0.00650502
internal_weight=3384.59 716.442 646.24 2668.15 566.603 58.1897 508.413 286.857 221.557 242.567 217.499 56.312 52.6987 52.9963
internal_count=460743 29522 27862 431221 22453 6709 15744 8985 6759 7911 6708 1810 1577 6244
is_linear=0
shrinkage=0.05


Tree=166
num_leaves=15
num_cat=0
split_feature=1 7 5 0 0 3 3 4 7 11 5 10 8 11
split_gain=8.63674 9.01131 18.2549 8.77401 22.9433 13.535 9.31218 8.19367 8.1628 7.6484 14.3864 14.2191 10.8197 8.12191
threshold=0.89587974548339855 0.99644413590431224 0.89587974548339855 4.79990577697754 5.0271592140197763 0.44381116330623632 -0.17216184735298154 -3.4625918865203853 0.99977219104766857 0.078314591199159636 2.8029010295867924 34.500000000000007 0.45110051333904272 0.088475558906793608
decision_type=2 2 2 2 2 2 2 2 2 2 2 2 2 2
left_child=1 -1 8 6 -5 7 -4 -6 -3 10 11 -9 -12 -11
right_child=-2 2 3 4 5 -7 -8 9 -10 13 12 -13 -14 -15
leaf_value=-0.0029311271410637505 0.012919621804047866 0.0091754296029213488 -0.01294313898104804 -0.03393995457002217 0.04829949119340398 0.01748748076586143 0.0068033434877511779 0.050498845521388058 0.043956896089705544 0.023786028172762545 -0.021374401566955786 -0.026673553866314498 0.037457279938556041 -0.0023985084256614828
leaf_weight=1751.5486046684196 123.5904575811951 32.974354412907815 64.736359382025057 53.609266380797635 6.6538462182224967 91.823855624836142 657.49109302455054 5.4241141998081721 35.019255865038758 31.040766549831005 11.713351680446978 103.59994204576969 19.74768208813839 390.17544177285436
leaf_count=380296 3034 1027 8182 3281 312 2554 29376 103 691 1149 878 6861 181 22818
internal_value=-3.13096e-11 -0.000494283 0.00234369 0.00113587 -0.00279362 -0.000216905 0.00501793 -0.00310293 0.0274667 -0.00379659 -0.0138547 -0.02241 0.0155698 -0.00041712
internal_weight=3379.15 3255.56 1504.01 1436.02 713.788 660.179 722.227 568.355 67.9936 561.701 140.485 109.024 31.461 421.216
internal_count=460743 457709 77413 75695 38137 34856 37558 32302 1718 31990 8023 6964 1059 23967
is_linear=0
shrinkage=0.05


Tree=167
num_leaves=15
num_cat=0
split_feature=6 1 2 7 5 7 0 8 0 5 11 11 8 8
split_gain=8.34865 7.02302 5.22292 5.04463 15.4529 8.84667 8.08168 11.2609 9.81459 14.0529 11.2579 14.6507 12.3653 15.184
threshold=1.0000000180025095e-35 1.0000000180025095e-35 1.0000000180025095e-35 0.99644413590431224 0.89587974548339855 0.99977219104766857 4.49422311782837 -0.056599371135234826 4.1026091575622567 3.0201274156570439 0.23565507680177691 0.20747494697570804 -0.013645130675286053 -0.28901502490043635
decision_type=2 2 2 2 2 2 2 2 2 2 2 2 2 2
left_child=1 3 -3 -1 5 -5 8 -8 10 -10 11 -6 13 -12
right_child=-2 2 -4 4 6 -7 7 -9 9 -11 12 -13 -14 -15
leaf_value=-0.0028518388295492615 0.013413701805197287 0.035931112830992346 0.0065179264740935399 0.0056007865420710061 0.0027051163030241132 0.042828159145514945 -0.039377469627960016 -0.0022081690727459714 0.019336272110039267 -0.075257401334443183 -0.064902224480014703 0.043387569385856091 -0.030984402409750908 0.011159313640812858
leaf_weight=1679.0798955741889 111.14301717191483 15.904304790223248 149.51214113881269 30.984776449620313 294.20124143248495 32.680864173232294 19.936864108740792 771.65599557969108 128.10699455502618 3.0817890990601873 6.427748787264135 22.947113684434953 49.529903819687206 55.321154769276291
leaf_count=378469 4585 429 3197 938 16900 578 2629 38754 4749 194 1506 663 3333 3819
internal_value=-1.00753e-12 -0.000461375 0.00954484 -0.000999262 0.00119972 0.0250771 5.69566e-05 -0.00319281 0.00465134 0.0165616 0.000974205 0.0057758 -0.0126401 0.00233355
internal_weight=3370.51 3259.37 165.416 3093.95 1414.87 63.6656 1351.21 791.593 559.616 131.189 428.427 317.148 111.279 61.7489
internal_count=460743 456158 3626 452532 74063 1516 72547 41383 31164 4943 26221 17563 8658 5325
is_linear=0
shrinkage=0.05


Tree=168
num_leaves=15
num_cat=0
split_feature=2 3 4 8 0 7 11 9 0 5 2 0 8 10
split_gain=8.19493 8.55822 7.222 7.06116 10.7991 7.66976 7.33002 8.15824 8.14163 7.66177 7.89872 7.64812 6.91569 6.91443
threshold=2.0126758217811589 0.16231152415275577 1.7590879797935488 0.46923507750034338 5.8521983623504648 3.9622023105621342 0.098951216787099852 4.5000000000000009 5.5032782554626474 2.9174053668975835 3.0677825212478642 3.4811217784881596 0.075337383896112456 20.500000000000004
decision_type=2 2 2 2 2 2 2 2 2 2 2 2 2 2
left_child=-1 2 -2 4 6 -6 9 8 13 10 -3 -12 -13 -8
right_child=1 3 -4 -5 5 -7 7 -9 -10 -11 11 12 -14 -15
leaf_value=-0.0012798145796564177 0.00017717914673471554 0.020262543569143393 -0.039157263827089249 0.021519797410205703 -0.021499240272303106 0.017649831388080465 -0.048892042615025416 0.02108069925425745 0.019642906760629481 -0.047688621920722568 -0.063776873867571332 0.018578453184925375 -0.017256487027554886 -0.0037178597191747107
leaf_weight=2653.0519160527956 29.242421436507357 170.88748956952622 18.408831444895441 66.84119090554077 58.411690460495265 15.032528885581995 7.8518670856865347 44.992441381982644 36.541219819002436 4.0448099709756198 3.5032066435160223 31.989320920671162 21.782439165661344 204.30359864711681
leaf_count=431221 4230 5354 2259 1626 3801 650 254 1164 919 52 253 894 793 7273
internal_value=-6.42483e-11 0.00475173 -0.0155112 0.00622219 0.00448313 -0.0133568 0.00699519 0.00173368 -0.00183686 0.0136138 0.0149039 -0.00115753 0.00401203 -0.00561128
internal_weight=3366.88 713.833 47.6513 666.182 599.341 73.4442 525.896 293.689 248.697 232.207 228.162 57.275 53.7718 212.155
internal_count=460743 29522 6489 23033 21407 4451 16956 9610 8446 7346 7294 1940 1687 7527
is_linear=0
shrinkage=0.05


Tree=169
num_leaves=15
num_cat=0
split_feature=6 1 8 11 10 0 11 0 10 8 4 11 0 8
split_gain=8.11739 6.43154 5.44576 12.7302 9.86312 8.73796 10.1078 10.0498 10.2668 10.0249 8.69516 7.5087 7.24912 6.96731
threshold=1.0000000180025095e-35 1.0000000180025095e-35 0.013501363806426527 0.027063434012234214 28.500000000000004 5.1789667606353769 0.027063434012234214 5.5490684509277353 49.500000000000007 -0.13956676423549649 -4.6277472972869864 0.58221709728240978 4.4716224670410165 0.10782096534967424
decision_type=2 2 2 2 2 2 2 2 2 2 2 2 2 2
left_child=1 2 4 13 -1 6 9 8 -7 -6 -8 -12 -11 -4
right_child=-2 -3 3 -5 5 7 10 -9 -10 12 11 -13 -14 -15
leaf_value=-0.025809565172229432 0.013298787605151156 0.009173931480439431 0.044675145118441568 -9.0824571369550112e-05 -0.0047488683164438562 0.04194066189325503 -0.046510996448016699 -0.0064162419225688707 -0.072034317962148459 -0.045055562239884987 0.0021251394472629422 -0.01906923518818102 0.031916663650634558 -0.0038171558594212668
leaf_weight=48.9128498445898 109.95655410566724 163.67614270328522 23.755631402852714 2132.3497075028581 61.535372256745177 1.6349460910057576 8.8323019773226843 26.998798917766976 12.816329239084096 31.511019118651348 680.51142882090869 43.520722579711219 2.6723272749948128 10.358251848347889
leaf_count=8642 4585 3626 2807 308403 8983 194 4079 14500 2551 5838 85877 7738 115 2805
internal_value=-2.59942e-11 -0.000454015 -0.000967569 0.000400858 -0.00419064 -0.002947 -0.00181121 -0.0250738 -0.0572599 -0.0170036 0.000193524 0.000826626 -0.038302 0.0302617
internal_weight=3359.04 3249.09 3085.41 2166.46 918.946 870.033 828.583 41.4501 14.4513 95.7187 732.864 724.032 34.1833 34.1139
internal_count=460743 456158 452532 314015 138517 129875 112630 17245 2745 14936 97694 93615 5953 5612
is_linear=0
shrinkage=0.05


Tree=170
num_leaves=15
num_cat=0
split_feature=6 1 2 7 0 3 10 4 3 0 8 8 0 0
split_gain=7.8755 5.94721 5.20803 8.83422 20.9849 9.0001 8.84796 8.52369 8.30565 7.68861 12.9006 21.1347 12.6337 14.0219
threshold=1.0000000180025095e-35 1.0000000180025095e-35 1.0000000180025095e-35 0.0018051249790005388 6.4797797203063974 0.16533362865448001 42.500000000000007 3.7693760395050053 -0.10563896968960761 4.5379471778869638 0.21208519488573077 0.06181741692125798 3.7954261302948002 3.8815106153488164
decision_type=2 2 2 2 2 2 2 2 2 2 2 2 2 2
left_child=1 2 3 4 7 -6 8 -1 -5 10 11 -8 -12 -14
right_child=-2 -3 -4 6 5 -7 9 -9 -10 -11 12 -13 13 -15
leaf_value=-0.04849037845220415 0.013132996546741639 0.0088199340785858737 0.0012133659654892978 -0.03298569465252657 -0.031076675867468696 0.016315309236406395 -0.0026170519762409028 -0.015100820645756166 0.015119745003514033 -0.0060857182260616706 -0.076817906524906082 0.019877372974024168 0.056732754592298644 -0.022755936213206068
leaf_weight=20.374525757876626 109.40160085179195 163.40338019119417 1469.4012571641188 8.7812296918788189 10.546821050382304 77.434351722211431 329.04160931346553 210.31615226495842 116.50171275424225 642.60992061751801 7.8208648009135677 151.8336973987598 5.6304851396953373 33.597208432875505
leaf_count=21143 4585 3626 80622 2870 45409 31371 37060 152081 9963 61861 1214 7254 112 1572
internal_value=-4.35352e-11 -0.000446359 -0.000940044 -0.00289947 -0.0103439 0.0103487 -0.00106214 -0.0182463 0.0115135 -0.0024168 0.00205222 0.00451195 -0.0226589 -0.01022
internal_weight=3356.69 3247.29 3083.89 1614.49 318.672 87.9812 1295.82 230.691 125.283 1170.53 527.924 480.875 47.0486 39.2277
internal_count=460743 456158 452532 371910 250004 76780 121906 173224 12833 109073 47212 44314 2898 1684
is_linear=0
shrinkage=0.05


Tree=171
num_leaves=15
num_cat=0
split_feature=7 7 3 0 0 0 7 5 7 5 2 7 5 7
split_gain=7.69722 14.387 10.638 10.7527 22.1192 21.3776 10.5069 12.5387 9.30431 10.0885 9.1263 9.04505 13.4904 9.20061
threshold=0.99644413590431224 1.0116206407546999 0.51086932420730602 6.2995133399963388 6.1954121589660653 6.0013873577117929 1.7726472616195681 1.2424533367156985 2.9895648956298833 1.4978661537170412 0.89587974548339855 3.9907655715942387 1.7005987167358401 4.4448051452636728
decision_type=2 2 2 2 2 2 2 2 2 2 2 2 2 2
left_child=-1 -2 3 4 5 6 -3 -8 -9 -10 11 -11 -13 -14
right_child=1 2 -4 -5 -6 -7 7 8 9 10 -12 12 13 -15
leaf_value=-0.0021995799338435196 0.02263654039200079 -0.012255318323705425 0.016901424585062576 -0.0088451772477021323 0.038618376611457818 -0.051937382052802399 0.027316157780322405 -0.008006019749831764 0.031515126238632556 -0.011557394835783439 0.019387716695165085 0.035603483426358183 -0.023718222487261426 0.0041050765504750111
leaf_weight=1817.1808052604954 83.73969384393331 113.88842180040911 102.28297423551339 260.80471735405558 39.675870549279352 17.706678191032552 52.33509582856459 172.98439440488937 32.961735703287559 108.92763758123692 78.889243748926674 31.22113015440118 31.074153716278488 403.54888480374029
leaf_count=382012 2222 10541 3485 19683 961 1725 1346 11690 678 6188 1164 544 2133 16371
internal_value=3.49351e-10 0.0026121 0.00143786 0.000249359 0.00244518 0.0010342 0.00199823 0.00378976 0.00232734 0.00493853 0.00355228 0.00134892 0.00438508 0.00206592
internal_weight=3347.22 1530.04 1446.3 1344.02 1083.21 1043.54 1025.83 911.942 859.607 686.623 653.661 574.772 465.844 434.623
internal_count=460743 78731 76509 73024 53341 52380 50655 40114 38768 27078 26400 25236 19048 18504
is_linear=0
shrinkage=0.05


Tree=172
num_leaves=15
num_cat=0
split_feature=2 7 5 2 0 0 3 11 0 8 9 0 11 0
split_gain=7.58727 7.50062 16.3625 6.75219 8.26672 8.1647 12.9488 9.48703 9.29326 11.7134 8.90349 9.46741 9.60876 8.22289
threshold=3.9607677459716801 0.99886801838874828 0.89587974548339855 1.0000000180025095e-35 2.4414010047912602 4.4005842208862314 0.27962538599967962 0.81460422277450573 4.3107767105102548 0.20575097948312762 5.5000000000000009 4.6681339740753183 0.10239063948392869 3.1984648704528813
decision_type=2 2 2 2 2 2 2 2 2 2 2 2 2 2
left_child=1 -1 -3 5 -5 6 8 10 9 -4 11 12 -7 -8
right_child=-2 2 3 4 -6 7 13 -9 -10 -11 -12 -13 -14 -15
leaf_value=-0.0025929078789891278 0.014373067100139704 0.028279928180310523 0.00092772350747050082 0.046855946858166395 0.0057624408623891902 -0.00065287366577922526 -0.019912509107767908 0.0188582432744249 0.026477811782019623 -0.040503371511459663 -0.027504836906787802 -0.0020609893907853976 -0.04211575155361879 0.035105484450049483
leaf_weight=1768.339025424908 88.360887319915037 56.922349572380881 375.84150640985854 11.74719324451871 326.84968327188017 25.175726800705888 7.2885713656942235 39.314450068214001 32.513585267375674 16.869168029645152 44.390898937434031 468.10106174003226 30.490947357330697 45.403576277662069
leaf_count=380897 2602 1256 25780 133 6448 1597 429 2609 895 1166 2716 30578 2640 997
internal_value=4.5019e-11 -0.000395167 0.00222911 0.00116865 0.00732191 -0.000755892 0.00412845 -0.00459901 0.00120408 -0.000950334 -0.00625245 -0.00440227 -0.0237063 0.0272661
internal_weight=3337.61 3249.25 1480.91 1423.99 338.597 1085.39 477.916 607.473 425.224 392.711 568.159 523.768 55.6667 52.6921
internal_count=460743 458141 77244 75988 6581 69407 29267 40140 27841 26946 37531 34815 4237 1426
is_linear=0
shrinkage=0.05


Tree=173
num_leaves=15
num_cat=0
split_feature=6 1 2 0 4 8 11 10 5 7 5 7 9 0
split_gain=7.47197 5.73212 5.31581 6.10701 5.09068 5.01933 11.2771 8.34885 8.73221 14.7136 12.3222 15.1723 12.2676 11.9702
threshold=1.0000000180025095e-35 1.0000000180025095e-35 1.0000000180025095e-35 5.0466406345367441 3.3797829151153569 0.013501363806426527 0.027063434012234214 28.500000000000004 2.1383330821990971 3.9907655715942387 1.4978661537170412 0.4199241995811463 2.5000000000000004 4.2121002674102792
decision_type=2 2 2 2 2 2 2 2 2 2 2 2 2 2
left_child=1 5 -3 -4 -5 7 -7 -1 9 10 11 12 -9 -14
right_child=-2 2 3 4 -6 6 -8 8 -10 -11 -12 -13 13 -15
leaf_value=-0.024160905777987882 0.012990212978966367 0.035231737083106458 -0.0033930037290930064 0.052017603487092806 0.011200527979467351 0.02857191029156236 -6.31894879569199e-05 -0.015094395479830554 -0.018156079897955226 0.018503138608904925 -0.021236947482024204 0.013976956064747293 0.0067189909654088572 -0.017123585997058394
leaf_weight=47.732818337907247 106.13821334782187 15.955153643211814 82.559737865663919 8.060565483683602 55.664021558173772 33.951212367041535 2113.2577693557869 189.07645398314429 83.47574526713629 83.304272036752081 85.829334223184333 130.15641945671666 226.36827278989108 67.506600298393494
leaf_count=8642 4585 429 1887 64 1246 5612 308403 46447 7561 3603 13807 11673 32553 14231
internal_value=1.15263e-10 -0.000431697 0.00869775 0.00558415 0.0170874 -0.000918314 0.000402672 -0.00402055 -0.00288348 -0.00123258 -0.0036079 -0.00110944 -0.00519573 0.00120257
internal_weight=3329.04 3222.9 162.239 146.284 63.7246 3060.66 2147.21 913.45 865.717 782.241 698.937 613.108 482.951 293.875
internal_count=460743 456158 3626 3197 1310 452532 314015 138517 129875 122314 118711 104904 93231 46784
is_linear=0
shrinkage=0.05


Tree=174
num_leaves=15
num_cat=0
split_feature=2 7 5 8 10 7 5 11 7 0 4 3 3 3
split_gain=7.62021 7.09496 12.0644 15.8273 9.51537 12.506 8.39524 6.73902 6.6962 8.21666 9.14725 6.94967 7.17309 10.8563
threshold=1.4978661537170412 0.99644413590431224 1.2424533367156985 0.40112408995628362 46.500000000000007 2.6785782575607304 1.4978661537170412 0.74009954929351818 1.8309416770935061 7.0818057060241708 6.4323258399963388 0.059294842183589942 0.091471098363399519 0.16231152415275577
decision_type=2 2 2 2 2 2 2 2 2 2 2 2 2 2
left_child=1 -1 3 -3 -4 -6 -7 -5 11 -10 -11 -2 -13 -14
right_child=8 2 4 7 5 6 -8 -9 9 10 -12 12 13 -15
leaf_value=-0.0045371306800841985 -0.03000465876436581 0.02047678156635193 0.016418817239710153 -0.037006426463827839 -0.012487303378457788 0.020092398623218596 -0.00052149410192731886 0.032114932714664389 0.017821535750350597 -0.056876386141562776 0.0041018708647243118 0.031389170705129942 -0.025712182489350827 0.0029354447403966452
leaf_weight=1073.5224521874015 15.868451764199561 133.03166578307059 73.613992876621978 18.105102594565327 224.69011843987073 51.773324092446273 770.1425010458081 3.5120910035984698 141.82056505608489 6.8135720889513314 28.356591678530094 19.825657617537217 33.63870940743891 731.28623393667749
leaf_count=344761 3634 7228 2783 1395 21903 2167 38162 238 2555 306 870 1397 4188 29156
internal_value=-2.506e-10 -0.00154415 0.000977718 0.0140215 -0.000833905 -0.00206191 0.000799834 -0.024853 0.0037071 0.0124798 -0.0089574 0.0017546 0.00243417 0.0016437
internal_weight=3326 2348.39 1274.87 154.649 1120.22 1046.61 821.916 21.6172 977.61 176.991 35.1702 800.619 784.751 764.925
internal_count=460743 418637 73876 8861 65015 62232 40329 1633 42106 3731 1176 38375 34741 33344
is_linear=0
shrinkage=0.05


Tree=175
num_leaves=15
num_cat=0
split_feature=7 1 5 7 3 0 0 0 0 4 5 8 5 7
split_gain=7.29779 8.88372 7.83591 7.79057 6.69032 6.89682 14.0046 9.24224 16.7752 10.3203 7.91577 7.88039 15.7707 11.2876
threshold=8.5114607810974139 2.6020033359527592 2.5249279737472539 12.735581398010256 -0.32395568490028376 6.7661678791046151 7.7495844364166269 6.6713323593139657 6.5438487529754648 4.7943861484527597 3.0677825212478642 0.39595879614353185 1.2424533367156985 0.6403721570968629
decision_type=2 2 2 2 2 2 2 2 2 2 2 2 2 2
left_child=1 4 -2 -4 -1 7 -7 8 10 -9 11 -6 13 -13
right_child=2 -3 3 -5 5 6 -8 9 -10 -11 -12 12 -14 -15
leaf_value=-0.047670099545353978 0.026313478603632423 0.039786878792007048 -0.0087904750593261489 0.010853440297997717 -0.00049823033246873365 -0.030308512378750475 -0.0031050034733203407 -0.044150785443991633 -0.06245076195175029 0.025688223062185253 -0.057562832156487102 0.0019596274332436443 0.02733287131325381 -0.060812909246253002
leaf_weight=6.6183516578553272 46.661920522668879 12.494315289026416 77.210225867474946 141.62711312375905 2454.7162256458596 54.168037176174607 334.43416473611376 4.9297648766923876 9.809734200996898 55.361080758881144 4.9654622615325925 35.2423434154598 70.548275046960953 7.9694974617068501
leaf_count=3562 1843 456 3658 5870 319361 76976 35763 610 1320 3100 464 5649 1770 341
internal_value=-1.80966e-10 -0.000692812 0.00793488 0.00391421 -0.000872284 -0.000754455 -0.00696502 0.00016079 -0.000294398 0.0193506 -3.3297e-05 0.00010028 0.0129067 -0.0107311
internal_weight=3316.76 3051.26 265.499 218.837 3038.76 3032.14 388.602 2643.54 2583.25 60.2908 2573.44 2568.48 113.76 43.2118
internal_count=460743 449372 11371 9528 448916 445354 112739 332615 328905 3710 327585 327121 7760 5990
is_linear=0
shrinkage=0.05


Tree=176
num_leaves=15
num_cat=0
split_feature=6 2 1 7 8 10 11 11 0 8 0 8 9 9
split_gain=7.22004 5.65149 8.76231 8.59889 14.4995 8.42354 8.88061 7.42948 9.52632 11.7569 11.1325 16.3372 11.0586 10.3537
threshold=1.0000000180025095e-35 1.0000000180025095e-35 1.0000000180025095e-35 0.57019612193107616 0.13290482014417651 43.500000000000007 0.20516698807477954 0.81460422277450573 4.4005842208862314 -0.088881503790616975 4.3107767105102548 0.21208519488573077 4.5000000000000009 3.5000000000000004
decision_type=2 2 2 2 2 2 2 2 2 2 2 2 2 2
left_child=1 2 3 4 -1 6 -5 8 10 -10 11 -7 -13 -12
right_child=-2 -3 -4 5 -6 7 -8 -9 9 -11 13 12 -14 -15
leaf_value=-0.021299707333842711 0.012967827039563765 0.0016834390301299013 0.033681785247337483 0.031463892028832048 -0.0022668624572638458 0.0024283364200396178 -0.0009242851926007568 0.017769537736715711 -0.053473145097940517 -0.0058767741936918685 0.0037493596118270637 -0.068748689847408881 0.013299434766791601 0.054006710437609212
leaf_weight=151.32928304498569 102.96620180715126 1599.3491007938937 15.554961991641902 39.565246595328517 292.47287158155063 392.60368146346639 44.137722013192842 45.373814151082115 12.306807761300886 555.27434705277653 22.003689517079692 12.763291229894095 5.4463232156740551 18.448400227876846
leaf_count=138631 4585 83819 429 1858 149962 29202 2191 3484 2395 41436 780 1393 279 299
internal_value=1.23637e-10 -0.000420315 -0.00251343 -0.00288807 -0.00879005 -0.000600627 0.0145759 -0.00180685 -0.00269524 -0.00700103 0.00272389 0.00023148 -0.044794 0.0274194
internal_weight=3309.6 3206.63 1607.28 1591.73 443.802 1147.92 83.703 1064.22 1018.85 567.581 451.265 410.813 18.2096 40.4521
internal_count=460743 456158 372339 371910 288593 83317 4049 79268 75784 43831 31953 30874 1672 1079
is_linear=0
shrinkage=0.05


Tree=177
num_leaves=15
num_cat=0
split_feature=2 7 3 5 8 3 10 2 11 11 2 3 11 5
split_gain=7.07428 7.27486 6.94957 6.65803 11.3108 11.9034 10.7353 8.68577 12.2518 8.63128 11.001 8.13665 7.73961 6.08045
threshold=2.0126758217811589 8.8595404624938983 0.53279066085815441 1.4978661537170412 0.1057943142950535 0.51086932420730602 20.500000000000004 2.8029010295867924 0.095113344490528121 0.1036369912326336 2.6735538244247441 0.19292871654033664 0.10239063948392869 2.6020033359527592
decision_type=2 2 2 2 2 2 2 2 2 2 2 2 2 2
left_child=1 -1 3 4 6 7 -2 9 -9 -6 -11 -8 -10 -3
right_child=2 13 -4 -5 5 -7 11 8 12 10 -12 -13 -14 -15
leaf_value=-0.0019826765545254382 -0.046790339842367787 0.022412580781139974 0.015917978769213182 0.014235353542338678 0.017628681197958046 -0.062364235274761794 -0.013786687408505877 -0.05162272072694201 0.049134403768590997 -0.020628996498269714 0.029485190265587137 0.011280787747531405 -0.012681516934364557 0.0027925545313249398
leaf_weight=2393.0113245049565 8.2545824560802412 51.678882310994595 110.47698670416594 96.31978412441822 50.852824231087652 9.0067074855032825 36.444396901912114 20.179996820958877 4.5941738508645349 49.463037182859807 13.048289067028234 243.56395060657724 53.856358556574378 159.17924012725598
leaf_count=421602 367 2105 2594 1793 2129 233 5714 1628 97 3203 342 8125 3297 7514
internal_value=-4.50756e-11 -0.00119721 0.00447388 0.00229137 -8.42379e-05 -0.00916288 0.00625595 -0.00635693 -0.0190149 0.00251225 -0.00986888 0.00798069 -0.00707808 0.00768429
internal_weight=3299.93 2603.87 696.061 585.584 489.264 201.001 288.263 191.995 78.6305 113.364 62.5113 280.008 58.4505 210.858
internal_count=460743 431221 29522 26928 25135 10929 14206 10696 5022 5674 3545 13839 3394 9619
is_linear=0
shrinkage=0.05


Tree=178
num_leaves=15
num_cat=0
split_feature=6 1 4 2 7 4 0 5 10 11 11 0 0 8
split_gain=6.92503 5.21309 5.03928 4.87639 7.85585 13.6516 13.3953 17.5299 7.85115 8.45503 7.09312 7.456 11.0731 10.113
threshold=1.0000000180025095e-35 1.0000000180025095e-35 -2.2637518644332881 1.0000000180025095e-35 0.57019612193107616 3.3038746118545537 5.478551149368287 0.89587974548339855 43.500000000000007 0.20516698807477954 0.81460422277450573 4.4005842208862314 4.4367339611053476 0.06181741692125798
decision_type=2 2 2 2 2 2 2 2 2 2 2 2 2 2
left_child=1 3 -2 4 5 -1 7 -7 9 -6 11 13 -13 -10
right_child=2 -3 -4 -5 8 6 -8 -9 10 -11 -12 12 -14 -15
leaf_value=-0.027967523525513089 -0.037772583974883672 0.0083736750418257674 0.015064743611845718 0.0012208757598349547 0.030639013956961943 -0.020097438078183247 0.0037582773514813748 0.04391331187167026 -0.0032627474259241279 -0.0010467720134639381 0.017399965643261194 -0.077692927113094112 -0.0057643244476104447 0.012493671778798909
leaf_weight=73.569437363057659 3.7908382398454696 159.35827886060224 98.28945810816731 1446.7002142639967 39.274155555054904 145.91394603128762 210.37502421521256 10.603531009973265 295.13361029425823 43.981372302905356 45.16405927503547 4.4103637034045269 560.07190348745667 154.2571126466346
leaf_count=84314 148 3626 4437 80622 1858 136931 66125 1223 25631 2191 3484 377 43454 6322
internal_value=2.69579e-11 -0.00041219 0.0127552 -0.000876963 -0.00279403 -0.00845862 -0.0044813 -0.0155097 -0.000604305 0.0140866 -0.00177142 -0.00264173 -0.00646271 0.00216151
internal_weight=3290.89 3188.81 102.08 3029.45 1582.75 440.462 366.893 156.517 1142.29 83.2555 1059.04 1013.87 564.482 449.391
internal_count=460743 456158 4585 452532 371910 288593 204279 138154 83317 4049 79268 75784 43831 31953
is_linear=0
shrinkage=0.05


Tree=179
num_leaves=15
num_cat=0
split_feature=6 2 2 2 2 3 3 2 2 0 0 10 4 3
split_gain=6.76705 4.82784 6.38655 5.07483 11.5526 5.93283 5.19831 5.27443 6.57254 5.58922 5.88962 5.76196 5.20647 5.15261
threshold=1.0000000180025095e-35 3.9607677459716801 4.0342013835906991 3.3497501611709599 3.3140207529067998 0.346502035856247 0.6480693817138673 3.2384861707687382 3.113268375396729 5.0271592140197763 3.5114340782165532 12.500000000000002 3.8312655687332158 0.41026890277862554
decision_type=2 2 2 2 2 2 2 2 2 2 2 2 2 2
left_child=1 3 -3 4 6 -5 7 8 -1 10 -10 -11 -12 -7
right_child=-2 2 -4 5 -6 13 -8 -9 9 11 12 -13 -14 -15
leaf_value=-0.00087255295879192602 0.012686232086820721 0.054540809665729488 0.0069404285067090638 -0.037185634452851883 0.040551719007212328 0.022195437368472043 0.028153901608852141 -0.032315816483290599 -0.047478821090513261 0.048620658736131139 -0.019157556466147935 -0.040715596588722952 0.053414671781041451 -0.013404857929813606
leaf_weight=2958.4355419640924 100.85638272670622 6.8589935818163204 73.144472192670491 18.701462272164918 16.120679937698696 12.363387815814347 14.597254593296382 12.206681283448232 1.130324484740419 1.6525490354979409 2.363465533511774 4.8887780812365227 16.341507186203671 41.794883025118907
leaf_count=447528 4585 45 1936 2658 453 398 228 1016 82 4 421 305 247 837
internal_value=1.77185e-10 -0.000406139 0.0116443 -0.000720727 -0.000404703 -0.01367 -0.000637324 -0.000786898 -0.000647178 0.0237397 0.0365106 -0.0146919 0.043738 -0.00502287
internal_weight=3281.46 3180.6 80.0035 3100.6 3027.74 72.8597 3011.62 2997.02 2984.81 26.3766 19.8353 6.54133 18.705 54.1583
internal_count=460743 456158 1981 454177 450284 3893 449831 449603 448587 1059 750 309 668 1235
is_linear=0
shrinkage=0.05


Tree=180
num_leaves=15
num_cat=0
split_feature=6 1 3 11 4 8 8 4 8 11 10 8 8 0
split_gain=6.50751 4.81895 4.4265 9.84797 8.51513 10.873 10.2867 12.4787 8.78538 8.63117 8.45865 7.45491 12.2079 9.93162
threshold=1.0000000180025095e-35 3.2769666910171513 0.055673513561487205 0.26007981598377233 0.53249552845954906 0.23967221379280093 0.077668052166700377 0.26349845528602606 0.19719065725803378 0.045332916080951698 36.500000000000007 -0.013645130675286053 -0.28901502490043635 3.8393944501876835
decision_type=2 2 2 2 2 2 2 2 2 2 2 2 2 2
left_child=1 2 3 4 6 8 7 -1 -6 -8 -11 12 -5 -13
right_child=-2 -3 -4 11 5 -7 9 -9 -10 10 -12 13 -14 -15
leaf_value=-0.0072745633243376994 0.012477045982178843 0.043034726893932833 0.00037927491727295635 -0.059910187379532034 -0.018189506268464131 -0.062965989860378907 0.035341399033331458 0.029952448860469008 0.038982875826778701 0.047466633869493985 -0.0006744994301850825 -0.065196093114537709 0.0061542854473460992 -0.017699664467001396
leaf_weight=228.55642007663451 100.27805725719827 5.3739334983015388 2614.7938887394776 7.0452821093172977 34.224439342240487 10.306139340403318 33.444459826746822 23.970147277071248 7.3284776202686421 9.4415680380051281 72.127359952224964 12.540473023715974 52.530079535577499 67.271174694632009
leaf_count=40294 4585 66 361506 2611 5469 2915 2099 2689 841 816 9576 1978 10425 14873
internal_value=2.26702e-10 -0.00039738 -0.000484458 -0.00451968 -0.00068111 -0.019447 0.0020123 -0.00363672 -0.00742716 0.0143399 0.0054052 -0.0159824 -0.00251843 -0.025877
internal_weight=3279.23 3178.95 3173.58 558.786 419.399 51.8591 367.54 252.527 41.5529 115.013 81.5689 139.387 59.5754 79.8116
internal_count=460743 456158 456092 94586 64699 9225 55474 42983 6310 12491 10392 29887 13036 16851
is_linear=0
shrinkage=0.05


Tree=181
num_leaves=15
num_cat=0
split_feature=6 1 8 0 10 11 0 0 0 8 9 0 2 7
split_gain=6.32381 4.78862 4.74158 10.8471 8.29477 6.49915 6.05921 26.1312 17.2368 10.5389 10.6555 9.42708 18.1887 8.70656
threshold=1.0000000180025095e-35 1.0000000180025095e-35 -0.056599371135234826 4.3630783557891855 28.500000000000004 0.058684360235929496 5.6681537628173837 5.5947046279907235 5.6801493167877206 0.26738442480564123 3.5000000000000004 5.5587399005889901 5.3596472740173349 3.0024330615997319
decision_type=2 2 2 2 2 2 2 2 2 2 2 2 2 2
left_child=1 2 3 4 -1 -5 7 11 -8 13 -11 -4 -13 -10
right_child=-2 -3 6 5 -6 -7 8 -9 9 10 -12 12 -14 -15
leaf_value=-0.029358584665482898 0.012336560094849937 0.0080620784108400585 0.00092496275026039167 0.00251158254972343 -0.00098965618436976229 -0.032028095556322932 -0.073264179153002415 0.029419402298823158 -0.0080057266170104804 0.0049201749344669511 -0.009981635986406702 -0.068471392596438946 0.027257860037077888 -0.036808869242169549
leaf_weight=26.073330888857413 99.688522907004881 158.15705372379534 1497.6310223269161 18.185683824429702 535.84466560891144 51.648063657930038 7.7328006545557164 81.145346886768493 160.58384548969673 422.47339521742458 166.37729040927582 12.2159014787203 7.2438551967934464 30.602136643348786
leaf_count=4483 4585 3626 203180 3434 73060 14215 1478 8284 69011 49948 18161 2172 81 5025
internal_value=1.91053e-10 -0.000390992 -0.000836532 -0.00468455 -0.00235581 -0.023125 0.000183858 0.00195258 -0.00340248 -0.002617 0.000699947 0.000465042 -0.0332458 -0.0127836
internal_weight=3275.6 3175.91 3017.76 631.752 561.918 69.8337 2386.01 1598.24 787.769 780.037 588.851 1517.09 19.4598 191.186
internal_count=460743 456158 452532 95192 77543 17649 357340 213717 143623 142145 68109 205433 2253 74036
is_linear=0
shrinkage=0.05


Tree=182
num_leaves=15
num_cat=0
split_feature=7 5 2 8 8 2 7 7 4 11 8 3 5 4
split_gain=6.15429 9.69231 8.99892 8.46172 8.22501 6.96062 6.89715 19.8537 6.572 6.4196 5.75298 5.30802 8.02533 8.61302
threshold=1.8309416770935061 1.2424533367156985 3.3140207529067998 0.38238234817981726 0.077668052166700377 3.4175922870635991 1.0562223792076113 0.99977219104766857 7.1049895286560067 0.04344677925109864 0.54076132178306591 0.028791057877242569 1.4978661537170412 7.3573253154754648
decision_type=2 2 2 2 2 2 2 2 2 2 2 2 2 2
left_child=6 3 -3 -2 -4 -6 7 11 -8 -10 -9 -1 -13 -14
right_child=1 2 4 -5 5 -7 8 10 9 -11 -12 12 13 -15
leaf_value=-0.011393059287556795 0.028576149556658506 0.00096890146931115752 -0.035388453209074799 -0.038090411139636078 0.063056527036589136 0.016433988522327341 -0.016112115170490292 0.030150283832867421 0.053062178629046254 -0.0016504681549100214 -0.034836360142425783 -0.0018078312942185811 0.020941594840330303 -0.014812555743680409
leaf_weight=130.48976193718772 52.202951974199095 1109.5031944193502 4.2766391765326253 4.3670947045607127 11.456123900235978 25.466192165127723 139.54146617474362 59.646220580945283 5.2939200104738111 35.81781129522642 2.7957554864769909 1597.959826955205 74.565059256034374 20.894083695746303
leaf_count=50734 1725 55408 89 445 160 1032 15702 2012 68 854 116 325397 6379 622
internal_value=-1.02654e-10 0.00283506 0.00183174 0.0228574 0.0244948 0.0321812 -0.00165644 -0.000759956 -0.0109616 0.00648756 0.0267374 -0.00171547 -0.00096346 0.0130433
internal_weight=3274.28 1207.27 1150.7 56.57 41.199 36.9223 2067 1886.35 180.653 41.1117 62.442 1823.91 1693.42 95.4591
internal_count=460743 58859 56689 2170 1281 1192 401884 385260 16624 922 2128 383132 332398 7001
is_linear=0
shrinkage=0.05


Tree=183
num_leaves=15
num_cat=0
split_feature=2 7 0 0 5 11 11 10 2 4 8 4 0 11
split_gain=6.08356 8.21942 9.34309 9.77925 9.63809 6.21078 10.1031 10.1196 9.03564 8.83701 9.16388 6.85882 6.35228 6.06047
threshold=0.89587974548339855 0.73883163928985607 6.0112643241882333 6.1954121589660653 3.3497501611709599 0.045332916080951698 0.064999673515558257 43.500000000000007 2.4414010047912602 6.4817011356353769 0.30607305467128759 6.1040666103363046 2.3502402305603032 0.03775108419358731
decision_type=2 2 2 2 2 2 2 2 2 2 2 2 2 2
left_child=-1 5 -3 -4 -5 8 7 -7 13 10 12 -10 -9 -2
right_child=1 2 3 4 -6 6 -8 9 11 -11 -12 -13 -14 -15
leaf_value=-0.0017597978109009566 -0.0095997532072360347 0.014487936657160409 -0.075649429061596135 -0.0067533049321283102 0.035515086174566633 -0.039194245706067506 -0.00027028271131055527 -0.048073234899156055 -0.0092913051450519753 -0.0055615297457115662 -0.054997988888023847 0.026607057296428867 0.03281645054133657 -0.0363404123474673
leaf_weight=1961.2444988619525 83.222638956060109 245.74353313205211 3.4797672089189282 85.172993459406825 14.988850233115953 6.9523393596919041 677.08551104211506 1.6540978246994189 26.077129541059549 26.326598821180596 2.3651109021648145 25.379511477804044 78.317545946367773 27.996680930435105
leaf_count=396206 6559 3858 135 2439 705 467 39623 235 2534 748 477 499 4167 2091
internal_value=2.25405e-11 0.00264455 0.00919504 -0.00337341 -0.000139451 0.0002419 0.00207045 0.0156633 -0.00862661 0.0194986 0.0274819 0.00858422 0.0305703 -0.0165949
internal_weight=3266.01 1304.76 349.385 103.642 100.162 955.377 792.701 115.616 162.676 108.663 82.3368 51.4566 79.9716 111.219
internal_count=460743 64537 7137 3279 3144 57400 45717 6094 11683 5627 4879 3033 4402 8650
is_linear=0
shrinkage=0.05


Tree=184
num_leaves=15
num_cat=0
split_feature=5 0 0 7 11 10 3 9 4 5 3 7 5 4
split_gain=6.208 5.61949 13.8172 14.6494 11.9198 10.6439 10.2038 9.96438 12.689 7.71205 7.54428 7.10204 7.0972 7.25955
threshold=3.6242519617080693 6.7661678791046151 9.3328065872192401 0.004247381119057537 0.88102364540100109 31.500000000000004 0.39005593955516821 2.5000000000000004 2.7016590833663945 2.7403194904327397 0.34271113574504858 1.9978623986244204 2.1383330821990971 2.746837973594666
decision_type=2 2 2 2 2 2 2 2 2 2 2 2 2 2
left_child=1 -1 4 -4 6 -5 10 9 -9 -7 -3 -12 13 -10
right_child=-2 2 3 5 -6 7 -8 8 12 -11 11 -13 -14 -15
leaf_value=0.00059352937009339438 0.02255401474766278 -0.024128823709778046 0.031111268582899212 0.019784804492683401 0.036872576814727887 -0.0059091209750465907 -0.063122482889645434 -0.083925187714173788 0.055215497605121393 0.021840943603612384 -0.026217864380035462 0.041956414877384801 -0.0010811735323012085 -0.031658318574780533
leaf_weight=2814.9449373285934 29.227637081673038 79.872788358020159 32.693403231880893 39.617503747776937 7.6301544358067863 92.128851403982935 14.006669634286935 6.119338566341411 1.6407535411326524 33.248808341857512 5.5633259466040945 8.3991773781290231 49.967960381167359 47.573537191491596
leaf_count=343734 1693 98174 1948 757 4104 2401 1449 583 19 954 2172 280 819 1656
internal_value=8.10539e-12 -0.000210782 -0.0056098 1.65384e-05 -0.0202463 -0.0038453 -0.0245893 -0.00797148 -0.0192334 0.00156449 -0.0182325 0.0148558 -0.0144442 -0.0277201
internal_weight=3262.63 3233.41 418.462 302.99 115.472 270.297 107.842 230.679 105.302 125.378 93.8353 13.9625 99.1823 49.2143
internal_count=460743 459050 115316 9137 106179 7189 102075 6432 3077 3355 100626 2452 2494 1675
is_linear=0
shrinkage=0.05


Tree=185
num_leaves=15
num_cat=0
split_feature=6 2 1 7 0 7 0 4 3 2 2 10 3 11
split_gain=5.91018 5.18706 8.13149 7.19873 8.40217 6.48401 17.1171 8.2071 6.82524 6.44535 7.30032 6.37335 7.48919 6.32591
threshold=1.0000000180025095e-35 1.0000000180025095e-35 1.0000000180025095e-35 0.99886801838874828 7.0818057060241708 0.0018051249790005388 6.4797797203063974 3.7693760395050053 0.16533362865448001 2.7403194904327397 1.7005987167358401 42.500000000000007 -0.10563896968960761 0.61320355534553539
decision_type=2 2 2 2 2 2 2 2 2 2 2 2 2 2
left_child=1 2 5 -3 9 6 7 -1 -8 10 -5 12 -7 -14
right_child=-2 3 -4 4 -6 11 8 -9 -10 -11 -12 -13 13 -15
leaf_value=-0.047682280006725197 0.011992172008890687 -8.7487755610449072e-05 0.032828221731549471 0.017139604565792926 -0.0045955864740923457 -0.034176478382733522 -0.028742508697731147 -0.013530655505383815 0.014810302900109391 0.027821994581728612 -0.0030035349128752281 -0.0023302880727068924 0.017395093322815882 -0.018630507888534067
leaf_weight=18.545677130856319 98.606636143869764 1244.9180028389085 15.226505371654637 103.60309912751109 91.955050796940668 8.0872823141615395 9.2623331288087041 201.75070491525832 75.25953516630932 56.188000457375892 78.461287719310349 1147.9238026250691 99.826450034339075 13.03060205974475
leaf_count=21143 4585 78449 429 1418 2278 2870 45409 152081 31371 724 950 109073 8645 1318
internal_value=-9.90243e-11 -0.000377405 -0.00239233 0.00165538 0.00820662 -0.00275374 -0.00928941 -0.0166082 0.00975729 0.0131463 0.00848986 -0.00117761 0.00969227 0.0131084
internal_weight=3262.64 3164.04 1588.91 1575.13 330.207 1573.69 304.818 220.296 84.5219 238.252 182.064 1268.87 120.944 112.857
internal_count=460743 456158 372339 83819 5370 371910 250004 173224 76780 3092 2368 121906 12833 9963
is_linear=0
shrinkage=0.05


Tree=186
num_leaves=15
num_cat=0
split_feature=7 3 7 11 7 4 5 7 11 11 1 6 8 11
split_gain=5.91643 9.50006 8.13425 9.43724 7.54619 8.52444 7.01433 7.38939 8.76034 9.33364 6.45227 6.47148 7.2151 6.23246
threshold=1.8309416770935061 0.31851965188980108 2.0607509613037114 0.17671343684196475 2.6396642923355107 5.1169738769531259 1.7005987167358401 3.9907655715942387 0.4199946820735932 0.038286754861474044 0.89587974548339855 2.0126758217811589 -0.096311625093221651 0.81460422277450573
decision_type=2 2 2 2 2 2 2 2 2 2 2 2 2 2
left_child=10 2 3 -2 5 -4 7 -6 9 -9 -1 12 -12 -8
right_child=1 -3 4 -5 6 -7 13 8 -10 -11 11 -13 -14 -15
leaf_value=-0.0022271142850564169 0.028336832386738942 0.010655163998460697 -0.010624027031148489 -0.0086695637962042309 0.0044927092793206509 -0.07122393464807282 -0.0030835513916631133 -0.029890253458709617 -0.022035109775045997 0.056579365249299268 -0.016086173723368534 -0.057470739548615861 0.020778540257356246 0.020414743685786229
leaf_weight=1964.0793538552962 49.932738896835872 289.78024565984651 78.971771834969559 25.451681915249765 117.33080959199015 5.3299690556714259 575.62076208561848 2.9984153609548292 5.4216498588557434 20.881030210457538 15.517593155891516 2.3132654441287732 70.436268361917428 28.677474498653737
leaf_count=399925 2487 8550 6993 2127 6255 360 29962 80 194 373 427 40 1492 1478
internal_value=-1.32847e-10 0.00278695 0.000274155 0.0158926 -0.00115282 -0.0152455 0.00044744 0.0102188 0.032243 0.0449568 -0.00163062 0.0115185 0.0140147 -0.00193654
internal_weight=3252.74 1200.4 910.616 75.3844 835.232 84.3017 750.93 146.632 29.3011 23.8794 2052.35 88.2671 85.9539 604.298
internal_count=460743 58859 50309 4614 45695 7353 38342 6902 647 453 401884 1959 1919 31440
is_linear=0
shrinkage=0.05


Tree=187
num_leaves=15
num_cat=0
split_feature=6 11 2 1 7 0 7 0 7 0 0 0 9 0
split_gain=5.91467 6.2762 5.35189 7.9199 7.21125 8.10554 6.11194 6.43928 10.6015 7.75562 9.81178 9.52004 10.6348 13.1751
threshold=0.89587974548339855 0.52132681012153637 1.0000000180025095e-35 1.0000000180025095e-35 0.99886801838874828 7.0818057060241708 1.7959715723991396 5.478551149368287 0.02123688813298941 5.6681537628173837 6.1954121589660653 6.7661678791046151 3.5000000000000004 6.2015223503112802
decision_type=2 2 2 2 2 2 2 2 2 2 2 2 2 2
left_child=2 -2 3 6 -4 -6 7 8 -1 -9 -11 12 -12 -14
right_child=1 -3 4 -5 5 -7 -8 9 -10 10 11 -13 13 -15
leaf_value=-0.020939698989121187 0.022021536408151424 -0.024204990275898827 8.3227669981331859e-06 0.031777882831972325 0.012982964309851583 -0.0042789792460183251 -1.3869462591375789e-06 0.01353146363179916 -0.00306117664025044 -0.024498732699402365 0.01787357378012638 -0.0094432860685841995 0.024245746353310615 -0.071028021722084819
leaf_weight=151.54420905271002 50.766171313356608 7.7092485875818957 1247.4566046024945 15.848305799387161 245.32468754367073 93.372908430005737 906.89555917038274 68.031066415230498 182.55141356116167 52.226077674294629 82.917904048270884 129.43278198579355 5.8589938170348415 7.1152705723998224
leaf_count=152193 2521 397 78701 438 3617 2502 52406 14859 35036 14629 8817 92986 352 1289
internal_value=-4.49543e-10 0.0156226 -0.000291313 -0.00232862 0.00176706 0.00822557 -0.00268911 -0.00627008 -0.0112091 -0.00147668 -0.00519073 -0.000627025 0.0112476 -0.0293475
internal_weight=3247.05 58.4754 3188.58 1602.42 1586.15 338.698 1586.57 679.678 334.096 345.582 277.551 225.325 95.8922 12.9743
internal_count=460743 2918 457825 373005 84820 6119 372567 320161 187229 132932 118073 103444 10458 1641
is_linear=0
shrinkage=0.05


Tree=188
num_leaves=15
num_cat=0
split_feature=2 2 2 2 7 5 3 7 11 11 5 7 0 0
split_gain=5.77894 6.3944 6.00837 5.01462 4.49867 9.66039 8.74017 13.7152 11.8442 12.8411 16.2393 8.49203 7.4024 9.83979
threshold=3.9607677459716801 4.0342013835906991 4.2555875778198251 4.0689902305603036 4.9911012649536142 2.1383330821990971 0.19292871654033664 7.981997251510621 0.13853549957275393 0.075234875082969679 2.5249279737472539 6.9888041019439706 2.4414010047912602 2.6735538244247441
decision_type=2 2 2 2 2 2 2 2 2 2 2 2 2 2
left_child=4 -2 3 -3 -1 11 7 8 9 10 -7 -6 -9 -14
right_child=1 2 -4 -5 5 6 -8 12 -10 -11 -12 -13 13 -15
leaf_value=-0.0011960426277114388 0.055298440836564093 0.014115666392393901 0.013299465458594171 -0.059024450876580606 0.01117831771181392 -0.059497609655978848 0.0079167541660770408 0.037834356222377102 -0.048875588830466415 0.024631489991349405 0.011732929616501658 0.052011949403364191 -0.077171404408994199 0.0013453876953449001
leaf_weight=2622.4702535507081 7.091217929380945 3.4372922662150796 67.617697137410232 4.6987703236545713 109.09302385209321 16.686975746219108 192.01574949381938 12.458374314293904 28.022243963815527 17.826470949706163 14.102232389172057 13.594854808980015 3.1188357157298006 127.02618763063401
leaf_count=435420 71 37 2023 471 3872 1109 6362 252 2251 813 473 277 239 7073
internal_value=-1.617e-10 0.0129558 0.00832333 -0.0299616 -0.000344041 0.00383498 0.000149764 -0.00665777 -0.0235696 -0.00829204 -0.0275294 0.016087 0.00253182 -0.00111031
internal_weight=3239.26 82.845 75.7538 8.13606 3156.42 533.945 411.257 219.241 76.6379 48.6157 30.7892 122.688 142.603 130.145
internal_count=460743 2602 2531 508 458141 22721 18572 12210 4646 2395 1582 4149 7564 7312
is_linear=0
shrinkage=0.05


Tree=189
num_leaves=15
num_cat=0
split_feature=7 7 1 3 0 0 0 2 1 8 11 9 8 0
split_gain=5.86 10.1886 6.81623 6.31246 9.41636 9.63302 9.34287 5.83197 7.64414 7.38042 6.27478 12.4196 9.32271 5.7836
threshold=5.9774820804595956 6.0028202533721933 2.6020033359527592 0.3174684494733811 6.2015223503112802 6.1339788436889657 5.6577248573303232 1.0000000180025095e-35 1.0000000180025095e-35 0.32030881941318518 0.07595450803637506 3.5000000000000004 0.38238234817981726 6.0112643241882333
decision_type=2 2 2 2 2 2 2 2 2 2 2 2 2 2
left_child=2 -2 7 4 5 6 -3 8 9 -1 11 -11 -13 -9
right_child=1 3 -4 -5 -6 -7 -8 13 -10 10 -12 12 -14 -15
leaf_value=-0.0063869000546743233 0.036788498220603393 0.0032589852520631631 0.037891702173766001 0.013544045154004742 -0.023435144308328239 0.054610629060474369 -0.04483272786969502 0.0023275771329330499 0.030069085686910708 0.00028831740601529063 0.0054037309069591474 -0.0035820605890128868 -0.076760817218980329 -0.006709830433759602
leaf_weight=892.17083738221504 23.378096789849224 247.85741112161304 10.312180273443571 112.92533174248456 37.325227265606372 7.7687653382454291 9.5270116863175627 1305.7678396747133 15.764865175035082 61.69371946071999 290.77660654133393 7.5202039351243029 9.6758752659071074 203.79259888059505
leaf_count=300538 560 10050 411 3699 3664 68 872 69761 444 10339 42732 1729 1891 13985
internal_value=-1.53621e-10 0.00536544 -0.000843182 0.00351291 -0.00026434 0.00307318 0.00131226 -0.00100004 -0.00348485 -0.00392754 0.00200922 -0.0104135 -0.0467138 0.00110388
internal_weight=3236.26 438.782 2797.47 415.404 302.478 265.153 257.384 2787.16 1277.6 1261.84 369.666 78.8898 17.1961 1509.56
internal_count=460743 18913 441830 18353 14654 10990 10922 441419 357673 357229 56691 13959 3620 83746
is_linear=0
shrinkage=0.05


Tree=190
num_leaves=15
num_cat=0
split_feature=2 2 7 5 3 11 11 8 5 5 11 0 0 8
split_gain=5.61092 6.94144 5.04195 9.95699 7.32535 8.67019 6.87996 14.6267 9.43841 9.26097 7.39628 10.2467 12.7803 8.80086
threshold=3.9607677459716801 4.0342013835906991 1.9908543229103091 1.2424533367156985 0.11132640019059183 0.48847760260105139 0.15046828240156176 -0.0079083703458309156 2.8617925643920903 2.5249279737472539 0.046726370230317123 3.3842465877532963 4.6491756439208993 -0.28901502490043635
decision_type=2 2 2 2 2 2 2 2 2 2 2 2 2 2
left_child=2 -2 -1 -4 5 6 9 -8 -9 10 11 13 -13 -5
right_child=1 -3 3 4 -6 -7 7 8 -10 -11 -12 12 -14 -15
leaf_value=-0.0018366713116753171 0.05663158562959264 0.007937386667247753 0.025583674977800258 0.013367732710461364 0.004943652566572386 -0.020177946450977733 0.02471302697046859 -0.00054371743547113158 -0.054761868005102333 0.010314914577723539 -0.019390575919120637 0.036359837427376383 -0.022687734439198852 -0.033746038810020716
leaf_weight=2016.5240222807172 7.1876218391698776 74.598208938902189 43.244985261977035 14.805856307297288 620.71907390005754 64.689061872977391 68.44201446352281 66.337527691434161 8.135173577089061 68.187773147232747 110.56184811468734 28.076170266891495 12.575223260118944 26.511819605969322
leaf_count=403285 71 2531 1084 1033 22487 5688 3846 4008 929 3226 8530 1128 984 1913
internal_value=-2.56084e-10 0.0128492 -0.000337713 0.00233109 0.00138513 -0.00333186 -0.000588791 0.00819409 -0.00711346 -0.0054161 -0.011012 0.000386738 0.0179877 -0.0169463
internal_weight=3230.6 81.7858 3148.81 1132.29 1089.04 468.322 403.633 142.915 74.4727 260.719 192.531 81.9691 40.6514 41.3177
internal_count=460743 2602 458141 54856 53772 31285 25597 8783 4937 16814 13588 5058 2112 2946
is_linear=0
shrinkage=0.05


Tree=191
num_leaves=15
num_cat=0
split_feature=1 0 0 0 0 0 0 0 9 5 3 3 0 4
split_gain=6.91481 5.92188 13.8892 7.57444 9.49111 7.10663 38.7168 17.781 13.1718 13.0808 10.288 9.63873 8.71229 13.7292
threshold=3.2769666910171513 7.0818057060241708 7.7495844364166269 7.0051274299621591 6.7661678791046151 6.1954121589660653 6.0112643241882333 6.2015223503112802 4.5000000000000009 0.89587974548339855 0.23864005506038669 0.07126552984118463 5.478551149368287 2.8205767869949345
decision_type=2 2 2 2 2 2 2 2 2 2 2 2 2 2
left_child=1 3 -3 4 5 6 12 9 10 -7 -9 -8 -1 -14
right_child=-2 2 -4 -5 -6 7 11 8 -10 -11 -12 -13 13 -15
leaf_value=-0.00046820432546281003 0.047394080419500439 -0.033161600326304851 -0.0026316922001462365 0.044274910228023288 -0.058048492862790117 -0.010643993794402827 0.0054009565259586605 -0.019835323215742467 -0.048665128961815574 0.054792828415331424 0.012954080323247442 -0.059665831600861696 -0.011974492687477519 0.012120001404968321
leaf_weight=2174.7034590658313 6.6778289203484738 40.481234006683621 367.9345187240707 8.9398788176536055 5.8932507064091615 9.7054128004317572 6.6679572475418345 29.196885722637035 10.822328984424074 30.432266613757747 114.96126233005793 32.472842410759768 71.783548252309174 316.86152491298162
leaf_count=286456 268 57120 37924 9511 11427 894 1022 3691 1252 248 9293 4509 6332 30796
internal_value=-2.21421e-10 -0.000112942 -0.00573135 0.000704697 0.000550021 0.000694159 2.49343e-06 0.00987255 0.002102 0.0390959 0.00622222 -0.0487228 0.000765209 0.00765039
internal_weight=3227.53 3220.86 408.416 2812.44 2803.5 2797.61 2602.49 195.118 154.98 40.1377 144.158 39.1408 2563.35 388.645
internal_count=460743 460475 95044 365431 355920 344493 329115 15378 14236 1142 12984 5531 323584 37128
is_linear=0
shrinkage=0.05


Tree=192
num_leaves=15
num_cat=0
split_feature=6 2 8 7 7 11 4 11 7 2 7 0 8 0
split_gain=6.11935 4.82697 5.41111 4.7862 10.071 5.96471 14.0015 8.42457 8.72746 6.51564 7.2741 5.57381 5.54696 9.37223
threshold=0.89587974548339855 1.4978661537170412 -0.36975595355033869 0.99644413590431224 1.0116206407546999 0.69949960708618175 2.218003630638123 0.48341330885887152 1.7726472616195681 1.0000000180025095e-35 1.3293101787567141 4.0517470836639413 -0.10431505739688872 5.0466406345367441
decision_type=2 2 2 2 2 2 2 2 2 2 2 2 2 2
left_child=1 3 -3 -1 -5 7 -7 8 11 10 -9 -6 -12 -14
right_child=-2 2 -4 4 5 6 -8 9 -10 -11 12 -13 13 -15
leaf_value=-0.0040149603194172042 0.016190294041774075 -0.027943790705952626 0.0032347877290210348 0.021366153509516869 0.0030647531595186291 -0.017979455954431536 0.024354623120491716 0.025244430785473629 0.0018110350570639433 0.015897683406852547 0.0084848691933824567 -0.020275777423807772 -0.051164051706040964 -0.014067212212083605
leaf_weight=1044.8421763165006 56.32459876460689 13.141070890122135 905.26476894751477 54.737302012800228 37.379017482319227 27.007475569898133 64.383430720832621 7.3914797326081034 834.8540543296001 14.079378920239831 10.895070381482354 78.423759388593567 28.12236661646557 43.693150706670394
leaf_count=344726 2918 1125 39499 1887 4733 3394 2662 668 43920 282 1235 8100 2623 2971
internal_value=-1.35172e-10 -0.000293219 0.00275876 -0.00154197 0.000611076 -0.000397827 0.011785 -0.00146351 2.20718e-05 -0.0148908 -0.0198235 -0.0127801 -0.0241045 -0.0290972
internal_weight=3220.54 3164.21 918.406 2245.81 1200.97 1146.23 91.3909 1054.84 950.657 104.181 90.1021 115.803 82.7106 71.8155
internal_count=460743 457825 40624 417201 72475 70588 6056 64532 56753 7779 7497 12833 6829 5594
is_linear=0
shrinkage=0.05


Tree=193
num_leaves=15
num_cat=0
split_feature=6 11 1 11 5 7 5 9 8 11 11 11 11 11
split_gain=5.58577 4.54209 4.31663 4.26495 5.64029 4.24905 10.4736 8.02064 6.32211 10.8159 15.564 27.1284 7.01599 7.45475
threshold=0.89587974548339855 0.52132681012153637 3.2769666910171513 0.036933667957782752 1.4978661537170412 2.9895648956298833 1.7005987167358401 2.5000000000000004 0.02131481654942036 0.45078338682651525 0.16854280978441241 0.097147613763809218 0.032453946769237525 0.03496679104864598
decision_type=2 2 2 2 2 2 2 2 2 2 2 2 2 2
left_child=2 3 5 4 -2 -1 7 -7 9 10 11 -8 -10 -14
right_child=1 -3 -4 -5 -6 6 8 -9 12 -11 -12 -13 13 -15
leaf_value=-0.0014731215442164555 0.050599184379739863 -0.019544686563976645 0.041699965476755287 0.029924854432886179 -0.019971475393277292 0.03179527202027873 -0.0022774799356973549 0.005964878573410777 0.028442582407141894 -0.046526652092494368 0.018863230176797884 -0.067473752209895724 -0.056513660718361218 0.0022205681887744722
leaf_weight=2306.350618998883 2.7484005173901087 7.2073032278894962 5.1119153087365694 35.267306661334715 10.599913229198135 47.778654923613431 79.815227219578446 79.857208585273384 24.56702739627508 15.642852453850535 48.893852716687434 18.966229667021253 4.4590080239267982 527.58934403766898
leaf_count=419645 46 397 88 2208 267 1873 5058 2781 551 1840 2409 1850 316 21414
internal_value=2.59515e-11 0.0155374 -0.000279391 0.0210275 -0.00292727 -0.000360627 0.00266479 0.0158061 0.00031629 -0.00830358 -0.003969 -0.0153461 0.00285583 0.00162323
internal_weight=3214.85 55.8229 3159.03 48.6156 13.3483 3153.92 847.569 127.636 719.934 163.318 147.675 98.7815 556.615 532.048
internal_count=460743 2918 457825 2521 313 457737 38092 4654 33438 11157 9317 6908 22281 21730
is_linear=0
shrinkage=0.05


Tree=194
num_leaves=15
num_cat=0
split_feature=2 4 3 7 11 8 9 0 0 0 0 0 5 9
split_gain=5.35137 5.84374 9.55398 10.2102 7.85053 6.29787 7.54923 7.79985 8.58118 6.68156 5.93905 5.66545 8.135 6.36511
threshold=2.0126758217811589 6.1040666103363046 0.38773271441459661 0.12759146839380267 0.6468682885169984 -0.23178074508905408 2.5000000000000004 4.1971738338470468 2.8029010295867924 5.0139575004577646 5.3913497924804696 4.6298508644104013 2.8617925643920903 2.5000000000000004
decision_type=2 2 2 2 2 2 2 2 2 2 2 2 2 2
left_child=-1 2 5 -4 11 -2 7 8 -7 -8 -6 12 13 -3
right_child=1 4 3 -5 10 6 9 -9 -10 -11 -12 -13 -14 -15
leaf_value=-0.0010488532411784329 -0.020892295019749284 0.0088909524978312855 -0.04320460341126045 0.019613844837924135 -0.044091778559382733 0.026455782648142315 0.015647827939714556 -0.002581426736704705 -0.072227270943232072 -0.0024394796932857453 0.0032699788626027316 0.0052020128181090829 -0.051977195483435878 0.031735332944065942
leaf_weight=2537.8160537671424 26.304488125238095 59.184116182099388 23.086713416465503 8.1735939186764863 10.835452851628363 2.3433012615605531 128.7428440852218 42.911279888713125 7.93450323901925 83.795979143852037 14.730224499657195 193.46431304969337 3.0156767988810307 64.332279038215347
leaf_count=431221 2559 1496 1174 71 281 125 6626 3792 1441 4524 488 5561 60 1324
internal_value=-8.23737e-11 0.00397526 -0.000857448 -0.0266807 0.00848595 0.00198839 0.00432319 -0.0123682 -0.0493771 0.00853866 -0.0177074 0.0106273 0.0188165 0.0209485
internal_weight=3206.67 668.855 323.293 31.2603 345.562 292.032 265.728 53.1891 10.2778 212.539 25.5657 319.996 126.532 123.516
internal_count=460743 29522 20312 1245 9210 19067 16508 5358 1566 11150 769 8441 2880 2820
is_linear=0
shrinkage=0.05


Tree=195
num_leaves=15
num_cat=0
split_feature=6 1 8 0 11 5 3 4 9 4 2 8 7 11
split_gain=5.23223 4.35234 4.14797 10.8816 8.63511 8.14831 7.15439 7.08489 10.2058 11.5393 8.04839 7.75207 6.66403 7.24993
threshold=1.0000000180025095e-35 1.0000000180025095e-35 -0.056599371135234826 4.135134458541871 0.058684360235929496 1.8688347935676577 0.1740173473954201 5.1169738769531259 2.5000000000000004 5.6175529956817636 2.6020033359527592 -0.19831867516040799 0.3217682838439942 0.034280778840184219
decision_type=2 2 2 2 2 2 2 2 2 2 2 2 2 2
left_child=1 2 3 7 -5 6 -6 -1 9 11 12 -9 13 -11
right_child=-2 -3 -4 4 5 -7 -8 8 -10 10 -12 -13 -14 -15
leaf_value=-0.0047178506269002244 0.011789448130897951 0.0078922423947521969 0.00019324819333639226 0.0050524154719436259 -0.0014757889113011903 -0.078672630143988828 -0.035655229768116851 -0.028127274039151315 0.023807932305639625 0.00016201557343607079 0.015164947091567569 0.051744919153405768 0.024061027985173802 -0.053997743213479825
leaf_weight=404.34613161314292 90.42515540008344 151.46426876854275 2340.1125921121138 25.384666987191565 24.99137567019875 6.4924845227437791 38.891308888997685 3.3478481624010774 58.605731667158125 8.6510770171066742 13.047719861449876 11.029139626149115 4.2631233641550343 20.571782637012348
leaf_count=62316 4585 3626 357340 4365 9764 1183 6644 845 4510 907 258 1508 83 2809
internal_value=-8.23885e-11 -0.000346331 -0.000770463 -0.00440454 -0.0198103 -0.0287235 -0.0225128 -0.00155605 0.00909128 -0.00522432 -0.0173265 0.0325261 -0.0300594 -0.0384895
internal_weight=3201.62 3111.2 2959.73 619.622 95.7598 70.3752 63.8827 523.863 119.516 60.9107 46.5337 14.377 33.486 29.2229
internal_count=460743 456158 452532 95192 21956 17591 16408 73236 10920 6410 4057 2353 3799 3716
is_linear=0
shrinkage=0.05


Tree=196
num_leaves=15
num_cat=0
split_feature=7 7 3 8 0 8 2 5 3 1 8 4 8 7
split_gain=5.30481 9.27889 7.18184 6.56883 6.33395 10.9827 6.23436 9.02962 10.2882 8.53742 6.77739 11.1222 8.93314 14.4061
threshold=2.9895648956298833 3.0024330615997319 0.31656678020954138 0.29775708913803106 5.6646935939788827 0.24197059869766238 1.0000000180025095e-35 2.1383330821990971 0.066595405340194716 1.0000000180025095e-35 0.25535313785076147 0.4670827984809876 0.56610307097435009 2.4390922784805302
decision_type=2 2 2 2 2 2 2 2 2 2 2 2 2 2
left_child=6 3 4 -2 -3 -6 7 9 -9 10 -1 -12 13 -13
right_child=1 2 -4 -5 5 -7 -8 8 -10 -11 11 12 -14 -15
leaf_value=-0.010396309204293911 0.03488632168409863 0.0021190436130491025 0.010457805457345698 -0.028102483636890233 -0.041869424497839709 -0.0035085175658738422 0.0008236298056889526 -0.020688926246401992 0.022394436277802146 0.029904416914716077 0.041813088674814536 0.0029788886788224968 -0.021359940084060055 -0.062052132383761373
leaf_weight=490.29548023423638 32.834255139977358 514.25595957636187 200.2279264022236 3.9593413651527944 21.667363314272734 106.79761527353321 1412.9938209607665 17.376311968040909 56.657749584394878 15.290358510290387 13.434509240622786 252.52174646788853 54.104219638422137 7.8123648710279658
leaf_count=244253 835 22878 6325 227 4659 5498 82221 3242 2534 444 2835 81380 2336 1076
internal_value=-1.16232e-10 0.00330398 0.00221456 0.0275439 -0.000365732 -0.010252 -0.00125349 -0.00448497 0.0121415 -0.00597464 -0.00668085 -0.00111011 -0.00307076 0.000797397
internal_weight=3200.23 879.742 842.949 36.7936 642.721 128.465 2320.49 907.493 74.0341 833.459 818.168 327.873 314.438 260.334
internal_count=460743 40422 39360 1062 33035 10157 420321 338100 5776 332324 331880 87627 84792 82456
is_linear=0
shrinkage=0.05


Tree=197
num_leaves=15
num_cat=0
split_feature=6 1 3 2 7 4 0 5 7 7 5 0 8 0
split_gain=5.02777 4.01008 4.0045 3.56436 5.42537 12.0576 10.6597 13.9834 7.81666 8.53154 6.45575 6.35691 5.64785 4.94449
threshold=1.0000000180025095e-35 1.0000000180025095e-35 0.26348154246807104 1.0000000180025095e-35 0.57019612193107616 3.3038746118545537 5.478551149368287 0.89587974548339855 0.65256541967391979 0.76314127445220958 0.89587974548339855 4.7405652999877939 -0.53616586327552784 4.4005842208862314
decision_type=2 2 2 2 2 2 2 2 2 2 2 2 2 2
left_child=1 3 -3 4 5 -1 7 -7 10 -10 -6 -9 -11 -14
right_child=-2 2 -4 -5 8 6 -8 11 9 12 -12 -13 13 -15
leaf_value=-0.026276252337389217 0.011596804027120357 0.021601029949157673 0.0028496186787559659 0.001067240513499606 -0.026431377447690176 -0.018042039765939332 0.0038741288414913689 0.060358921418323698 -0.03686379435958631 -0.055321467802877333 0.043738456642298695 -0.019692397976772455 0.0035856215939165936 -0.0032537409599193395
leaf_weight=68.482628160971103 89.808332225377399 37.192061825597193 113.43179362527962 1413.593588207025 3.3742963583215468 137.18182865610919 205.89122346068933 7.8393919198679196 15.466958657216308 3.6951315425453677 15.500024843582876 2.8843292910867149 456.7472596187265 624.19262799763624
leaf_count=84314 4585 721 2905 80622 827 136931 66125 605 3885 1211 1687 618 30432 45275
internal_value=-6.13357e-11 -0.000338997 0.00759165 -0.000745695 -0.00240808 -0.00722988 -0.0034795 -0.0136733 -0.000583598 -0.00114402 0.030495 0.0389846 -0.000601167 -0.00036315
internal_weight=3195.28 3105.47 150.624 2954.85 1541.26 422.279 353.797 147.906 1118.98 1100.1 18.8743 10.7237 1084.64 1080.94
internal_count=460743 456158 3626 452532 371910 288593 204279 138154 83317 80803 2514 1223 76918 75707
is_linear=0
shrinkage=0.05


Tree=198
num_leaves=15
num_cat=0
split_feature=5 0 0 9 4 7 11 5 9 2 10 2 10 0
split_gain=5.03562 4.64614 10.6979 13.5497 12.6126 9.82201 9.82045 8.50598 8.09174 7.6526 7.06015 6.95935 6.93751 6.91101
threshold=3.6242519617080693 6.7661678791046151 9.3328065872192401 3.5000000000000004 8.1031985282897967 0.004247381119057537 0.88102364540100109 1.8688347935676577 4.5000000000000009 1.2424533367156985 30.500000000000004 2.1383330821990971 24.500000000000004 7.4156970977783212
decision_type=2 2 2 2 2 2 2 2 2 2 2 2 2 2
left_child=1 -1 4 5 6 -4 8 9 -3 -7 -9 12 -5 -8
right_child=-2 2 3 11 -6 7 13 10 -10 -11 -12 -13 -14 -15
leaf_value=0.00055089009946549731 0.02090991232381716 -0.025609032215092638 0.032546372557003614 0.02716320937948177 -0.064993225624602427 -0.018575195740155724 -0.041842950136350449 0.037589032572497641 0.0076345704120828056 0.015874848933087264 0.0045775591263765118 0.022160541807689865 -0.03473847563307797 0.059398972483917192
leaf_weight=2751.9018002142702 27.535568020836763 67.683231184497259 27.492568615154596 4.2911511157371924 11.855085506023668 67.772274088937138 1.4041669872443652 18.142873804303235 24.42814626051927 20.214686796873139 107.87197741165892 6.9745154912961871 44.429030000891089 6.420263725289459
leaf_count=343734 1693 90056 1305 67 1178 2243 2231 360 10886 417 2655 87 2003 1828
internal_value=-4.98579e-11 -0.000188709 -0.00515445 -0.000178108 -0.0182649 0.00496746 -0.0121327 0.00128953 -0.0168054 -0.010571 0.00958888 -0.0221836 -0.0288497 0.0385474
internal_weight=3188.42 3160.88 408.98 297.189 111.791 241.494 99.9358 214.002 92.1114 87.987 126.015 55.6947 48.7202 7.82443
internal_count=460743 459050 115316 9137 106179 6980 105001 5675 100942 2660 3015 2157 2070 4059
is_linear=0
shrinkage=0.05


end of trees

feature_importances:
log_global_frequency=516
log_last_word_frequency=402
recent_history_weight=395
log_history_word_frequency=262
context_word_cosine=245
neural_next_word_logit=204
history_context_cosine=196
log_prefix_frequency=172
log_history_prefix_frequency=172
global_recency=129
prefix_length=54
history_size=39

parameters:
[boosting: gbdt]
[objective: lambdarank]
[metric: ndcg]
[tree_learner: serial]
[device_type: cpu]
[data_sample_strategy: bagging]
[data: ]
[valid: ]
[num_iterations: 200]
[learning_rate: 0.05]
[num_leaves: 15]
[num_threads: 1]
[seed: 42]
[deterministic: 1]
[force_col_wise: 1]
[force_row_wise: 0]
[histogram_pool_size: -1]
[max_depth: -1]
[min_data_in_leaf: 40]
[min_sum_hessian_in_leaf: 0.001]
[bagging_fraction: 1]
[pos_bagging_fraction: 1]
[neg_bagging_fraction: 1]
[bagging_freq: 0]
[bagging_seed: 400]
[bagging_by_query: 0]
[feature_fraction: 1]
[feature_fraction_bynode: 1]
[feature_fraction_seed: 30056]
[extra_trees: 0]
[extra_seed: 12879]
[early_stopping_round: 0]
[early_stopping_min_delta: 0]
[first_metric_only: 0]
[max_delta_step: 0]
[lambda_l1: 0]
[lambda_l2: 1]
[linear_lambda: 0]
[min_gain_to_split: 0]
[drop_rate: 0.1]
[max_drop: 50]
[skip_drop: 0.5]
[xgboost_dart_mode: 0]
[uniform_drop: 0]
[drop_seed: 17869]
[top_rate: 0.2]
[other_rate: 0.1]
[min_data_per_group: 100]
[max_cat_threshold: 32]
[cat_l2: 10]
[cat_smooth: 10]
[max_cat_to_onehot: 4]
[top_k: 20]
[monotone_constraints: ]
[monotone_constraints_method: basic]
[monotone_penalty: 0]
[feature_contri: ]
[forcedsplits_filename: ]
[refit_decay_rate: 0.9]
[cegb_tradeoff: 1]
[cegb_penalty_split: 0]
[cegb_penalty_feature_lazy: ]
[cegb_penalty_feature_coupled: ]
[path_smooth: 0]
[interaction_constraints: ]
[verbosity: -1]
[saved_feature_importance_type: 0]
[use_quantized_grad: 0]
[num_grad_quant_bins: 4]
[quant_train_renew_leaf: 0]
[stochastic_rounding: 1]
[linear_tree: 0]
[max_bin: 255]
[max_bin_by_feature: ]
[min_data_in_bin: 3]
[bin_construct_sample_cnt: 200000]
[data_random_seed: 175]
[is_enable_sparse: 1]
[enable_bundle: 1]
[use_missing: 1]
[zero_as_missing: 0]
[feature_pre_filter: 1]
[pre_partition: 0]
[two_round: 0]
[header: 0]
[label_column: ]
[weight_column: ]
[group_column: ]
[ignore_column: ]
[categorical_feature: ]
[forcedbins_filename: ]
[precise_float_parser: 0]
[parser_config_file: ]
[objective_seed: 16083]
[num_class: 1]
[is_unbalance: 0]
[scale_pos_weight: 1]
[sigmoid: 1]
[boost_from_average: 1]
[reg_sqrt: 0]
[alpha: 0.9]
[fair_c: 1]
[poisson_max_delta_step: 0.7]
[tweedie_variance_power: 1.5]
[lambdarank_truncation_level: 30]
[lambdarank_norm: 1]
[label_gain: ]
[lambdarank_position_bias_regularization: 0]
[eval_at: 5]
[multi_error_top_k: 1]
[auc_mu_weights: ]
[num_machines: 1]
[local_listen_port: 12400]
[time_out: 120]
[machine_list_filename: ]
[machines: ]
[gpu_platform_id: -1]
[gpu_device_id: -1]
[gpu_device_id_list: ]
[gpu_use_dp: 0]
[num_gpu: 1]

end of parameters

pandas_categorical:null
